date_key,full_date,year,quarter,month_num,month_name,day_of_month,day_of_week,day_name,is_weekend,week_of_year
20150101,2015-01-01,2015,1,1,January,1,4,Thursday,false,1
20150102,2015-01-02,2015,1,1,January,2,5,Friday,false,1
20150103,2015-01-03,2015,1,1,January,3,6,Saturday,true,1
20150104,2015-01-04,2015,1,1,January,4,7,Sunday,true,1
20150105,2015-01-05,2015,1,1,January,5,1,Monday,false,2
20150106,2015-01-06,2015,1,1,January,6,2,Tuesday,false,2
20150107,2015-01-07,2015,1,1,January,7,3,Wednesday,false,2
20150108,2015-01-08,2015,1,1,January,8,4,Thursday,false,2
20150109,2015-01-09,2015,1,1,January,9,5,Friday,false,2
20150110,2015-01-10,2015,1,1,January,10,6,Saturday,true,2
20150111,2015-01-11,2015,1,1,January,11,7,Sunday,true,2
20150112,2015-01-12,2015,1,1,January,12,1,Monday,false,3
20150113,2015-01-13,2015,1,1,January,13,2,Tuesday,false,3
20150114,2015-01-14,2015,1,1,January,14,3,Wednesday,false,3
20150115,2015-01-15,2015,1,1,January,15,4,Thursday,false,3
20150116,2015-01-16,2015,1,1,January,16,5,Friday,false,3
20150117,2015-01-17,2015,1,1,January,17,6,Saturday,true,3
20150118,2015-01-18,2015,1,1,January,18,7,Sunday,true,3
20150119,2015-01-19,2015,1,1,January,19,1,Monday,false,4
20150120,2015-01-20,2015,1,1,January,20,2,Tuesday,false,4
20150121,2015-01-21,2015,1,1,January,21,3,Wednesday,false,4
20150122,2015-01-22,2015,1,1,January,22,4,Thursday,false,4
20150123,2015-01-23,2015,1,1,January,23,5,Friday,false,4
20150124,2015-01-24,2015,1,1,January,24,6,Saturday,true,4
20150125,2015-01-25,2015,1,1,January,25,7,Sunday,true,4
20150126,2015-01-26,2015,1,1,January,26,1,Monday,false,5
20150127,2015-01-27,2015,1,1,January,27,2,Tuesday,false,5
20150128,2015-01-28,2015,1,1,January,28,3,Wednesday,false,5
20150129,2015-01-29,2015,1,1,January,29,4,Thursday,false,5
20150130,2015-01-30,2015,1,1,January,30,5,Friday,false,5
20150131,2015-01-31,2015,1,1,January,31,6,Saturday,true,5
20150201,2015-02-01,2015,1,2,February,1,7,Sunday,true,5
20150202,2015-02-02,2015,1,2,February,2,1,Monday,false,6
20150203,2015-02-03,2015,1,2,February,3,2,Tuesday,false,6
20150204,2015-02-04,2015,1,2,February,4,3,Wednesday,false,6
20150205,2015-02-05,2015,1,2,February,5,4,Thursday,false,6
20150206,2015-02-06,2015,1,2,February,6,5,Friday,false,6
20150207,2015-02-07,2015,1,2,February,7,6,Saturday,true,6
20150208,2015-02-08,2015,1,2,February,8,7,Sunday,true,6
20150209,2015-02-09,2015,1,2,February,9,1,Monday,false,7
20150210,2015-02-10,2015,1,2,February,10,2,Tuesday,false,7
20150211,2015-02-11,2015,1,2,February,11,3,Wednesday,false,7
20150212,2015-02-12,2015,1,2,February,12,4,Thursday,false,7
20150213,2015-02-13,2015,1,2,February,13,5,Friday,false,7
20150214,2015-02-14,2015,1,2,February,14,6,Saturday,true,7
20150215,2015-02-15,2015,1,2,February,15,7,Sunday,true,7
20150216,2015-02-16,2015,1,2,February,16,1,Monday,false,8
20150217,2015-02-17,2015,1,2,February,17,2,Tuesday,false,8
20150218,2015-02-18,2015,1,2,February,18,3,Wednesday,false,8
20150219,2015-02-19,2015,1,2,February,19,4,Thursday,false,8
20150220,2015-02-20,2015,1,2,February,20,5,Friday,false,8
20150221,2015-02-21,2015,1,2,February,21,6,Saturday,true,8
20150222,2015-02-22,2015,1,2,February,22,7,Sunday,true,8
20150223,2015-02-23,2015,1,2,February,23,1,Monday,false,9
20150224,2015-02-24,2015,1,2,February,24,2,Tuesday,false,9
20150225,2015-02-25,2015,1,2,February,25,3,Wednesday,false,9
20150226,2015-02-26,2015,1,2,February,26,4,Thursday,false,9
20150227,2015-02-27,2015,1,2,February,27,5,Friday,false,9
20150228,2015-02-28,2015,1,2,February,28,6,Saturday,true,9
20150301,2015-03-01,2015,1,3,March,1,7,Sunday,true,9
20150302,2015-03-02,2015,1,3,March,2,1,Monday,false,10
20150303,2015-03-03,2015,1,3,March,3,2,Tuesday,false,10
20150304,2015-03-04,2015,1,3,March,4,3,Wednesday,false,10
20150305,2015-03-05,2015,1,3,March,5,4,Thursday,false,10
20150306,2015-03-06,2015,1,3,March,6,5,Friday,false,10
20150307,2015-03-07,2015,1,3,March,7,6,Saturday,true,10
20150308,2015-03-08,2015,1,3,March,8,7,Sunday,true,10
20150309,2015-03-09,2015,1,3,March,9,1,Monday,false,11
20150310,2015-03-10,2015,1,3,March,10,2,Tuesday,false,11
20150311,2015-03-11,2015,1,3,March,11,3,Wednesday,false,11
20150312,2015-03-12,2015,1,3,March,12,4,Thursday,false,11
20150313,2015-03-13,2015,1,3,March,13,5,Friday,false,11
20150314,2015-03-14,2015,1,3,March,14,6,Saturday,true,11
20150315,2015-03-15,2015,1,3,March,15,7,Sunday,true,11
20150316,2015-03-16,2015,1,3,March,16,1,Monday,false,12
20150317,2015-03-17,2015,1,3,March,17,2,Tuesday,false,12
20150318,2015-03-18,2015,1,3,March,18,3,Wednesday,false,12
20150319,2015-03-19,2015,1,3,March,19,4,Thursday,false,12
20150320,2015-03-20,2015,1,3,March,20,5,Friday,false,12
20150321,2015-03-21,2015,1,3,March,21,6,Saturday,true,12
20150322,2015-03-22,2015,1,3,March,22,7,Sunday,true,12
20150323,2015-03-23,2015,1,3,March,23,1,Monday,false,13
20150324,2015-03-24,2015,1,3,March,24,2,Tuesday,false,13
20150325,2015-03-25,2015,1,3,March,25,3,Wednesday,false,13
20150326,2015-03-26,2015,1,3,March,26,4,Thursday,false,13
20150327,2015-03-27,2015,1,3,March,27,5,Friday,false,13
20150328,2015-03-28,2015,1,3,March,28,6,Saturday,true,13
20150329,2015-03-29,2015,1,3,March,29,7,Sunday,true,13
20150330,2015-03-30,2015,1,3,March,30,1,Monday,false,14
20150331,2015-03-31,2015,1,3,March,31,2,Tuesday,false,14
20150401,2015-04-01,2015,2,4,April,1,3,Wednesday,false,14
20150402,2015-04-02,2015,2,4,April,2,4,Thursday,false,14
20150403,2015-04-03,2015,2,4,April,3,5,Friday,false,14
20150404,2015-04-04,2015,2,4,April,4,6,Saturday,true,14
20150405,2015-04-05,2015,2,4,April,5,7,Sunday,true,14
20150406,2015-04-06,2015,2,4,April,6,1,Monday,false,15
20150407,2015-04-07,2015,2,4,April,7,2,Tuesday,false,15
20150408,2015-04-08,2015,2,4,April,8,3,Wednesday,false,15
20150409,2015-04-09,2015,2,4,April,9,4,Thursday,false,15
20150410,2015-04-10,2015,2,4,April,10,5,Friday,false,15
20150411,2015-04-11,2015,2,4,April,11,6,Saturday,true,15
20150412,2015-04-12,2015,2,4,April,12,7,Sunday,true,15
20150413,2015-04-13,2015,2,4,April,13,1,Monday,false,16
20150414,2015-04-14,2015,2,4,April,14,2,Tuesday,false,16
20150415,2015-04-15,2015,2,4,April,15,3,Wednesday,false,16
20150416,2015-04-16,2015,2,4,April,16,4,Thursday,false,16
20150417,2015-04-17,2015,2,4,April,17,5,Friday,false,16
20150418,2015-04-18,2015,2,4,April,18,6,Saturday,true,16
20150419,2015-04-19,2015,2,4,April,19,7,Sunday,true,16
20150420,2015-04-20,2015,2,4,April,20,1,Monday,false,17
20150421,2015-04-21,2015,2,4,April,21,2,Tuesday,false,17
20150422,2015-04-22,2015,2,4,April,22,3,Wednesday,false,17
20150423,2015-04-23,2015,2,4,April,23,4,Thursday,false,17
20150424,2015-04-24,2015,2,4,April,24,5,Friday,false,17
20150425,2015-04-25,2015,2,4,April,25,6,Saturday,true,17
20150426,2015-04-26,2015,2,4,April,26,7,Sunday,true,17
20150427,2015-04-27,2015,2,4,April,27,1,Monday,false,18
20150428,2015-04-28,2015,2,4,April,28,2,Tuesday,false,18
20150429,2015-04-29,2015,2,4,April,29,3,Wednesday,false,18
20150430,2015-04-30,2015,2,4,April,30,4,Thursday,false,18
20150501,2015-05-01,2015,2,5,May,1,5,Friday,false,18
20150502,2015-05-02,2015,2,5,May,2,6,Saturday,true,18
20150503,2015-05-03,2015,2,5,May,3,7,Sunday,true,18
20150504,2015-05-04,2015,2,5,May,4,1,Monday,false,19
20150505,2015-05-05,2015,2,5,May,5,2,Tuesday,false,19
20150506,2015-05-06,2015,2,5,May,6,3,Wednesday,false,19
20150507,2015-05-07,2015,2,5,May,7,4,Thursday,false,19
20150508,2015-05-08,2015,2,5,May,8,5,Friday,false,19
20150509,2015-05-09,2015,2,5,May,9,6,Saturday,true,19
20150510,2015-05-10,2015,2,5,May,10,7,Sunday,true,19
20150511,2015-05-11,2015,2,5,May,11,1,Monday,false,20
20150512,2015-05-12,2015,2,5,May,12,2,Tuesday,false,20
20150513,2015-05-13,2015,2,5,May,13,3,Wednesday,false,20
20150514,2015-05-14,2015,2,5,May,14,4,Thursday,false,20
20150515,2015-05-15,2015,2,5,May,15,5,Friday,false,20
20150516,2015-05-16,2015,2,5,May,16,6,Saturday,true,20
20150517,2015-05-17,2015,2,5,May,17,7,Sunday,true,20
20150518,2015-05-18,2015,2,5,May,18,1,Monday,false,21
20150519,2015-05-19,2015,2,5,May,19,2,Tuesday,false,21
20150520,2015-05-20,2015,2,5,May,20,3,Wednesday,false,21
20150521,2015-05-21,2015,2,5,May,21,4,Thursday,false,21
20150522,2015-05-22,2015,2,5,May,22,5,Friday,false,21
20150523,2015-05-23,2015,2,5,May,23,6,Saturday,true,21
20150524,2015-05-24,2015,2,5,May,24,7,Sunday,true,21
20150525,2015-05-25,2015,2,5,May,25,1,Monday,false,22
20150526,2015-05-26,2015,2,5,May,26,2,Tuesday,false,22
20150527,2015-05-27,2015,2,5,May,27,3,Wednesday,false,22
20150528,2015-05-28,2015,2,5,May,28,4,Thursday,false,22
20150529,2015-05-29,2015,2,5,May,29,5,Friday,false,22
20150530,2015-05-30,2015,2,5,May,30,6,Saturday,true,22
20150531,2015-05-31,2015,2,5,May,31,7,Sunday,true,22
20150601,2015-06-01,2015,2,6,June,1,1,Monday,false,23
20150602,2015-06-02,2015,2,6,June,2,2,Tuesday,false,23
20150603,2015-06-03,2015,2,6,June,3,3,Wednesday,false,23
20150604,2015-06-04,2015,2,6,June,4,4,Thursday,false,23
20150605,2015-06-05,2015,2,6,June,5,5,Friday,false,23
20150606,2015-06-06,2015,2,6,June,6,6,Saturday,true,23
20150607,2015-06-07,2015,2,6,June,7,7,Sunday,true,23
20150608,2015-06-08,2015,2,6,June,8,1,Monday,false,24
20150609,2015-06-09,2015,2,6,June,9,2,Tuesday,false,24
20150610,2015-06-10,2015,2,6,June,10,3,Wednesday,false,24
20150611,2015-06-11,2015,2,6,June,11,4,Thursday,false,24
20150612,2015-06-12,2015,2,6,June,12,5,Friday,false,24
20150613,2015-06-13,2015,2,6,June,13,6,Saturday,true,24
20150614,2015-06-14,2015,2,6,June,14,7,Sunday,true,24
20150615,2015-06-15,2015,2,6,June,15,1,Monday,false,25
20150616,2015-06-16,2015,2,6,June,16,2,Tuesday,false,25
20150617,2015-06-17,2015,2,6,June,17,3,Wednesday,false,25
20150618,2015-06-18,2015,2,6,June,18,4,Thursday,false,25
20150619,2015-06-19,2015,2,6,June,19,5,Friday,false,25
20150620,2015-06-20,2015,2,6,June,20,6,Saturday,true,25
20150621,2015-06-21,2015,2,6,June,21,7,Sunday,true,25
20150622,2015-06-22,2015,2,6,June,22,1,Monday,false,26
20150623,2015-06-23,2015,2,6,June,23,2,Tuesday,false,26
20150624,2015-06-24,2015,2,6,June,24,3,Wednesday,false,26
20150625,2015-06-25,2015,2,6,June,25,4,Thursday,false,26
20150626,2015-06-26,2015,2,6,June,26,5,Friday,false,26
20150627,2015-06-27,2015,2,6,June,27,6,Saturday,true,26
20150628,2015-06-28,2015,2,6,June,28,7,Sunday,true,26
20150629,2015-06-29,2015,2,6,June,29,1,Monday,false,27
20150630,2015-06-30,2015,2,6,June,30,2,Tuesday,false,27
20150701,2015-07-01,2015,3,7,July,1,3,Wednesday,false,27
20150702,2015-07-02,2015,3,7,July,2,4,Thursday,false,27
20150703,2015-07-03,2015,3,7,July,3,5,Friday,false,27
20150704,2015-07-04,2015,3,7,July,4,6,Saturday,true,27
20150705,2015-07-05,2015,3,7,July,5,7,Sunday,true,27
20150706,2015-07-06,2015,3,7,July,6,1,Monday,false,28
20150707,2015-07-07,2015,3,7,July,7,2,Tuesday,false,28
20150708,2015-07-08,2015,3,7,July,8,3,Wednesday,false,28
20150709,2015-07-09,2015,3,7,July,9,4,Thursday,false,28
20150710,2015-07-10,2015,3,7,July,10,5,Friday,false,28
20150711,2015-07-11,2015,3,7,July,11,6,Saturday,true,28
20150712,2015-07-12,2015,3,7,July,12,7,Sunday,true,28
20150713,2015-07-13,2015,3,7,July,13,1,Monday,false,29
20150714,2015-07-14,2015,3,7,July,14,2,Tuesday,false,29
20150715,2015-07-15,2015,3,7,July,15,3,Wednesday,false,29
20150716,2015-07-16,2015,3,7,July,16,4,Thursday,false,29
20150717,2015-07-17,2015,3,7,July,17,5,Friday,false,29
20150718,2015-07-18,2015,3,7,July,18,6,Saturday,true,29
20150719,2015-07-19,2015,3,7,July,19,7,Sunday,true,29
20150720,2015-07-20,2015,3,7,July,20,1,Monday,false,30
20150721,2015-07-21,2015,3,7,July,21,2,Tuesday,false,30
20150722,2015-07-22,2015,3,7,July,22,3,Wednesday,false,30
20150723,2015-07-23,2015,3,7,July,23,4,Thursday,false,30
20150724,2015-07-24,2015,3,7,July,24,5,Friday,false,30
20150725,2015-07-25,2015,3,7,July,25,6,Saturday,true,30
20150726,2015-07-26,2015,3,7,July,26,7,Sunday,true,30
20150727,2015-07-27,2015,3,7,July,27,1,Monday,false,31
20150728,2015-07-28,2015,3,7,July,28,2,Tuesday,false,31
20150729,2015-07-29,2015,3,7,July,29,3,Wednesday,false,31
20150730,2015-07-30,2015,3,7,July,30,4,Thursday,false,31
20150731,2015-07-31,2015,3,7,July,31,5,Friday,false,31
20150801,2015-08-01,2015,3,8,August,1,6,Saturday,true,31
20150802,2015-08-02,2015,3,8,August,2,7,Sunday,true,31
20150803,2015-08-03,2015,3,8,August,3,1,Monday,false,32
20150804,2015-08-04,2015,3,8,August,4,2,Tuesday,false,32
20150805,2015-08-05,2015,3,8,August,5,3,Wednesday,false,32
20150806,2015-08-06,2015,3,8,August,6,4,Thursday,false,32
20150807,2015-08-07,2015,3,8,August,7,5,Friday,false,32
20150808,2015-08-08,2015,3,8,August,8,6,Saturday,true,32
20150809,2015-08-09,2015,3,8,August,9,7,Sunday,true,32
20150810,2015-08-10,2015,3,8,August,10,1,Monday,false,33
20150811,2015-08-11,2015,3,8,August,11,2,Tuesday,false,33
20150812,2015-08-12,2015,3,8,August,12,3,Wednesday,false,33
20150813,2015-08-13,2015,3,8,August,13,4,Thursday,false,33
20150814,2015-08-14,2015,3,8,August,14,5,Friday,false,33
20150815,2015-08-15,2015,3,8,August,15,6,Saturday,true,33
20150816,2015-08-16,2015,3,8,August,16,7,Sunday,true,33
20150817,2015-08-17,2015,3,8,August,17,1,Monday,false,34
20150818,2015-08-18,2015,3,8,August,18,2,Tuesday,false,34
20150819,2015-08-19,2015,3,8,August,19,3,Wednesday,false,34
20150820,2015-08-20,2015,3,8,August,20,4,Thursday,false,34
20150821,2015-08-21,2015,3,8,August,21,5,Friday,false,34
20150822,2015-08-22,2015,3,8,August,22,6,Saturday,true,34
20150823,2015-08-23,2015,3,8,August,23,7,Sunday,true,34
20150824,2015-08-24,2015,3,8,August,24,1,Monday,false,35
20150825,2015-08-25,2015,3,8,August,25,2,Tuesday,false,35
20150826,2015-08-26,2015,3,8,August,26,3,Wednesday,false,35
20150827,2015-08-27,2015,3,8,August,27,4,Thursday,false,35
20150828,2015-08-28,2015,3,8,August,28,5,Friday,false,35
20150829,2015-08-29,2015,3,8,August,29,6,Saturday,true,35
20150830,2015-08-30,2015,3,8,August,30,7,Sunday,true,35
20150831,2015-08-31,2015,3,8,August,31,1,Monday,false,36
20150901,2015-09-01,2015,3,9,September,1,2,Tuesday,false,36
20150902,2015-09-02,2015,3,9,September,2,3,Wednesday,false,36
20150903,2015-09-03,2015,3,9,September,3,4,Thursday,false,36
20150904,2015-09-04,2015,3,9,September,4,5,Friday,false,36
20150905,2015-09-05,2015,3,9,September,5,6,Saturday,true,36
20150906,2015-09-06,2015,3,9,September,6,7,Sunday,true,36
20150907,2015-09-07,2015,3,9,September,7,1,Monday,false,37
20150908,2015-09-08,2015,3,9,September,8,2,Tuesday,false,37
20150909,2015-09-09,2015,3,9,September,9,3,Wednesday,false,37
20150910,2015-09-10,2015,3,9,September,10,4,Thursday,false,37
20150911,2015-09-11,2015,3,9,September,11,5,Friday,false,37
20150912,2015-09-12,2015,3,9,September,12,6,Saturday,true,37
20150913,2015-09-13,2015,3,9,September,13,7,Sunday,true,37
20150914,2015-09-14,2015,3,9,September,14,1,Monday,false,38
20150915,2015-09-15,2015,3,9,September,15,2,Tuesday,false,38
20150916,2015-09-16,2015,3,9,September,16,3,Wednesday,false,38
20150917,2015-09-17,2015,3,9,September,17,4,Thursday,false,38
20150918,2015-09-18,2015,3,9,September,18,5,Friday,false,38
20150919,2015-09-19,2015,3,9,September,19,6,Saturday,true,38
20150920,2015-09-20,2015,3,9,September,20,7,Sunday,true,38
20150921,2015-09-21,2015,3,9,September,21,1,Monday,false,39
20150922,2015-09-22,2015,3,9,September,22,2,Tuesday,false,39
20150923,2015-09-23,2015,3,9,September,23,3,Wednesday,false,39
20150924,2015-09-24,2015,3,9,September,24,4,Thursday,false,39
20150925,2015-09-25,2015,3,9,September,25,5,Friday,false,39
20150926,2015-09-26,2015,3,9,September,26,6,Saturday,true,39
20150927,2015-09-27,2015,3,9,September,27,7,Sunday,true,39
20150928,2015-09-28,2015,3,9,September,28,1,Monday,false,40
20150929,2015-09-29,2015,3,9,September,29,2,Tuesday,false,40
20150930,2015-09-30,2015,3,9,September,30,3,Wednesday,false,40
20151001,2015-10-01,2015,4,10,October,1,4,Thursday,false,40
20151002,2015-10-02,2015,4,10,October,2,5,Friday,false,40
20151003,2015-10-03,2015,4,10,October,3,6,Saturday,true,40
20151004,2015-10-04,2015,4,10,October,4,7,Sunday,true,40
20151005,2015-10-05,2015,4,10,October,5,1,Monday,false,41
20151006,2015-10-06,2015,4,10,October,6,2,Tuesday,false,41
20151007,2015-10-07,2015,4,10,October,7,3,Wednesday,false,41
20151008,2015-10-08,2015,4,10,October,8,4,Thursday,false,41
20151009,2015-10-09,2015,4,10,October,9,5,Friday,false,41
20151010,2015-10-10,2015,4,10,October,10,6,Saturday,true,41
20151011,2015-10-11,2015,4,10,October,11,7,Sunday,true,41
20151012,2015-10-12,2015,4,10,October,12,1,Monday,false,42
20151013,2015-10-13,2015,4,10,October,13,2,Tuesday,false,42
20151014,2015-10-14,2015,4,10,October,14,3,Wednesday,false,42
20151015,2015-10-15,2015,4,10,October,15,4,Thursday,false,42
20151016,2015-10-16,2015,4,10,October,16,5,Friday,false,42
20151017,2015-10-17,2015,4,10,October,17,6,Saturday,true,42
20151018,2015-10-18,2015,4,10,October,18,7,Sunday,true,42
20151019,2015-10-19,2015,4,10,October,19,1,Monday,false,43
20151020,2015-10-20,2015,4,10,October,20,2,Tuesday,false,43
20151021,2015-10-21,2015,4,10,October,21,3,Wednesday,false,43
20151022,2015-10-22,2015,4,10,October,22,4,Thursday,false,43
20151023,2015-10-23,2015,4,10,October,23,5,Friday,false,43
20151024,2015-10-24,2015,4,10,October,24,6,Saturday,true,43
20151025,2015-10-25,2015,4,10,October,25,7,Sunday,true,43
20151026,2015-10-26,2015,4,10,October,26,1,Monday,false,44
20151027,2015-10-27,2015,4,10,October,27,2,Tuesday,false,44
20151028,2015-10-28,2015,4,10,October,28,3,Wednesday,false,44
20151029,2015-10-29,2015,4,10,October,29,4,Thursday,false,44
20151030,2015-10-30,2015,4,10,October,30,5,Friday,false,44
20151031,2015-10-31,2015,4,10,October,31,6,Saturday,true,44
20151101,2015-11-01,2015,4,11,November,1,7,Sunday,true,44
20151102,2015-11-02,2015,4,11,November,2,1,Monday,false,45
20151103,2015-11-03,2015,4,11,November,3,2,Tuesday,false,45
20151104,2015-11-04,2015,4,11,November,4,3,Wednesday,false,45
20151105,2015-11-05,2015,4,11,November,5,4,Thursday,false,45
20151106,2015-11-06,2015,4,11,November,6,5,Friday,false,45
20151107,2015-11-07,2015,4,11,November,7,6,Saturday,true,45
20151108,2015-11-08,2015,4,11,November,8,7,Sunday,true,45
20151109,2015-11-09,2015,4,11,November,9,1,Monday,false,46
20151110,2015-11-10,2015,4,11,November,10,2,Tuesday,false,46
20151111,2015-11-11,2015,4,11,November,11,3,Wednesday,false,46
20151112,2015-11-12,2015,4,11,November,12,4,Thursday,false,46
20151113,2015-11-13,2015,4,11,November,13,5,Friday,false,46
20151114,2015-11-14,2015,4,11,November,14,6,Saturday,true,46
20151115,2015-11-15,2015,4,11,November,15,7,Sunday,true,46
20151116,2015-11-16,2015,4,11,November,16,1,Monday,false,47
20151117,2015-11-17,2015,4,11,November,17,2,Tuesday,false,47
20151118,2015-11-18,2015,4,11,November,18,3,Wednesday,false,47
20151119,2015-11-19,2015,4,11,November,19,4,Thursday,false,47
20151120,2015-11-20,2015,4,11,November,20,5,Friday,false,47
20151121,2015-11-21,2015,4,11,November,21,6,Saturday,true,47
20151122,2015-11-22,2015,4,11,November,22,7,Sunday,true,47
20151123,2015-11-23,2015,4,11,November,23,1,Monday,false,48
20151124,2015-11-24,2015,4,11,November,24,2,Tuesday,false,48
20151125,2015-11-25,2015,4,11,November,25,3,Wednesday,false,48
20151126,2015-11-26,2015,4,11,November,26,4,Thursday,false,48
20151127,2015-11-27,2015,4,11,November,27,5,Friday,false,48
20151128,2015-11-28,2015,4,11,November,28,6,Saturday,true,48
20151129,2015-11-29,2015,4,11,November,29,7,Sunday,true,48
20151130,2015-11-30,2015,4,11,November,30,1,Monday,false,49
20151201,2015-12-01,2015,4,12,December,1,2,Tuesday,false,49
20151202,2015-12-02,2015,4,12,December,2,3,Wednesday,false,49
20151203,2015-12-03,2015,4,12,December,3,4,Thursday,false,49
20151204,2015-12-04,2015,4,12,December,4,5,Friday,false,49
20151205,2015-12-05,2015,4,12,December,5,6,Saturday,true,49
20151206,2015-12-06,2015,4,12,December,6,7,Sunday,true,49
20151207,2015-12-07,2015,4,12,December,7,1,Monday,false,50
20151208,2015-12-08,2015,4,12,December,8,2,Tuesday,false,50
20151209,2015-12-09,2015,4,12,December,9,3,Wednesday,false,50
20151210,2015-12-10,2015,4,12,December,10,4,Thursday,false,50
20151211,2015-12-11,2015,4,12,December,11,5,Friday,false,50
20151212,2015-12-12,2015,4,12,December,12,6,Saturday,true,50
20151213,2015-12-13,2015,4,12,December,13,7,Sunday,true,50
20151214,2015-12-14,2015,4,12,December,14,1,Monday,false,51
20151215,2015-12-15,2015,4,12,December,15,2,Tuesday,false,51
20151216,2015-12-16,2015,4,12,December,16,3,Wednesday,false,51
20151217,2015-12-17,2015,4,12,December,17,4,Thursday,false,51
20151218,2015-12-18,2015,4,12,December,18,5,Friday,false,51
20151219,2015-12-19,2015,4,12,December,19,6,Saturday,true,51
20151220,2015-12-20,2015,4,12,December,20,7,Sunday,true,51
20151221,2015-12-21,2015,4,12,December,21,1,Monday,false,52
20151222,2015-12-22,2015,4,12,December,22,2,Tuesday,false,52
20151223,2015-12-23,2015,4,12,December,23,3,Wednesday,false,52
20151224,2015-12-24,2015,4,12,December,24,4,Thursday,false,52
20151225,2015-12-25,2015,4,12,December,25,5,Friday,false,52
20151226,2015-12-26,2015,4,12,December,26,6,Saturday,true,52
20151227,2015-12-27,2015,4,12,December,27,7,Sunday,true,52
20151228,2015-12-28,2015,4,12,December,28,1,Monday,false,53
20151229,2015-12-29,2015,4,12,December,29,2,Tuesday,false,53
20151230,2015-12-30,2015,4,12,December,30,3,Wednesday,false,53
20151231,2015-12-31,2015,4,12,December,31,4,Thursday,false,53
20160101,2016-01-01,2016,1,1,January,1,5,Friday,false,53
20160102,2016-01-02,2016,1,1,January,2,6,Saturday,true,53
20160103,2016-01-03,2016,1,1,January,3,7,Sunday,true,53
20160104,2016-01-04,2016,1,1,January,4,1,Monday,false,1
20160105,2016-01-05,2016,1,1,January,5,2,Tuesday,false,1
20160106,2016-01-06,2016,1,1,January,6,3,Wednesday,false,1
20160107,2016-01-07,2016,1,1,January,7,4,Thursday,false,1
20160108,2016-01-08,2016,1,1,January,8,5,Friday,false,1
20160109,2016-01-09,2016,1,1,January,9,6,Saturday,true,1
20160110,2016-01-10,2016,1,1,January,10,7,Sunday,true,1
20160111,2016-01-11,2016,1,1,January,11,1,Monday,false,2
20160112,2016-01-12,2016,1,1,January,12,2,Tuesday,false,2
20160113,2016-01-13,2016,1,1,January,13,3,Wednesday,false,2
20160114,2016-01-14,2016,1,1,January,14,4,Thursday,false,2
20160115,2016-01-15,2016,1,1,January,15,5,Friday,false,2
20160116,2016-01-16,2016,1,1,January,16,6,Saturday,true,2
20160117,2016-01-17,2016,1,1,January,17,7,Sunday,true,2
20160118,2016-01-18,2016,1,1,January,18,1,Monday,false,3
20160119,2016-01-19,2016,1,1,January,19,2,Tuesday,false,3
20160120,2016-01-20,2016,1,1,January,20,3,Wednesday,false,3
20160121,2016-01-21,2016,1,1,January,21,4,Thursday,false,3
20160122,2016-01-22,2016,1,1,January,22,5,Friday,false,3
20160123,2016-01-23,2016,1,1,January,23,6,Saturday,true,3
20160124,2016-01-24,2016,1,1,January,24,7,Sunday,true,3
20160125,2016-01-25,2016,1,1,January,25,1,Monday,false,4
20160126,2016-01-26,2016,1,1,January,26,2,Tuesday,false,4
20160127,2016-01-27,2016,1,1,January,27,3,Wednesday,false,4
20160128,2016-01-28,2016,1,1,January,28,4,Thursday,false,4
20160129,2016-01-29,2016,1,1,January,29,5,Friday,false,4
20160130,2016-01-30,2016,1,1,January,30,6,Saturday,true,4
20160131,2016-01-31,2016,1,1,January,31,7,Sunday,true,4
20160201,2016-02-01,2016,1,2,February,1,1,Monday,false,5
20160202,2016-02-02,2016,1,2,February,2,2,Tuesday,false,5
20160203,2016-02-03,2016,1,2,February,3,3,Wednesday,false,5
20160204,2016-02-04,2016,1,2,February,4,4,Thursday,false,5
20160205,2016-02-05,2016,1,2,February,5,5,Friday,false,5
20160206,2016-02-06,2016,1,2,February,6,6,Saturday,true,5
20160207,2016-02-07,2016,1,2,February,7,7,Sunday,true,5
20160208,2016-02-08,2016,1,2,February,8,1,Monday,false,6
20160209,2016-02-09,2016,1,2,February,9,2,Tuesday,false,6
20160210,2016-02-10,2016,1,2,February,10,3,Wednesday,false,6
20160211,2016-02-11,2016,1,2,February,11,4,Thursday,false,6
20160212,2016-02-12,2016,1,2,February,12,5,Friday,false,6
20160213,2016-02-13,2016,1,2,February,13,6,Saturday,true,6
20160214,2016-02-14,2016,1,2,February,14,7,Sunday,true,6
20160215,2016-02-15,2016,1,2,February,15,1,Monday,false,7
20160216,2016-02-16,2016,1,2,February,16,2,Tuesday,false,7
20160217,2016-02-17,2016,1,2,February,17,3,Wednesday,false,7
20160218,2016-02-18,2016,1,2,February,18,4,Thursday,false,7
20160219,2016-02-19,2016,1,2,February,19,5,Friday,false,7
20160220,2016-02-20,2016,1,2,February,20,6,Saturday,true,7
20160221,2016-02-21,2016,1,2,February,21,7,Sunday,true,7
20160222,2016-02-22,2016,1,2,February,22,1,Monday,false,8
20160223,2016-02-23,2016,1,2,February,23,2,Tuesday,false,8
20160224,2016-02-24,2016,1,2,February,24,3,Wednesday,false,8
20160225,2016-02-25,2016,1,2,February,25,4,Thursday,false,8
20160226,2016-02-26,2016,1,2,February,26,5,Friday,false,8
20160227,2016-02-27,2016,1,2,February,27,6,Saturday,true,8
20160228,2016-02-28,2016,1,2,February,28,7,Sunday,true,8
20160229,2016-02-29,2016,1,2,February,29,1,Monday,false,9
20160301,2016-03-01,2016,1,3,March,1,2,Tuesday,false,9
20160302,2016-03-02,2016,1,3,March,2,3,Wednesday,false,9
20160303,2016-03-03,2016,1,3,March,3,4,Thursday,false,9
20160304,2016-03-04,2016,1,3,March,4,5,Friday,false,9
20160305,2016-03-05,2016,1,3,March,5,6,Saturday,true,9
20160306,2016-03-06,2016,1,3,March,6,7,Sunday,true,9
20160307,2016-03-07,2016,1,3,March,7,1,Monday,false,10
20160308,2016-03-08,2016,1,3,March,8,2,Tuesday,false,10
20160309,2016-03-09,2016,1,3,March,9,3,Wednesday,false,10
20160310,2016-03-10,2016,1,3,March,10,4,Thursday,false,10
20160311,2016-03-11,2016,1,3,March,11,5,Friday,false,10
20160312,2016-03-12,2016,1,3,March,12,6,Saturday,true,10
20160313,2016-03-13,2016,1,3,March,13,7,Sunday,true,10
20160314,2016-03-14,2016,1,3,March,14,1,Monday,false,11
20160315,2016-03-15,2016,1,3,March,15,2,Tuesday,false,11
20160316,2016-03-16,2016,1,3,March,16,3,Wednesday,false,11
20160317,2016-03-17,2016,1,3,March,17,4,Thursday,false,11
20160318,2016-03-18,2016,1,3,March,18,5,Friday,false,11
20160319,2016-03-19,2016,1,3,March,19,6,Saturday,true,11
20160320,2016-03-20,2016,1,3,March,20,7,Sunday,true,11
20160321,2016-03-21,2016,1,3,March,21,1,Monday,false,12
20160322,2016-03-22,2016,1,3,March,22,2,Tuesday,false,12
20160323,2016-03-23,2016,1,3,March,23,3,Wednesday,false,12
20160324,2016-03-24,2016,1,3,March,24,4,Thursday,false,12
20160325,2016-03-25,2016,1,3,March,25,5,Friday,false,12
20160326,2016-03-26,2016,1,3,March,26,6,Saturday,true,12
20160327,2016-03-27,2016,1,3,March,27,7,Sunday,true,12
20160328,2016-03-28,2016,1,3,March,28,1,Monday,false,13
20160329,2016-03-29,2016,1,3,March,29,2,Tuesday,false,13
20160330,2016-03-30,2016,1,3,March,30,3,Wednesday,false,13
20160331,2016-03-31,2016,1,3,March,31,4,Thursday,false,13
20160401,2016-04-01,2016,2,4,April,1,5,Friday,false,13
20160402,2016-04-02,2016,2,4,April,2,6,Saturday,true,13
20160403,2016-04-03,2016,2,4,April,3,7,Sunday,true,13
20160404,2016-04-04,2016,2,4,April,4,1,Monday,false,14
20160405,2016-04-05,2016,2,4,April,5,2,Tuesday,false,14
20160406,2016-04-06,2016,2,4,April,6,3,Wednesday,false,14
20160407,2016-04-07,2016,2,4,April,7,4,Thursday,false,14
20160408,2016-04-08,2016,2,4,April,8,5,Friday,false,14
20160409,2016-04-09,2016,2,4,April,9,6,Saturday,true,14
20160410,2016-04-10,2016,2,4,April,10,7,Sunday,true,14
20160411,2016-04-11,2016,2,4,April,11,1,Monday,false,15
20160412,2016-04-12,2016,2,4,April,12,2,Tuesday,false,15
20160413,2016-04-13,2016,2,4,April,13,3,Wednesday,false,15
20160414,2016-04-14,2016,2,4,April,14,4,Thursday,false,15
20160415,2016-04-15,2016,2,4,April,15,5,Friday,false,15
20160416,2016-04-16,2016,2,4,April,16,6,Saturday,true,15
20160417,2016-04-17,2016,2,4,April,17,7,Sunday,true,15
20160418,2016-04-18,2016,2,4,April,18,1,Monday,false,16
20160419,2016-04-19,2016,2,4,April,19,2,Tuesday,false,16
20160420,2016-04-20,2016,2,4,April,20,3,Wednesday,false,16
20160421,2016-04-21,2016,2,4,April,21,4,Thursday,false,16
20160422,2016-04-22,2016,2,4,April,22,5,Friday,false,16
20160423,2016-04-23,2016,2,4,April,23,6,Saturday,true,16
20160424,2016-04-24,2016,2,4,April,24,7,Sunday,true,16
20160425,2016-04-25,2016,2,4,April,25,1,Monday,false,17
20160426,2016-04-26,2016,2,4,April,26,2,Tuesday,false,17
20160427,2016-04-27,2016,2,4,April,27,3,Wednesday,false,17
20160428,2016-04-28,2016,2,4,April,28,4,Thursday,false,17
20160429,2016-04-29,2016,2,4,April,29,5,Friday,false,17
20160430,2016-04-30,2016,2,4,April,30,6,Saturday,true,17
20160501,2016-05-01,2016,2,5,May,1,7,Sunday,true,17
20160502,2016-05-02,2016,2,5,May,2,1,Monday,false,18
20160503,2016-05-03,2016,2,5,May,3,2,Tuesday,false,18
20160504,2016-05-04,2016,2,5,May,4,3,Wednesday,false,18
20160505,2016-05-05,2016,2,5,May,5,4,Thursday,false,18
20160506,2016-05-06,2016,2,5,May,6,5,Friday,false,18
20160507,2016-05-07,2016,2,5,May,7,6,Saturday,true,18
20160508,2016-05-08,2016,2,5,May,8,7,Sunday,true,18
20160509,2016-05-09,2016,2,5,May,9,1,Monday,false,19
20160510,2016-05-10,2016,2,5,May,10,2,Tuesday,false,19
20160511,2016-05-11,2016,2,5,May,11,3,Wednesday,false,19
20160512,2016-05-12,2016,2,5,May,12,4,Thursday,false,19
20160513,2016-05-13,2016,2,5,May,13,5,Friday,false,19
20160514,2016-05-14,2016,2,5,May,14,6,Saturday,true,19
20160515,2016-05-15,2016,2,5,May,15,7,Sunday,true,19
20160516,2016-05-16,2016,2,5,May,16,1,Monday,false,20
20160517,2016-05-17,2016,2,5,May,17,2,Tuesday,false,20
20160518,2016-05-18,2016,2,5,May,18,3,Wednesday,false,20
20160519,2016-05-19,2016,2,5,May,19,4,Thursday,false,20
20160520,2016-05-20,2016,2,5,May,20,5,Friday,false,20
20160521,2016-05-21,2016,2,5,May,21,6,Saturday,true,20
20160522,2016-05-22,2016,2,5,May,22,7,Sunday,true,20
20160523,2016-05-23,2016,2,5,May,23,1,Monday,false,21
20160524,2016-05-24,2016,2,5,May,24,2,Tuesday,false,21
20160525,2016-05-25,2016,2,5,May,25,3,Wednesday,false,21
20160526,2016-05-26,2016,2,5,May,26,4,Thursday,false,21
20160527,2016-05-27,2016,2,5,May,27,5,Friday,false,21
20160528,2016-05-28,2016,2,5,May,28,6,Saturday,true,21
20160529,2016-05-29,2016,2,5,May,29,7,Sunday,true,21
20160530,2016-05-30,2016,2,5,May,30,1,Monday,false,22
20160531,2016-05-31,2016,2,5,May,31,2,Tuesday,false,22
20160601,2016-06-01,2016,2,6,June,1,3,Wednesday,false,22
20160602,2016-06-02,2016,2,6,June,2,4,Thursday,false,22
20160603,2016-06-03,2016,2,6,June,3,5,Friday,false,22
20160604,2016-06-04,2016,2,6,June,4,6,Saturday,true,22
20160605,2016-06-05,2016,2,6,June,5,7,Sunday,true,22
20160606,2016-06-06,2016,2,6,June,6,1,Monday,false,23
20160607,2016-06-07,2016,2,6,June,7,2,Tuesday,false,23
20160608,2016-06-08,2016,2,6,June,8,3,Wednesday,false,23
20160609,2016-06-09,2016,2,6,June,9,4,Thursday,false,23
20160610,2016-06-10,2016,2,6,June,10,5,Friday,false,23
20160611,2016-06-11,2016,2,6,June,11,6,Saturday,true,23
20160612,2016-06-12,2016,2,6,June,12,7,Sunday,true,23
20160613,2016-06-13,2016,2,6,June,13,1,Monday,false,24
20160614,2016-06-14,2016,2,6,June,14,2,Tuesday,false,24
20160615,2016-06-15,2016,2,6,June,15,3,Wednesday,false,24
20160616,2016-06-16,2016,2,6,June,16,4,Thursday,false,24
20160617,2016-06-17,2016,2,6,June,17,5,Friday,false,24
20160618,2016-06-18,2016,2,6,June,18,6,Saturday,true,24
20160619,2016-06-19,2016,2,6,June,19,7,Sunday,true,24
20160620,2016-06-20,2016,2,6,June,20,1,Monday,false,25
20160621,2016-06-21,2016,2,6,June,21,2,Tuesday,false,25
20160622,2016-06-22,2016,2,6,June,22,3,Wednesday,false,25
20160623,2016-06-23,2016,2,6,June,23,4,Thursday,false,25
20160624,2016-06-24,2016,2,6,June,24,5,Friday,false,25
20160625,2016-06-25,2016,2,6,June,25,6,Saturday,true,25
20160626,2016-06-26,2016,2,6,June,26,7,Sunday,true,25
20160627,2016-06-27,2016,2,6,June,27,1,Monday,false,26
20160628,2016-06-28,2016,2,6,June,28,2,Tuesday,false,26
20160629,2016-06-29,2016,2,6,June,29,3,Wednesday,false,26
20160630,2016-06-30,2016,2,6,June,30,4,Thursday,false,26
20160701,2016-07-01,2016,3,7,July,1,5,Friday,false,26
20160702,2016-07-02,2016,3,7,July,2,6,Saturday,true,26
20160703,2016-07-03,2016,3,7,July,3,7,Sunday,true,26
20160704,2016-07-04,2016,3,7,July,4,1,Monday,false,27
20160705,2016-07-05,2016,3,7,July,5,2,Tuesday,false,27
20160706,2016-07-06,2016,3,7,July,6,3,Wednesday,false,27
20160707,2016-07-07,2016,3,7,July,7,4,Thursday,false,27
20160708,2016-07-08,2016,3,7,July,8,5,Friday,false,27
20160709,2016-07-09,2016,3,7,July,9,6,Saturday,true,27
20160710,2016-07-10,2016,3,7,July,10,7,Sunday,true,27
20160711,2016-07-11,2016,3,7,July,11,1,Monday,false,28
20160712,2016-07-12,2016,3,7,July,12,2,Tuesday,false,28
20160713,2016-07-13,2016,3,7,July,13,3,Wednesday,false,28
20160714,2016-07-14,2016,3,7,July,14,4,Thursday,false,28
20160715,2016-07-15,2016,3,7,July,15,5,Friday,false,28
20160716,2016-07-16,2016,3,7,July,16,6,Saturday,true,28
20160717,2016-07-17,2016,3,7,July,17,7,Sunday,true,28
20160718,2016-07-18,2016,3,7,July,18,1,Monday,false,29
20160719,2016-07-19,2016,3,7,July,19,2,Tuesday,false,29
20160720,2016-07-20,2016,3,7,July,20,3,Wednesday,false,29
20160721,2016-07-21,2016,3,7,July,21,4,Thursday,false,29
20160722,2016-07-22,2016,3,7,July,22,5,Friday,false,29
20160723,2016-07-23,2016,3,7,July,23,6,Saturday,true,29
20160724,2016-07-24,2016,3,7,July,24,7,Sunday,true,29
20160725,2016-07-25,2016,3,7,July,25,1,Monday,false,30
20160726,2016-07-26,2016,3,7,July,26,2,Tuesday,false,30
20160727,2016-07-27,2016,3,7,July,27,3,Wednesday,false,30
20160728,2016-07-28,2016,3,7,July,28,4,Thursday,false,30
20160729,2016-07-29,2016,3,7,July,29,5,Friday,false,30
20160730,2016-07-30,2016,3,7,July,30,6,Saturday,true,30
20160731,2016-07-31,2016,3,7,July,31,7,Sunday,true,30
20160801,2016-08-01,2016,3,8,August,1,1,Monday,false,31
20160802,2016-08-02,2016,3,8,August,2,2,Tuesday,false,31
20160803,2016-08-03,2016,3,8,August,3,3,Wednesday,false,31
20160804,2016-08-04,2016,3,8,August,4,4,Thursday,false,31
20160805,2016-08-05,2016,3,8,August,5,5,Friday,false,31
20160806,2016-08-06,2016,3,8,August,6,6,Saturday,true,31
20160807,2016-08-07,2016,3,8,August,7,7,Sunday,true,31
20160808,2016-08-08,2016,3,8,August,8,1,Monday,false,32
20160809,2016-08-09,2016,3,8,August,9,2,Tuesday,false,32
20160810,2016-08-10,2016,3,8,August,10,3,Wednesday,false,32
20160811,2016-08-11,2016,3,8,August,11,4,Thursday,false,32
20160812,2016-08-12,2016,3,8,August,12,5,Friday,false,32
20160813,2016-08-13,2016,3,8,August,13,6,Saturday,true,32
20160814,2016-08-14,2016,3,8,August,14,7,Sunday,true,32
20160815,2016-08-15,2016,3,8,August,15,1,Monday,false,33
20160816,2016-08-16,2016,3,8,August,16,2,Tuesday,false,33
20160817,2016-08-17,2016,3,8,August,17,3,Wednesday,false,33
20160818,2016-08-18,2016,3,8,August,18,4,Thursday,false,33
20160819,2016-08-19,2016,3,8,August,19,5,Friday,false,33
20160820,2016-08-20,2016,3,8,August,20,6,Saturday,true,33
20160821,2016-08-21,2016,3,8,August,21,7,Sunday,true,33
20160822,2016-08-22,2016,3,8,August,22,1,Monday,false,34
20160823,2016-08-23,2016,3,8,August,23,2,Tuesday,false,34
20160824,2016-08-24,2016,3,8,August,24,3,Wednesday,false,34
20160825,2016-08-25,2016,3,8,August,25,4,Thursday,false,34
20160826,2016-08-26,2016,3,8,August,26,5,Friday,false,34
20160827,2016-08-27,2016,3,8,August,27,6,Saturday,true,34
20160828,2016-08-28,2016,3,8,August,28,7,Sunday,true,34
20160829,2016-08-29,2016,3,8,August,29,1,Monday,false,35
20160830,2016-08-30,2016,3,8,August,30,2,Tuesday,false,35
20160831,2016-08-31,2016,3,8,August,31,3,Wednesday,false,35
20160901,2016-09-01,2016,3,9,September,1,4,Thursday,false,35
20160902,2016-09-02,2016,3,9,September,2,5,Friday,false,35
20160903,2016-09-03,2016,3,9,September,3,6,Saturday,true,35
20160904,2016-09-04,2016,3,9,September,4,7,Sunday,true,35
20160905,2016-09-05,2016,3,9,September,5,1,Monday,false,36
20160906,2016-09-06,2016,3,9,September,6,2,Tuesday,false,36
20160907,2016-09-07,2016,3,9,September,7,3,Wednesday,false,36
20160908,2016-09-08,2016,3,9,September,8,4,Thursday,false,36
20160909,2016-09-09,2016,3,9,September,9,5,Friday,false,36
20160910,2016-09-10,2016,3,9,September,10,6,Saturday,true,36
20160911,2016-09-11,2016,3,9,September,11,7,Sunday,true,36
20160912,2016-09-12,2016,3,9,September,12,1,Monday,false,37
20160913,2016-09-13,2016,3,9,September,13,2,Tuesday,false,37
20160914,2016-09-14,2016,3,9,September,14,3,Wednesday,false,37
20160915,2016-09-15,2016,3,9,September,15,4,Thursday,false,37
20160916,2016-09-16,2016,3,9,September,16,5,Friday,false,37
20160917,2016-09-17,2016,3,9,September,17,6,Saturday,true,37
20160918,2016-09-18,2016,3,9,September,18,7,Sunday,true,37
20160919,2016-09-19,2016,3,9,September,19,1,Monday,false,38
20160920,2016-09-20,2016,3,9,September,20,2,Tuesday,false,38
20160921,2016-09-21,2016,3,9,September,21,3,Wednesday,false,38
20160922,2016-09-22,2016,3,9,September,22,4,Thursday,false,38
20160923,2016-09-23,2016,3,9,September,23,5,Friday,false,38
20160924,2016-09-24,2016,3,9,September,24,6,Saturday,true,38
20160925,2016-09-25,2016,3,9,September,25,7,Sunday,true,38
20160926,2016-09-26,2016,3,9,September,26,1,Monday,false,39
20160927,2016-09-27,2016,3,9,September,27,2,Tuesday,false,39
20160928,2016-09-28,2016,3,9,September,28,3,Wednesday,false,39
20160929,2016-09-29,2016,3,9,September,29,4,Thursday,false,39
20160930,2016-09-30,2016,3,9,September,30,5,Friday,false,39
20161001,2016-10-01,2016,4,10,October,1,6,Saturday,true,39
20161002,2016-10-02,2016,4,10,October,2,7,Sunday,true,39
20161003,2016-10-03,2016,4,10,October,3,1,Monday,false,40
20161004,2016-10-04,2016,4,10,October,4,2,Tuesday,false,40
20161005,2016-10-05,2016,4,10,October,5,3,Wednesday,false,40
20161006,2016-10-06,2016,4,10,October,6,4,Thursday,false,40
20161007,2016-10-07,2016,4,10,October,7,5,Friday,false,40
20161008,2016-10-08,2016,4,10,October,8,6,Saturday,true,40
20161009,2016-10-09,2016,4,10,October,9,7,Sunday,true,40
20161010,2016-10-10,2016,4,10,October,10,1,Monday,false,41
20161011,2016-10-11,2016,4,10,October,11,2,Tuesday,false,41
20161012,2016-10-12,2016,4,10,October,12,3,Wednesday,false,41
20161013,2016-10-13,2016,4,10,October,13,4,Thursday,false,41
20161014,2016-10-14,2016,4,10,October,14,5,Friday,false,41
20161015,2016-10-15,2016,4,10,October,15,6,Saturday,true,41
20161016,2016-10-16,2016,4,10,October,16,7,Sunday,true,41
20161017,2016-10-17,2016,4,10,October,17,1,Monday,false,42
20161018,2016-10-18,2016,4,10,October,18,2,Tuesday,false,42
20161019,2016-10-19,2016,4,10,October,19,3,Wednesday,false,42
20161020,2016-10-20,2016,4,10,October,20,4,Thursday,false,42
20161021,2016-10-21,2016,4,10,October,21,5,Friday,false,42
20161022,2016-10-22,2016,4,10,October,22,6,Saturday,true,42
20161023,2016-10-23,2016,4,10,October,23,7,Sunday,true,42
20161024,2016-10-24,2016,4,10,October,24,1,Monday,false,43
20161025,2016-10-25,2016,4,10,October,25,2,Tuesday,false,43
20161026,2016-10-26,2016,4,10,October,26,3,Wednesday,false,43
20161027,2016-10-27,2016,4,10,October,27,4,Thursday,false,43
20161028,2016-10-28,2016,4,10,October,28,5,Friday,false,43
20161029,2016-10-29,2016,4,10,October,29,6,Saturday,true,43
20161030,2016-10-30,2016,4,10,October,30,7,Sunday,true,43
20161031,2016-10-31,2016,4,10,October,31,1,Monday,false,44
20161101,2016-11-01,2016,4,11,November,1,2,Tuesday,false,44
20161102,2016-11-02,2016,4,11,November,2,3,Wednesday,false,44
20161103,2016-11-03,2016,4,11,November,3,4,Thursday,false,44
20161104,2016-11-04,2016,4,11,November,4,5,Friday,false,44
20161105,2016-11-05,2016,4,11,November,5,6,Saturday,true,44
20161106,2016-11-06,2016,4,11,November,6,7,Sunday,true,44
20161107,2016-11-07,2016,4,11,November,7,1,Monday,false,45
20161108,2016-11-08,2016,4,11,November,8,2,Tuesday,false,45
20161109,2016-11-09,2016,4,11,November,9,3,Wednesday,false,45
20161110,2016-11-10,2016,4,11,November,10,4,Thursday,false,45
20161111,2016-11-11,2016,4,11,November,11,5,Friday,false,45
20161112,2016-11-12,2016,4,11,November,12,6,Saturday,true,45
20161113,2016-11-13,2016,4,11,November,13,7,Sunday,true,45
20161114,2016-11-14,2016,4,11,November,14,1,Monday,false,46
20161115,2016-11-15,2016,4,11,November,15,2,Tuesday,false,46
20161116,2016-11-16,2016,4,11,November,16,3,Wednesday,false,46
20161117,2016-11-17,2016,4,11,November,17,4,Thursday,false,46
20161118,2016-11-18,2016,4,11,November,18,5,Friday,false,46
20161119,2016-11-19,2016,4,11,November,19,6,Saturday,true,46
20161120,2016-11-20,2016,4,11,November,20,7,Sunday,true,46
20161121,2016-11-21,2016,4,11,November,21,1,Monday,false,47
20161122,2016-11-22,2016,4,11,November,22,2,Tuesday,false,47
20161123,2016-11-23,2016,4,11,November,23,3,Wednesday,false,47
20161124,2016-11-24,2016,4,11,November,24,4,Thursday,false,47
20161125,2016-11-25,2016,4,11,November,25,5,Friday,false,47
20161126,2016-11-26,2016,4,11,November,26,6,Saturday,true,47
20161127,2016-11-27,2016,4,11,November,27,7,Sunday,true,47
20161128,2016-11-28,2016,4,11,November,28,1,Monday,false,48
20161129,2016-11-29,2016,4,11,November,29,2,Tuesday,false,48
20161130,2016-11-30,2016,4,11,November,30,3,Wednesday,false,48
20161201,2016-12-01,2016,4,12,December,1,4,Thursday,false,48
20161202,2016-12-02,2016,4,12,December,2,5,Friday,false,48
20161203,2016-12-03,2016,4,12,December,3,6,Saturday,true,48
20161204,2016-12-04,2016,4,12,December,4,7,Sunday,true,48
20161205,2016-12-05,2016,4,12,December,5,1,Monday,false,49
20161206,2016-12-06,2016,4,12,December,6,2,Tuesday,false,49
20161207,2016-12-07,2016,4,12,December,7,3,Wednesday,false,49
20161208,2016-12-08,2016,4,12,December,8,4,Thursday,false,49
20161209,2016-12-09,2016,4,12,December,9,5,Friday,false,49
20161210,2016-12-10,2016,4,12,December,10,6,Saturday,true,49
20161211,2016-12-11,2016,4,12,December,11,7,Sunday,true,49
20161212,2016-12-12,2016,4,12,December,12,1,Monday,false,50
20161213,2016-12-13,2016,4,12,December,13,2,Tuesday,false,50
20161214,2016-12-14,2016,4,12,December,14,3,Wednesday,false,50
20161215,2016-12-15,2016,4,12,December,15,4,Thursday,false,50
20161216,2016-12-16,2016,4,12,December,16,5,Friday,false,50
20161217,2016-12-17,2016,4,12,December,17,6,Saturday,true,50
20161218,2016-12-18,2016,4,12,December,18,7,Sunday,true,50
20161219,2016-12-19,2016,4,12,December,19,1,Monday,false,51
20161220,2016-12-20,2016,4,12,December,20,2,Tuesday,false,51
20161221,2016-12-21,2016,4,12,December,21,3,Wednesday,false,51
20161222,2016-12-22,2016,4,12,December,22,4,Thursday,false,51
20161223,2016-12-23,2016,4,12,December,23,5,Friday,false,51
20161224,2016-12-24,2016,4,12,December,24,6,Saturday,true,51
20161225,2016-12-25,2016,4,12,December,25,7,Sunday,true,51
20161226,2016-12-26,2016,4,12,December,26,1,Monday,false,52
20161227,2016-12-27,2016,4,12,December,27,2,Tuesday,false,52
20161228,2016-12-28,2016,4,12,December,28,3,Wednesday,false,52
20161229,2016-12-29,2016,4,12,December,29,4,Thursday,false,52
20161230,2016-12-30,2016,4,12,December,30,5,Friday,false,52
20161231,2016-12-31,2016,4,12,December,31,6,Saturday,true,52
20170101,2017-01-01,2017,1,1,January,1,7,Sunday,true,52
20170102,2017-01-02,2017,1,1,January,2,1,Monday,false,1
20170103,2017-01-03,2017,1,1,January,3,2,Tuesday,false,1
20170104,2017-01-04,2017,1,1,January,4,3,Wednesday,false,1
20170105,2017-01-05,2017,1,1,January,5,4,Thursday,false,1
20170106,2017-01-06,2017,1,1,January,6,5,Friday,false,1
20170107,2017-01-07,2017,1,1,January,7,6,Saturday,true,1
20170108,2017-01-08,2017,1,1,January,8,7,Sunday,true,1
20170109,2017-01-09,2017,1,1,January,9,1,Monday,false,2
20170110,2017-01-10,2017,1,1,January,10,2,Tuesday,false,2
20170111,2017-01-11,2017,1,1,January,11,3,Wednesday,false,2
20170112,2017-01-12,2017,1,1,January,12,4,Thursday,false,2
20170113,2017-01-13,2017,1,1,January,13,5,Friday,false,2
20170114,2017-01-14,2017,1,1,January,14,6,Saturday,true,2
20170115,2017-01-15,2017,1,1,January,15,7,Sunday,true,2
20170116,2017-01-16,2017,1,1,January,16,1,Monday,false,3
20170117,2017-01-17,2017,1,1,January,17,2,Tuesday,false,3
20170118,2017-01-18,2017,1,1,January,18,3,Wednesday,false,3
20170119,2017-01-19,2017,1,1,January,19,4,Thursday,false,3
20170120,2017-01-20,2017,1,1,January,20,5,Friday,false,3
20170121,2017-01-21,2017,1,1,January,21,6,Saturday,true,3
20170122,2017-01-22,2017,1,1,January,22,7,Sunday,true,3
20170123,2017-01-23,2017,1,1,January,23,1,Monday,false,4
20170124,2017-01-24,2017,1,1,January,24,2,Tuesday,false,4
20170125,2017-01-25,2017,1,1,January,25,3,Wednesday,false,4
20170126,2017-01-26,2017,1,1,January,26,4,Thursday,false,4
20170127,2017-01-27,2017,1,1,January,27,5,Friday,false,4
20170128,2017-01-28,2017,1,1,January,28,6,Saturday,true,4
20170129,2017-01-29,2017,1,1,January,29,7,Sunday,true,4
20170130,2017-01-30,2017,1,1,January,30,1,Monday,false,5
20170131,2017-01-31,2017,1,1,January,31,2,Tuesday,false,5
20170201,2017-02-01,2017,1,2,February,1,3,Wednesday,false,5
20170202,2017-02-02,2017,1,2,February,2,4,Thursday,false,5
20170203,2017-02-03,2017,1,2,February,3,5,Friday,false,5
20170204,2017-02-04,2017,1,2,February,4,6,Saturday,true,5
20170205,2017-02-05,2017,1,2,February,5,7,Sunday,true,5
20170206,2017-02-06,2017,1,2,February,6,1,Monday,false,6
20170207,2017-02-07,2017,1,2,February,7,2,Tuesday,false,6
20170208,2017-02-08,2017,1,2,February,8,3,Wednesday,false,6
20170209,2017-02-09,2017,1,2,February,9,4,Thursday,false,6
20170210,2017-02-10,2017,1,2,February,10,5,Friday,false,6
20170211,2017-02-11,2017,1,2,February,11,6,Saturday,true,6
20170212,2017-02-12,2017,1,2,February,12,7,Sunday,true,6
20170213,2017-02-13,2017,1,2,February,13,1,Monday,false,7
20170214,2017-02-14,2017,1,2,February,14,2,Tuesday,false,7
20170215,2017-02-15,2017,1,2,February,15,3,Wednesday,false,7
20170216,2017-02-16,2017,1,2,February,16,4,Thursday,false,7
20170217,2017-02-17,2017,1,2,February,17,5,Friday,false,7
20170218,2017-02-18,2017,1,2,February,18,6,Saturday,true,7
20170219,2017-02-19,2017,1,2,February,19,7,Sunday,true,7
20170220,2017-02-20,2017,1,2,February,20,1,Monday,false,8
20170221,2017-02-21,2017,1,2,February,21,2,Tuesday,false,8
20170222,2017-02-22,2017,1,2,February,22,3,Wednesday,false,8
20170223,2017-02-23,2017,1,2,February,23,4,Thursday,false,8
20170224,2017-02-24,2017,1,2,February,24,5,Friday,false,8
20170225,2017-02-25,2017,1,2,February,25,6,Saturday,true,8
20170226,2017-02-26,2017,1,2,February,26,7,Sunday,true,8
20170227,2017-02-27,2017,1,2,February,27,1,Monday,false,9
20170228,2017-02-28,2017,1,2,February,28,2,Tuesday,false,9
20170301,2017-03-01,2017,1,3,March,1,3,Wednesday,false,9
20170302,2017-03-02,2017,1,3,March,2,4,Thursday,false,9
20170303,2017-03-03,2017,1,3,March,3,5,Friday,false,9
20170304,2017-03-04,2017,1,3,March,4,6,Saturday,true,9
20170305,2017-03-05,2017,1,3,March,5,7,Sunday,true,9
20170306,2017-03-06,2017,1,3,March,6,1,Monday,false,10
20170307,2017-03-07,2017,1,3,March,7,2,Tuesday,false,10
20170308,2017-03-08,2017,1,3,March,8,3,Wednesday,false,10
20170309,2017-03-09,2017,1,3,March,9,4,Thursday,false,10
20170310,2017-03-10,2017,1,3,March,10,5,Friday,false,10
20170311,2017-03-11,2017,1,3,March,11,6,Saturday,true,10
20170312,2017-03-12,2017,1,3,March,12,7,Sunday,true,10
20170313,2017-03-13,2017,1,3,March,13,1,Monday,false,11
20170314,2017-03-14,2017,1,3,March,14,2,Tuesday,false,11
20170315,2017-03-15,2017,1,3,March,15,3,Wednesday,false,11
20170316,2017-03-16,2017,1,3,March,16,4,Thursday,false,11
20170317,2017-03-17,2017,1,3,March,17,5,Friday,false,11
20170318,2017-03-18,2017,1,3,March,18,6,Saturday,true,11
20170319,2017-03-19,2017,1,3,March,19,7,Sunday,true,11
20170320,2017-03-20,2017,1,3,March,20,1,Monday,false,12
20170321,2017-03-21,2017,1,3,March,21,2,Tuesday,false,12
20170322,2017-03-22,2017,1,3,March,22,3,Wednesday,false,12
20170323,2017-03-23,2017,1,3,March,23,4,Thursday,false,12
20170324,2017-03-24,2017,1,3,March,24,5,Friday,false,12
20170325,2017-03-25,2017,1,3,March,25,6,Saturday,true,12
20170326,2017-03-26,2017,1,3,March,26,7,Sunday,true,12
20170327,2017-03-27,2017,1,3,March,27,1,Monday,false,13
20170328,2017-03-28,2017,1,3,March,28,2,Tuesday,false,13
20170329,2017-03-29,2017,1,3,March,29,3,Wednesday,false,13
20170330,2017-03-30,2017,1,3,March,30,4,Thursday,false,13
20170331,2017-03-31,2017,1,3,March,31,5,Friday,false,13
20170401,2017-04-01,2017,2,4,April,1,6,Saturday,true,13
20170402,2017-04-02,2017,2,4,April,2,7,Sunday,true,13
20170403,2017-04-03,2017,2,4,April,3,1,Monday,false,14
20170404,2017-04-04,2017,2,4,April,4,2,Tuesday,false,14
20170405,2017-04-05,2017,2,4,April,5,3,Wednesday,false,14
20170406,2017-04-06,2017,2,4,April,6,4,Thursday,false,14
20170407,2017-04-07,2017,2,4,April,7,5,Friday,false,14
20170408,2017-04-08,2017,2,4,April,8,6,Saturday,true,14
20170409,2017-04-09,2017,2,4,April,9,7,Sunday,true,14
20170410,2017-04-10,2017,2,4,April,10,1,Monday,false,15
20170411,2017-04-11,2017,2,4,April,11,2,Tuesday,false,15
20170412,2017-04-12,2017,2,4,April,12,3,Wednesday,false,15
20170413,2017-04-13,2017,2,4,April,13,4,Thursday,false,15
20170414,2017-04-14,2017,2,4,April,14,5,Friday,false,15
20170415,2017-04-15,2017,2,4,April,15,6,Saturday,true,15
20170416,2017-04-16,2017,2,4,April,16,7,Sunday,true,15
20170417,2017-04-17,2017,2,4,April,17,1,Monday,false,16
20170418,2017-04-18,2017,2,4,April,18,2,Tuesday,false,16
20170419,2017-04-19,2017,2,4,April,19,3,Wednesday,false,16
20170420,2017-04-20,2017,2,4,April,20,4,Thursday,false,16
20170421,2017-04-21,2017,2,4,April,21,5,Friday,false,16
20170422,2017-04-22,2017,2,4,April,22,6,Saturday,true,16
20170423,2017-04-23,2017,2,4,April,23,7,Sunday,true,16
20170424,2017-04-24,2017,2,4,April,24,1,Monday,false,17
20170425,2017-04-25,2017,2,4,April,25,2,Tuesday,false,17
20170426,2017-04-26,2017,2,4,April,26,3,Wednesday,false,17
20170427,2017-04-27,2017,2,4,April,27,4,Thursday,false,17
20170428,2017-04-28,2017,2,4,April,28,5,Friday,false,17
20170429,2017-04-29,2017,2,4,April,29,6,Saturday,true,17
20170430,2017-04-30,2017,2,4,April,30,7,Sunday,true,17
20170501,2017-05-01,2017,2,5,May,1,1,Monday,false,18
20170502,2017-05-02,2017,2,5,May,2,2,Tuesday,false,18
20170503,2017-05-03,2017,2,5,May,3,3,Wednesday,false,18
20170504,2017-05-04,2017,2,5,May,4,4,Thursday,false,18
20170505,2017-05-05,2017,2,5,May,5,5,Friday,false,18
20170506,2017-05-06,2017,2,5,May,6,6,Saturday,true,18
20170507,2017-05-07,2017,2,5,May,7,7,Sunday,true,18
20170508,2017-05-08,2017,2,5,May,8,1,Monday,false,19
20170509,2017-05-09,2017,2,5,May,9,2,Tuesday,false,19
20170510,2017-05-10,2017,2,5,May,10,3,Wednesday,false,19
20170511,2017-05-11,2017,2,5,May,11,4,Thursday,false,19
20170512,2017-05-12,2017,2,5,May,12,5,Friday,false,19
20170513,2017-05-13,2017,2,5,May,13,6,Saturday,true,19
20170514,2017-05-14,2017,2,5,May,14,7,Sunday,true,19
20170515,2017-05-15,2017,2,5,May,15,1,Monday,false,20
20170516,2017-05-16,2017,2,5,May,16,2,Tuesday,false,20
20170517,2017-05-17,2017,2,5,May,17,3,Wednesday,false,20
20170518,2017-05-18,2017,2,5,May,18,4,Thursday,false,20
20170519,2017-05-19,2017,2,5,May,19,5,Friday,false,20
20170520,2017-05-20,2017,2,5,May,20,6,Saturday,true,20
20170521,2017-05-21,2017,2,5,May,21,7,Sunday,true,20
20170522,2017-05-22,2017,2,5,May,22,1,Monday,false,21
20170523,2017-05-23,2017,2,5,May,23,2,Tuesday,false,21
20170524,2017-05-24,2017,2,5,May,24,3,Wednesday,false,21
20170525,2017-05-25,2017,2,5,May,25,4,Thursday,false,21
20170526,2017-05-26,2017,2,5,May,26,5,Friday,false,21
20170527,2017-05-27,2017,2,5,May,27,6,Saturday,true,21
20170528,2017-05-28,2017,2,5,May,28,7,Sunday,true,21
20170529,2017-05-29,2017,2,5,May,29,1,Monday,false,22
20170530,2017-05-30,2017,2,5,May,30,2,Tuesday,false,22
20170531,2017-05-31,2017,2,5,May,31,3,Wednesday,false,22
20170601,2017-06-01,2017,2,6,June,1,4,Thursday,false,22
20170602,2017-06-02,2017,2,6,June,2,5,Friday,false,22
20170603,2017-06-03,2017,2,6,June,3,6,Saturday,true,22
20170604,2017-06-04,2017,2,6,June,4,7,Sunday,true,22
20170605,2017-06-05,2017,2,6,June,5,1,Monday,false,23
20170606,2017-06-06,2017,2,6,June,6,2,Tuesday,false,23
20170607,2017-06-07,2017,2,6,June,7,3,Wednesday,false,23
20170608,2017-06-08,2017,2,6,June,8,4,Thursday,false,23
20170609,2017-06-09,2017,2,6,June,9,5,Friday,false,23
20170610,2017-06-10,2017,2,6,June,10,6,Saturday,true,23
20170611,2017-06-11,2017,2,6,June,11,7,Sunday,true,23
20170612,2017-06-12,2017,2,6,June,12,1,Monday,false,24
20170613,2017-06-13,2017,2,6,June,13,2,Tuesday,false,24
20170614,2017-06-14,2017,2,6,June,14,3,Wednesday,false,24
20170615,2017-06-15,2017,2,6,June,15,4,Thursday,false,24
20170616,2017-06-16,2017,2,6,June,16,5,Friday,false,24
20170617,2017-06-17,2017,2,6,June,17,6,Saturday,true,24
20170618,2017-06-18,2017,2,6,June,18,7,Sunday,true,24
20170619,2017-06-19,2017,2,6,June,19,1,Monday,false,25
20170620,2017-06-20,2017,2,6,June,20,2,Tuesday,false,25
20170621,2017-06-21,2017,2,6,June,21,3,Wednesday,false,25
20170622,2017-06-22,2017,2,6,June,22,4,Thursday,false,25
20170623,2017-06-23,2017,2,6,June,23,5,Friday,false,25
20170624,2017-06-24,2017,2,6,June,24,6,Saturday,true,25
20170625,2017-06-25,2017,2,6,June,25,7,Sunday,true,25
20170626,2017-06-26,2017,2,6,June,26,1,Monday,false,26
20170627,2017-06-27,2017,2,6,June,27,2,Tuesday,false,26
20170628,2017-06-28,2017,2,6,June,28,3,Wednesday,false,26
20170629,2017-06-29,2017,2,6,June,29,4,Thursday,false,26
20170630,2017-06-30,2017,2,6,June,30,5,Friday,false,26
20170701,2017-07-01,2017,3,7,July,1,6,Saturday,true,26
20170702,2017-07-02,2017,3,7,July,2,7,Sunday,true,26
20170703,2017-07-03,2017,3,7,July,3,1,Monday,false,27
20170704,2017-07-04,2017,3,7,July,4,2,Tuesday,false,27
20170705,2017-07-05,2017,3,7,July,5,3,Wednesday,false,27
20170706,2017-07-06,2017,3,7,July,6,4,Thursday,false,27
20170707,2017-07-07,2017,3,7,July,7,5,Friday,false,27
20170708,2017-07-08,2017,3,7,July,8,6,Saturday,true,27
20170709,2017-07-09,2017,3,7,July,9,7,Sunday,true,27
20170710,2017-07-10,2017,3,7,July,10,1,Monday,false,28
20170711,2017-07-11,2017,3,7,July,11,2,Tuesday,false,28
20170712,2017-07-12,2017,3,7,July,12,3,Wednesday,false,28
20170713,2017-07-13,2017,3,7,July,13,4,Thursday,false,28
20170714,2017-07-14,2017,3,7,July,14,5,Friday,false,28
20170715,2017-07-15,2017,3,7,July,15,6,Saturday,true,28
20170716,2017-07-16,2017,3,7,July,16,7,Sunday,true,28
20170717,2017-07-17,2017,3,7,July,17,1,Monday,false,29
20170718,2017-07-18,2017,3,7,July,18,2,Tuesday,false,29
20170719,2017-07-19,2017,3,7,July,19,3,Wednesday,false,29
20170720,2017-07-20,2017,3,7,July,20,4,Thursday,false,29
20170721,2017-07-21,2017,3,7,July,21,5,Friday,false,29
20170722,2017-07-22,2017,3,7,July,22,6,Saturday,true,29
20170723,2017-07-23,2017,3,7,July,23,7,Sunday,true,29
20170724,2017-07-24,2017,3,7,July,24,1,Monday,false,30
20170725,2017-07-25,2017,3,7,July,25,2,Tuesday,false,30
20170726,2017-07-26,2017,3,7,July,26,3,Wednesday,false,30
20170727,2017-07-27,2017,3,7,July,27,4,Thursday,false,30
20170728,2017-07-28,2017,3,7,July,28,5,Friday,false,30
20170729,2017-07-29,2017,3,7,July,29,6,Saturday,true,30
20170730,2017-07-30,2017,3,7,July,30,7,Sunday,true,30
20170731,2017-07-31,2017,3,7,July,31,1,Monday,false,31
20170801,2017-08-01,2017,3,8,August,1,2,Tuesday,false,31
20170802,2017-08-02,2017,3,8,August,2,3,Wednesday,false,31
20170803,2017-08-03,2017,3,8,August,3,4,Thursday,false,31
20170804,2017-08-04,2017,3,8,August,4,5,Friday,false,31
20170805,2017-08-05,2017,3,8,August,5,6,Saturday,true,31
20170806,2017-08-06,2017,3,8,August,6,7,Sunday,true,31
20170807,2017-08-07,2017,3,8,August,7,1,Monday,false,32
20170808,2017-08-08,2017,3,8,August,8,2,Tuesday,false,32
20170809,2017-08-09,2017,3,8,August,9,3,Wednesday,false,32
20170810,2017-08-10,2017,3,8,August,10,4,Thursday,false,32
20170811,2017-08-11,2017,3,8,August,11,5,Friday,false,32
20170812,2017-08-12,2017,3,8,August,12,6,Saturday,true,32
20170813,2017-08-13,2017,3,8,August,13,7,Sunday,true,32
20170814,2017-08-14,2017,3,8,August,14,1,Monday,false,33
20170815,2017-08-15,2017,3,8,August,15,2,Tuesday,false,33
20170816,2017-08-16,2017,3,8,August,16,3,Wednesday,false,33
20170817,2017-08-17,2017,3,8,August,17,4,Thursday,false,33
20170818,2017-08-18,2017,3,8,August,18,5,Friday,false,33
20170819,2017-08-19,2017,3,8,August,19,6,Saturday,true,33
20170820,2017-08-20,2017,3,8,August,20,7,Sunday,true,33
20170821,2017-08-21,2017,3,8,August,21,1,Monday,false,34
20170822,2017-08-22,2017,3,8,August,22,2,Tuesday,false,34
20170823,2017-08-23,2017,3,8,August,23,3,Wednesday,false,34
20170824,2017-08-24,2017,3,8,August,24,4,Thursday,false,34
20170825,2017-08-25,2017,3,8,August,25,5,Friday,false,34
20170826,2017-08-26,2017,3,8,August,26,6,Saturday,true,34
20170827,2017-08-27,2017,3,8,August,27,7,Sunday,true,34
20170828,2017-08-28,2017,3,8,August,28,1,Monday,false,35
20170829,2017-08-29,2017,3,8,August,29,2,Tuesday,false,35
20170830,2017-08-30,2017,3,8,August,30,3,Wednesday,false,35
20170831,2017-08-31,2017,3,8,August,31,4,Thursday,false,35
20170901,2017-09-01,2017,3,9,September,1,5,Friday,false,35
20170902,2017-09-02,2017,3,9,September,2,6,Saturday,true,35
20170903,2017-09-03,2017,3,9,September,3,7,Sunday,true,35
20170904,2017-09-04,2017,3,9,September,4,1,Monday,false,36
20170905,2017-09-05,2017,3,9,September,5,2,Tuesday,false,36
20170906,2017-09-06,2017,3,9,September,6,3,Wednesday,false,36
20170907,2017-09-07,2017,3,9,September,7,4,Thursday,false,36
20170908,2017-09-08,2017,3,9,September,8,5,Friday,false,36
20170909,2017-09-09,2017,3,9,September,9,6,Saturday,true,36
20170910,2017-09-10,2017,3,9,September,10,7,Sunday,true,36
20170911,2017-09-11,2017,3,9,September,11,1,Monday,false,37
20170912,2017-09-12,2017,3,9,September,12,2,Tuesday,false,37
20170913,2017-09-13,2017,3,9,September,13,3,Wednesday,false,37
20170914,2017-09-14,2017,3,9,September,14,4,Thursday,false,37
20170915,2017-09-15,2017,3,9,September,15,5,Friday,false,37
20170916,2017-09-16,2017,3,9,September,16,6,Saturday,true,37
20170917,2017-09-17,2017,3,9,September,17,7,Sunday,true,37
20170918,2017-09-18,2017,3,9,September,18,1,Monday,false,38
20170919,2017-09-19,2017,3,9,September,19,2,Tuesday,false,38
20170920,2017-09-20,2017,3,9,September,20,3,Wednesday,false,38
20170921,2017-09-21,2017,3,9,September,21,4,Thursday,false,38
20170922,2017-09-22,2017,3,9,September,22,5,Friday,false,38
20170923,2017-09-23,2017,3,9,September,23,6,Saturday,true,38
20170924,2017-09-24,2017,3,9,September,24,7,Sunday,true,38
20170925,2017-09-25,2017,3,9,September,25,1,Monday,false,39
20170926,2017-09-26,2017,3,9,September,26,2,Tuesday,false,39
20170927,2017-09-27,2017,3,9,September,27,3,Wednesday,false,39
20170928,2017-09-28,2017,3,9,September,28,4,Thursday,false,39
20170929,2017-09-29,2017,3,9,September,29,5,Friday,false,39
20170930,2017-09-30,2017,3,9,September,30,6,Saturday,true,39
20171001,2017-10-01,2017,4,10,October,1,7,Sunday,true,39
20171002,2017-10-02,2017,4,10,October,2,1,Monday,false,40
20171003,2017-10-03,2017,4,10,October,3,2,Tuesday,false,40
20171004,2017-10-04,2017,4,10,October,4,3,Wednesday,false,40
20171005,2017-10-05,2017,4,10,October,5,4,Thursday,false,40
20171006,2017-10-06,2017,4,10,October,6,5,Friday,false,40
20171007,2017-10-07,2017,4,10,October,7,6,Saturday,true,40
20171008,2017-10-08,2017,4,10,October,8,7,Sunday,true,40
20171009,2017-10-09,2017,4,10,October,9,1,Monday,false,41
20171010,2017-10-10,2017,4,10,October,10,2,Tuesday,false,41
20171011,2017-10-11,2017,4,10,October,11,3,Wednesday,false,41
20171012,2017-10-12,2017,4,10,October,12,4,Thursday,false,41
20171013,2017-10-13,2017,4,10,October,13,5,Friday,false,41
20171014,2017-10-14,2017,4,10,October,14,6,Saturday,true,41
20171015,2017-10-15,2017,4,10,October,15,7,Sunday,true,41
20171016,2017-10-16,2017,4,10,October,16,1,Monday,false,42
20171017,2017-10-17,2017,4,10,October,17,2,Tuesday,false,42
20171018,2017-10-18,2017,4,10,October,18,3,Wednesday,false,42
20171019,2017-10-19,2017,4,10,October,19,4,Thursday,false,42
20171020,2017-10-20,2017,4,10,October,20,5,Friday,false,42
20171021,2017-10-21,2017,4,10,October,21,6,Saturday,true,42
20171022,2017-10-22,2017,4,10,October,22,7,Sunday,true,42
20171023,2017-10-23,2017,4,10,October,23,1,Monday,false,43
20171024,2017-10-24,2017,4,10,October,24,2,Tuesday,false,43
20171025,2017-10-25,2017,4,10,October,25,3,Wednesday,false,43
20171026,2017-10-26,2017,4,10,October,26,4,Thursday,false,43
20171027,2017-10-27,2017,4,10,October,27,5,Friday,false,43
20171028,2017-10-28,2017,4,10,October,28,6,Saturday,true,43
20171029,2017-10-29,2017,4,10,October,29,7,Sunday,true,43
20171030,2017-10-30,2017,4,10,October,30,1,Monday,false,44
20171031,2017-10-31,2017,4,10,October,31,2,Tuesday,false,44
20171101,2017-11-01,2017,4,11,November,1,3,Wednesday,false,44
20171102,2017-11-02,2017,4,11,November,2,4,Thursday,false,44
20171103,2017-11-03,2017,4,11,November,3,5,Friday,false,44
20171104,2017-11-04,2017,4,11,November,4,6,Saturday,true,44
20171105,2017-11-05,2017,4,11,November,5,7,Sunday,true,44
20171106,2017-11-06,2017,4,11,November,6,1,Monday,false,45
20171107,2017-11-07,2017,4,11,November,7,2,Tuesday,false,45
20171108,2017-11-08,2017,4,11,November,8,3,Wednesday,false,45
20171109,2017-11-09,2017,4,11,November,9,4,Thursday,false,45
20171110,2017-11-10,2017,4,11,November,10,5,Friday,false,45
20171111,2017-11-11,2017,4,11,November,11,6,Saturday,true,45
20171112,2017-11-12,2017,4,11,November,12,7,Sunday,true,45
20171113,2017-11-13,2017,4,11,November,13,1,Monday,false,46
20171114,2017-11-14,2017,4,11,November,14,2,Tuesday,false,46
20171115,2017-11-15,2017,4,11,November,15,3,Wednesday,false,46
20171116,2017-11-16,2017,4,11,November,16,4,Thursday,false,46
20171117,2017-11-17,2017,4,11,November,17,5,Friday,false,46
20171118,2017-11-18,2017,4,11,November,18,6,Saturday,true,46
20171119,2017-11-19,2017,4,11,November,19,7,Sunday,true,46
20171120,2017-11-20,2017,4,11,November,20,1,Monday,false,47
20171121,2017-11-21,2017,4,11,November,21,2,Tuesday,false,47
20171122,2017-11-22,2017,4,11,November,22,3,Wednesday,false,47
20171123,2017-11-23,2017,4,11,November,23,4,Thursday,false,47
20171124,2017-11-24,2017,4,11,November,24,5,Friday,false,47
20171125,2017-11-25,2017,4,11,November,25,6,Saturday,true,47
20171126,2017-11-26,2017,4,11,November,26,7,Sunday,true,47
20171127,2017-11-27,2017,4,11,November,27,1,Monday,false,48
20171128,2017-11-28,2017,4,11,November,28,2,Tuesday,false,48
20171129,2017-11-29,2017,4,11,November,29,3,Wednesday,false,48
20171130,2017-11-30,2017,4,11,November,30,4,Thursday,false,48
20171201,2017-12-01,2017,4,12,December,1,5,Friday,false,48
20171202,2017-12-02,2017,4,12,December,2,6,Saturday,true,48
20171203,2017-12-03,2017,4,12,December,3,7,Sunday,true,48
20171204,2017-12-04,2017,4,12,December,4,1,Monday,false,49
20171205,2017-12-05,2017,4,12,December,5,2,Tuesday,false,49
20171206,2017-12-06,2017,4,12,December,6,3,Wednesday,false,49
20171207,2017-12-07,2017,4,12,December,7,4,Thursday,false,49
20171208,2017-12-08,2017,4,12,December,8,5,Friday,false,49
20171209,2017-12-09,2017,4,12,December,9,6,Saturday,true,49
20171210,2017-12-10,2017,4,12,December,10,7,Sunday,true,49
20171211,2017-12-11,2017,4,12,December,11,1,Monday,false,50
20171212,2017-12-12,2017,4,12,December,12,2,Tuesday,false,50
20171213,2017-12-13,2017,4,12,December,13,3,Wednesday,false,50
20171214,2017-12-14,2017,4,12,December,14,4,Thursday,false,50
20171215,2017-12-15,2017,4,12,December,15,5,Friday,false,50
20171216,2017-12-16,2017,4,12,December,16,6,Saturday,true,50
20171217,2017-12-17,2017,4,12,December,17,7,Sunday,true,50
20171218,2017-12-18,2017,4,12,December,18,1,Monday,false,51
20171219,2017-12-19,2017,4,12,December,19,2,Tuesday,false,51
20171220,2017-12-20,2017,4,12,December,20,3,Wednesday,false,51
20171221,2017-12-21,2017,4,12,December,21,4,Thursday,false,51
20171222,2017-12-22,2017,4,12,December,22,5,Friday,false,51
20171223,2017-12-23,2017,4,12,December,23,6,Saturday,true,51
20171224,2017-12-24,2017,4,12,December,24,7,Sunday,true,51
20171225,2017-12-25,2017,4,12,December,25,1,Monday,false,52
20171226,2017-12-26,2017,4,12,December,26,2,Tuesday,false,52
20171227,2017-12-27,2017,4,12,December,27,3,Wednesday,false,52
20171228,2017-12-28,2017,4,12,December,28,4,Thursday,false,52
20171229,2017-12-29,2017,4,12,December,29,5,Friday,false,52
20171230,2017-12-30,2017,4,12,December,30,6,Saturday,true,52
20171231,2017-12-31,2017,4,12,December,31,7,Sunday,true,52
20180101,2018-01-01,2018,1,1,January,1,1,Monday,false,1
20180102,2018-01-02,2018,1,1,January,2,2,Tuesday,false,1
20180103,2018-01-03,2018,1,1,January,3,3,Wednesday,false,1
20180104,2018-01-04,2018,1,1,January,4,4,Thursday,false,1
20180105,2018-01-05,2018,1,1,January,5,5,Friday,false,1
20180106,2018-01-06,2018,1,1,January,6,6,Saturday,true,1
20180107,2018-01-07,2018,1,1,January,7,7,Sunday,true,1
20180108,2018-01-08,2018,1,1,January,8,1,Monday,false,2
20180109,2018-01-09,2018,1,1,January,9,2,Tuesday,false,2
20180110,2018-01-10,2018,1,1,January,10,3,Wednesday,false,2
20180111,2018-01-11,2018,1,1,January,11,4,Thursday,false,2
20180112,2018-01-12,2018,1,1,January,12,5,Friday,false,2
20180113,2018-01-13,2018,1,1,January,13,6,Saturday,true,2
20180114,2018-01-14,2018,1,1,January,14,7,Sunday,true,2
20180115,2018-01-15,2018,1,1,January,15,1,Monday,false,3
20180116,2018-01-16,2018,1,1,January,16,2,Tuesday,false,3
20180117,2018-01-17,2018,1,1,January,17,3,Wednesday,false,3
20180118,2018-01-18,2018,1,1,January,18,4,Thursday,false,3
20180119,2018-01-19,2018,1,1,January,19,5,Friday,false,3
20180120,2018-01-20,2018,1,1,January,20,6,Saturday,true,3
20180121,2018-01-21,2018,1,1,January,21,7,Sunday,true,3
20180122,2018-01-22,2018,1,1,January,22,1,Monday,false,4
20180123,2018-01-23,2018,1,1,January,23,2,Tuesday,false,4
20180124,2018-01-24,2018,1,1,January,24,3,Wednesday,false,4
20180125,2018-01-25,2018,1,1,January,25,4,Thursday,false,4
20180126,2018-01-26,2018,1,1,January,26,5,Friday,false,4
20180127,2018-01-27,2018,1,1,January,27,6,Saturday,true,4
20180128,2018-01-28,2018,1,1,January,28,7,Sunday,true,4
20180129,2018-01-29,2018,1,1,January,29,1,Monday,false,5
20180130,2018-01-30,2018,1,1,January,30,2,Tuesday,false,5
20180131,2018-01-31,2018,1,1,January,31,3,Wednesday,false,5
20180201,2018-02-01,2018,1,2,February,1,4,Thursday,false,5
20180202,2018-02-02,2018,1,2,February,2,5,Friday,false,5
20180203,2018-02-03,2018,1,2,February,3,6,Saturday,true,5
20180204,2018-02-04,2018,1,2,February,4,7,Sunday,true,5
20180205,2018-02-05,2018,1,2,February,5,1,Monday,false,6
20180206,2018-02-06,2018,1,2,February,6,2,Tuesday,false,6
20180207,2018-02-07,2018,1,2,February,7,3,Wednesday,false,6
20180208,2018-02-08,2018,1,2,February,8,4,Thursday,false,6
20180209,2018-02-09,2018,1,2,February,9,5,Friday,false,6
20180210,2018-02-10,2018,1,2,February,10,6,Saturday,true,6
20180211,2018-02-11,2018,1,2,February,11,7,Sunday,true,6
20180212,2018-02-12,2018,1,2,February,12,1,Monday,false,7
20180213,2018-02-13,2018,1,2,February,13,2,Tuesday,false,7
20180214,2018-02-14,2018,1,2,February,14,3,Wednesday,false,7
20180215,2018-02-15,2018,1,2,February,15,4,Thursday,false,7
20180216,2018-02-16,2018,1,2,February,16,5,Friday,false,7
20180217,2018-02-17,2018,1,2,February,17,6,Saturday,true,7
20180218,2018-02-18,2018,1,2,February,18,7,Sunday,true,7
20180219,2018-02-19,2018,1,2,February,19,1,Monday,false,8
20180220,2018-02-20,2018,1,2,February,20,2,Tuesday,false,8
20180221,2018-02-21,2018,1,2,February,21,3,Wednesday,false,8
20180222,2018-02-22,2018,1,2,February,22,4,Thursday,false,8
20180223,2018-02-23,2018,1,2,February,23,5,Friday,false,8
20180224,2018-02-24,2018,1,2,February,24,6,Saturday,true,8
20180225,2018-02-25,2018,1,2,February,25,7,Sunday,true,8
20180226,2018-02-26,2018,1,2,February,26,1,Monday,false,9
20180227,2018-02-27,2018,1,2,February,27,2,Tuesday,false,9
20180228,2018-02-28,2018,1,2,February,28,3,Wednesday,false,9
20180301,2018-03-01,2018,1,3,March,1,4,Thursday,false,9
20180302,2018-03-02,2018,1,3,March,2,5,Friday,false,9
20180303,2018-03-03,2018,1,3,March,3,6,Saturday,true,9
20180304,2018-03-04,2018,1,3,March,4,7,Sunday,true,9
20180305,2018-03-05,2018,1,3,March,5,1,Monday,false,10
20180306,2018-03-06,2018,1,3,March,6,2,Tuesday,false,10
20180307,2018-03-07,2018,1,3,March,7,3,Wednesday,false,10
20180308,2018-03-08,2018,1,3,March,8,4,Thursday,false,10
20180309,2018-03-09,2018,1,3,March,9,5,Friday,false,10
20180310,2018-03-10,2018,1,3,March,10,6,Saturday,true,10
20180311,2018-03-11,2018,1,3,March,11,7,Sunday,true,10
20180312,2018-03-12,2018,1,3,March,12,1,Monday,false,11
20180313,2018-03-13,2018,1,3,March,13,2,Tuesday,false,11
20180314,2018-03-14,2018,1,3,March,14,3,Wednesday,false,11
20180315,2018-03-15,2018,1,3,March,15,4,Thursday,false,11
20180316,2018-03-16,2018,1,3,March,16,5,Friday,false,11
20180317,2018-03-17,2018,1,3,March,17,6,Saturday,true,11
20180318,2018-03-18,2018,1,3,March,18,7,Sunday,true,11
20180319,2018-03-19,2018,1,3,March,19,1,Monday,false,12
20180320,2018-03-20,2018,1,3,March,20,2,Tuesday,false,12
20180321,2018-03-21,2018,1,3,March,21,3,Wednesday,false,12
20180322,2018-03-22,2018,1,3,March,22,4,Thursday,false,12
20180323,2018-03-23,2018,1,3,March,23,5,Friday,false,12
20180324,2018-03-24,2018,1,3,March,24,6,Saturday,true,12
20180325,2018-03-25,2018,1,3,March,25,7,Sunday,true,12
20180326,2018-03-26,2018,1,3,March,26,1,Monday,false,13
20180327,2018-03-27,2018,1,3,March,27,2,Tuesday,false,13
20180328,2018-03-28,2018,1,3,March,28,3,Wednesday,false,13
20180329,2018-03-29,2018,1,3,March,29,4,Thursday,false,13
20180330,2018-03-30,2018,1,3,March,30,5,Friday,false,13
20180331,2018-03-31,2018,1,3,March,31,6,Saturday,true,13
20180401,2018-04-01,2018,2,4,April,1,7,Sunday,true,13
20180402,2018-04-02,2018,2,4,April,2,1,Monday,false,14
20180403,2018-04-03,2018,2,4,April,3,2,Tuesday,false,14
20180404,2018-04-04,2018,2,4,April,4,3,Wednesday,false,14
20180405,2018-04-05,2018,2,4,April,5,4,Thursday,false,14
20180406,2018-04-06,2018,2,4,April,6,5,Friday,false,14
20180407,2018-04-07,2018,2,4,April,7,6,Saturday,true,14
20180408,2018-04-08,2018,2,4,April,8,7,Sunday,true,14
20180409,2018-04-09,2018,2,4,April,9,1,Monday,false,15
20180410,2018-04-10,2018,2,4,April,10,2,Tuesday,false,15
20180411,2018-04-11,2018,2,4,April,11,3,Wednesday,false,15
20180412,2018-04-12,2018,2,4,April,12,4,Thursday,false,15
20180413,2018-04-13,2018,2,4,April,13,5,Friday,false,15
20180414,2018-04-14,2018,2,4,April,14,6,Saturday,true,15
20180415,2018-04-15,2018,2,4,April,15,7,Sunday,true,15
20180416,2018-04-16,2018,2,4,April,16,1,Monday,false,16
20180417,2018-04-17,2018,2,4,April,17,2,Tuesday,false,16
20180418,2018-04-18,2018,2,4,April,18,3,Wednesday,false,16
20180419,2018-04-19,2018,2,4,April,19,4,Thursday,false,16
20180420,2018-04-20,2018,2,4,April,20,5,Friday,false,16
20180421,2018-04-21,2018,2,4,April,21,6,Saturday,true,16
20180422,2018-04-22,2018,2,4,April,22,7,Sunday,true,16
20180423,2018-04-23,2018,2,4,April,23,1,Monday,false,17
20180424,2018-04-24,2018,2,4,April,24,2,Tuesday,false,17
20180425,2018-04-25,2018,2,4,April,25,3,Wednesday,false,17
20180426,2018-04-26,2018,2,4,April,26,4,Thursday,false,17
20180427,2018-04-27,2018,2,4,April,27,5,Friday,false,17
20180428,2018-04-28,2018,2,4,April,28,6,Saturday,true,17
20180429,2018-04-29,2018,2,4,April,29,7,Sunday,true,17
20180430,2018-04-30,2018,2,4,April,30,1,Monday,false,18
20180501,2018-05-01,2018,2,5,May,1,2,Tuesday,false,18
20180502,2018-05-02,2018,2,5,May,2,3,Wednesday,false,18
20180503,2018-05-03,2018,2,5,May,3,4,Thursday,false,18
20180504,2018-05-04,2018,2,5,May,4,5,Friday,false,18
20180505,2018-05-05,2018,2,5,May,5,6,Saturday,true,18
20180506,2018-05-06,2018,2,5,May,6,7,Sunday,true,18
20180507,2018-05-07,2018,2,5,May,7,1,Monday,false,19
20180508,2018-05-08,2018,2,5,May,8,2,Tuesday,false,19
20180509,2018-05-09,2018,2,5,May,9,3,Wednesday,false,19
20180510,2018-05-10,2018,2,5,May,10,4,Thursday,false,19
20180511,2018-05-11,2018,2,5,May,11,5,Friday,false,19
20180512,2018-05-12,2018,2,5,May,12,6,Saturday,true,19
20180513,2018-05-13,2018,2,5,May,13,7,Sunday,true,19
20180514,2018-05-14,2018,2,5,May,14,1,Monday,false,20
20180515,2018-05-15,2018,2,5,May,15,2,Tuesday,false,20
20180516,2018-05-16,2018,2,5,May,16,3,Wednesday,false,20
20180517,2018-05-17,2018,2,5,May,17,4,Thursday,false,20
20180518,2018-05-18,2018,2,5,May,18,5,Friday,false,20
20180519,2018-05-19,2018,2,5,May,19,6,Saturday,true,20
20180520,2018-05-20,2018,2,5,May,20,7,Sunday,true,20
20180521,2018-05-21,2018,2,5,May,21,1,Monday,false,21
20180522,2018-05-22,2018,2,5,May,22,2,Tuesday,false,21
20180523,2018-05-23,2018,2,5,May,23,3,Wednesday,false,21
20180524,2018-05-24,2018,2,5,May,24,4,Thursday,false,21
20180525,2018-05-25,2018,2,5,May,25,5,Friday,false,21
20180526,2018-05-26,2018,2,5,May,26,6,Saturday,true,21
20180527,2018-05-27,2018,2,5,May,27,7,Sunday,true,21
20180528,2018-05-28,2018,2,5,May,28,1,Monday,false,22
20180529,2018-05-29,2018,2,5,May,29,2,Tuesday,false,22
20180530,2018-05-30,2018,2,5,May,30,3,Wednesday,false,22
20180531,2018-05-31,2018,2,5,May,31,4,Thursday,false,22
20180601,2018-06-01,2018,2,6,June,1,5,Friday,false,22
20180602,2018-06-02,2018,2,6,June,2,6,Saturday,true,22
20180603,2018-06-03,2018,2,6,June,3,7,Sunday,true,22
20180604,2018-06-04,2018,2,6,June,4,1,Monday,false,23
20180605,2018-06-05,2018,2,6,June,5,2,Tuesday,false,23
20180606,2018-06-06,2018,2,6,June,6,3,Wednesday,false,23
20180607,2018-06-07,2018,2,6,June,7,4,Thursday,false,23
20180608,2018-06-08,2018,2,6,June,8,5,Friday,false,23
20180609,2018-06-09,2018,2,6,June,9,6,Saturday,true,23
20180610,2018-06-10,2018,2,6,June,10,7,Sunday,true,23
20180611,2018-06-11,2018,2,6,June,11,1,Monday,false,24
20180612,2018-06-12,2018,2,6,June,12,2,Tuesday,false,24
20180613,2018-06-13,2018,2,6,June,13,3,Wednesday,false,24
20180614,2018-06-14,2018,2,6,June,14,4,Thursday,false,24
20180615,2018-06-15,2018,2,6,June,15,5,Friday,false,24
20180616,2018-06-16,2018,2,6,June,16,6,Saturday,true,24
20180617,2018-06-17,2018,2,6,June,17,7,Sunday,true,24
20180618,2018-06-18,2018,2,6,June,18,1,Monday,false,25
20180619,2018-06-19,2018,2,6,June,19,2,Tuesday,false,25
20180620,2018-06-20,2018,2,6,June,20,3,Wednesday,false,25
20180621,2018-06-21,2018,2,6,June,21,4,Thursday,false,25
20180622,2018-06-22,2018,2,6,June,22,5,Friday,false,25
20180623,2018-06-23,2018,2,6,June,23,6,Saturday,true,25
20180624,2018-06-24,2018,2,6,June,24,7,Sunday,true,25
20180625,2018-06-25,2018,2,6,June,25,1,Monday,false,26
20180626,2018-06-26,2018,2,6,June,26,2,Tuesday,false,26
20180627,2018-06-27,2018,2,6,June,27,3,Wednesday,false,26
20180628,2018-06-28,2018,2,6,June,28,4,Thursday,false,26
20180629,2018-06-29,2018,2,6,June,29,5,Friday,false,26
20180630,2018-06-30,2018,2,6,June,30,6,Saturday,true,26
20180701,2018-07-01,2018,3,7,July,1,7,Sunday,true,26
20180702,2018-07-02,2018,3,7,July,2,1,Monday,false,27
20180703,2018-07-03,2018,3,7,July,3,2,Tuesday,false,27
20180704,2018-07-04,2018,3,7,July,4,3,Wednesday,false,27
20180705,2018-07-05,2018,3,7,July,5,4,Thursday,false,27
20180706,2018-07-06,2018,3,7,July,6,5,Friday,false,27
20180707,2018-07-07,2018,3,7,July,7,6,Saturday,true,27
20180708,2018-07-08,2018,3,7,July,8,7,Sunday,true,27
20180709,2018-07-09,2018,3,7,July,9,1,Monday,false,28
20180710,2018-07-10,2018,3,7,July,10,2,Tuesday,false,28
20180711,2018-07-11,2018,3,7,July,11,3,Wednesday,false,28
20180712,2018-07-12,2018,3,7,July,12,4,Thursday,false,28
20180713,2018-07-13,2018,3,7,July,13,5,Friday,false,28
20180714,2018-07-14,2018,3,7,July,14,6,Saturday,true,28
20180715,2018-07-15,2018,3,7,July,15,7,Sunday,true,28
20180716,2018-07-16,2018,3,7,July,16,1,Monday,false,29
20180717,2018-07-17,2018,3,7,July,17,2,Tuesday,false,29
20180718,2018-07-18,2018,3,7,July,18,3,Wednesday,false,29
20180719,2018-07-19,2018,3,7,July,19,4,Thursday,false,29
20180720,2018-07-20,2018,3,7,July,20,5,Friday,false,29
20180721,2018-07-21,2018,3,7,July,21,6,Saturday,true,29
20180722,2018-07-22,2018,3,7,July,22,7,Sunday,true,29
20180723,2018-07-23,2018,3,7,July,23,1,Monday,false,30
20180724,2018-07-24,2018,3,7,July,24,2,Tuesday,false,30
20180725,2018-07-25,2018,3,7,July,25,3,Wednesday,false,30
20180726,2018-07-26,2018,3,7,July,26,4,Thursday,false,30
20180727,2018-07-27,2018,3,7,July,27,5,Friday,false,30
20180728,2018-07-28,2018,3,7,July,28,6,Saturday,true,30
20180729,2018-07-29,2018,3,7,July,29,7,Sunday,true,30
20180730,2018-07-30,2018,3,7,July,30,1,Monday,false,31
20180731,2018-07-31,2018,3,7,July,31,2,Tuesday,false,31
20180801,2018-08-01,2018,3,8,August,1,3,Wednesday,false,31
20180802,2018-08-02,2018,3,8,August,2,4,Thursday,false,31
20180803,2018-08-03,2018,3,8,August,3,5,Friday,false,31
20180804,2018-08-04,2018,3,8,August,4,6,Saturday,true,31
20180805,2018-08-05,2018,3,8,August,5,7,Sunday,true,31
20180806,2018-08-06,2018,3,8,August,6,1,Monday,false,32
20180807,2018-08-07,2018,3,8,August,7,2,Tuesday,false,32
20180808,2018-08-08,2018,3,8,August,8,3,Wednesday,false,32
20180809,2018-08-09,2018,3,8,August,9,4,Thursday,false,32
20180810,2018-08-10,2018,3,8,August,10,5,Friday,false,32
20180811,2018-08-11,2018,3,8,August,11,6,Saturday,true,32
20180812,2018-08-12,2018,3,8,August,12,7,Sunday,true,32
20180813,2018-08-13,2018,3,8,August,13,1,Monday,false,33
20180814,2018-08-14,2018,3,8,August,14,2,Tuesday,false,33
20180815,2018-08-15,2018,3,8,August,15,3,Wednesday,false,33
20180816,2018-08-16,2018,3,8,August,16,4,Thursday,false,33
20180817,2018-08-17,2018,3,8,August,17,5,Friday,false,33
20180818,2018-08-18,2018,3,8,August,18,6,Saturday,true,33
20180819,2018-08-19,2018,3,8,August,19,7,Sunday,true,33
20180820,2018-08-20,2018,3,8,August,20,1,Monday,false,34
20180821,2018-08-21,2018,3,8,August,21,2,Tuesday,false,34
20180822,2018-08-22,2018,3,8,August,22,3,Wednesday,false,34
20180823,2018-08-23,2018,3,8,August,23,4,Thursday,false,34
20180824,2018-08-24,2018,3,8,August,24,5,Friday,false,34
20180825,2018-08-25,2018,3,8,August,25,6,Saturday,true,34
20180826,2018-08-26,2018,3,8,August,26,7,Sunday,true,34
20180827,2018-08-27,2018,3,8,August,27,1,Monday,false,35
20180828,2018-08-28,2018,3,8,August,28,2,Tuesday,false,35
20180829,2018-08-29,2018,3,8,August,29,3,Wednesday,false,35
20180830,2018-08-30,2018,3,8,August,30,4,Thursday,false,35
20180831,2018-08-31,2018,3,8,August,31,5,Friday,false,35
20180901,2018-09-01,2018,3,9,September,1,6,Saturday,true,35
20180902,2018-09-02,2018,3,9,September,2,7,Sunday,true,35
20180903,2018-09-03,2018,3,9,September,3,1,Monday,false,36
20180904,2018-09-04,2018,3,9,September,4,2,Tuesday,false,36
20180905,2018-09-05,2018,3,9,September,5,3,Wednesday,false,36
20180906,2018-09-06,2018,3,9,September,6,4,Thursday,false,36
20180907,2018-09-07,2018,3,9,September,7,5,Friday,false,36
20180908,2018-09-08,2018,3,9,September,8,6,Saturday,true,36
20180909,2018-09-09,2018,3,9,September,9,7,Sunday,true,36
20180910,2018-09-10,2018,3,9,September,10,1,Monday,false,37
20180911,2018-09-11,2018,3,9,September,11,2,Tuesday,false,37
20180912,2018-09-12,2018,3,9,September,12,3,Wednesday,false,37
20180913,2018-09-13,2018,3,9,September,13,4,Thursday,false,37
20180914,2018-09-14,2018,3,9,September,14,5,Friday,false,37
20180915,2018-09-15,2018,3,9,September,15,6,Saturday,true,37
20180916,2018-09-16,2018,3,9,September,16,7,Sunday,true,37
20180917,2018-09-17,2018,3,9,September,17,1,Monday,false,38
20180918,2018-09-18,2018,3,9,September,18,2,Tuesday,false,38
20180919,2018-09-19,2018,3,9,September,19,3,Wednesday,false,38
20180920,2018-09-20,2018,3,9,September,20,4,Thursday,false,38
20180921,2018-09-21,2018,3,9,September,21,5,Friday,false,38
20180922,2018-09-22,2018,3,9,September,22,6,Saturday,true,38
20180923,2018-09-23,2018,3,9,September,23,7,Sunday,true,38
20180924,2018-09-24,2018,3,9,September,24,1,Monday,false,39
20180925,2018-09-25,2018,3,9,September,25,2,Tuesday,false,39
20180926,2018-09-26,2018,3,9,September,26,3,Wednesday,false,39
20180927,2018-09-27,2018,3,9,September,27,4,Thursday,false,39
20180928,2018-09-28,2018,3,9,September,28,5,Friday,false,39
20180929,2018-09-29,2018,3,9,September,29,6,Saturday,true,39
20180930,2018-09-30,2018,3,9,September,30,7,Sunday,true,39
20181001,2018-10-01,2018,4,10,October,1,1,Monday,false,40
20181002,2018-10-02,2018,4,10,October,2,2,Tuesday,false,40
20181003,2018-10-03,2018,4,10,October,3,3,Wednesday,false,40
20181004,2018-10-04,2018,4,10,October,4,4,Thursday,false,40
20181005,2018-10-05,2018,4,10,October,5,5,Friday,false,40
20181006,2018-10-06,2018,4,10,October,6,6,Saturday,true,40
20181007,2018-10-07,2018,4,10,October,7,7,Sunday,true,40
20181008,2018-10-08,2018,4,10,October,8,1,Monday,false,41
20181009,2018-10-09,2018,4,10,October,9,2,Tuesday,false,41
20181010,2018-10-10,2018,4,10,October,10,3,Wednesday,false,41
20181011,2018-10-11,2018,4,10,October,11,4,Thursday,false,41
20181012,2018-10-12,2018,4,10,October,12,5,Friday,false,41
20181013,2018-10-13,2018,4,10,October,13,6,Saturday,true,41
20181014,2018-10-14,2018,4,10,October,14,7,Sunday,true,41
20181015,2018-10-15,2018,4,10,October,15,1,Monday,false,42
20181016,2018-10-16,2018,4,10,October,16,2,Tuesday,false,42
20181017,2018-10-17,2018,4,10,October,17,3,Wednesday,false,42
20181018,2018-10-18,2018,4,10,October,18,4,Thursday,false,42
20181019,2018-10-19,2018,4,10,October,19,5,Friday,false,42
20181020,2018-10-20,2018,4,10,October,20,6,Saturday,true,42
20181021,2018-10-21,2018,4,10,October,21,7,Sunday,true,42
20181022,2018-10-22,2018,4,10,October,22,1,Monday,false,43
20181023,2018-10-23,2018,4,10,October,23,2,Tuesday,false,43
20181024,2018-10-24,2018,4,10,October,24,3,Wednesday,false,43
20181025,2018-10-25,2018,4,10,October,25,4,Thursday,false,43
20181026,2018-10-26,2018,4,10,October,26,5,Friday,false,43
20181027,2018-10-27,2018,4,10,October,27,6,Saturday,true,43
20181028,2018-10-28,2018,4,10,October,28,7,Sunday,true,43
20181029,2018-10-29,2018,4,10,October,29,1,Monday,false,44
20181030,2018-10-30,2018,4,10,October,30,2,Tuesday,false,44
20181031,2018-10-31,2018,4,10,October,31,3,Wednesday,false,44
20181101,2018-11-01,2018,4,11,November,1,4,Thursday,false,44
20181102,2018-11-02,2018,4,11,November,2,5,Friday,false,44
20181103,2018-11-03,2018,4,11,November,3,6,Saturday,true,44
20181104,2018-11-04,2018,4,11,November,4,7,Sunday,true,44
20181105,2018-11-05,2018,4,11,November,5,1,Monday,false,45
20181106,2018-11-06,2018,4,11,November,6,2,Tuesday,false,45
20181107,2018-11-07,2018,4,11,November,7,3,Wednesday,false,45
20181108,2018-11-08,2018,4,11,November,8,4,Thursday,false,45
20181109,2018-11-09,2018,4,11,November,9,5,Friday,false,45
20181110,2018-11-10,2018,4,11,November,10,6,Saturday,true,45
20181111,2018-11-11,2018,4,11,November,11,7,Sunday,true,45
20181112,2018-11-12,2018,4,11,November,12,1,Monday,false,46
20181113,2018-11-13,2018,4,11,November,13,2,Tuesday,false,46
20181114,2018-11-14,2018,4,11,November,14,3,Wednesday,false,46
20181115,2018-11-15,2018,4,11,November,15,4,Thursday,false,46
20181116,2018-11-16,2018,4,11,November,16,5,Friday,false,46
20181117,2018-11-17,2018,4,11,November,17,6,Saturday,true,46
20181118,2018-11-18,2018,4,11,November,18,7,Sunday,true,46
20181119,2018-11-19,2018,4,11,November,19,1,Monday,false,47
20181120,2018-11-20,2018,4,11,November,20,2,Tuesday,false,47
20181121,2018-11-21,2018,4,11,November,21,3,Wednesday,false,47
20181122,2018-11-22,2018,4,11,November,22,4,Thursday,false,47
20181123,2018-11-23,2018,4,11,November,23,5,Friday,false,47
20181124,2018-11-24,2018,4,11,November,24,6,Saturday,true,47
20181125,2018-11-25,2018,4,11,November,25,7,Sunday,true,47
20181126,2018-11-26,2018,4,11,November,26,1,Monday,false,48
20181127,2018-11-27,2018,4,11,November,27,2,Tuesday,false,48
20181128,2018-11-28,2018,4,11,November,28,3,Wednesday,false,48
20181129,2018-11-29,2018,4,11,November,29,4,Thursday,false,48
20181130,2018-11-30,2018,4,11,November,30,5,Friday,false,48
20181201,2018-12-01,2018,4,12,December,1,6,Saturday,true,48
20181202,2018-12-02,2018,4,12,December,2,7,Sunday,true,48
20181203,2018-12-03,2018,4,12,December,3,1,Monday,false,49
20181204,2018-12-04,2018,4,12,December,4,2,Tuesday,false,49
20181205,2018-12-05,2018,4,12,December,5,3,Wednesday,false,49
20181206,2018-12-06,2018,4,12,December,6,4,Thursday,false,49
20181207,2018-12-07,2018,4,12,December,7,5,Friday,false,49
20181208,2018-12-08,2018,4,12,December,8,6,Saturday,true,49
20181209,2018-12-09,2018,4,12,December,9,7,Sunday,true,49
20181210,2018-12-10,2018,4,12,December,10,1,Monday,false,50
20181211,2018-12-11,2018,4,12,December,11,2,Tuesday,false,50
20181212,2018-12-12,2018,4,12,December,12,3,Wednesday,false,50
20181213,2018-12-13,2018,4,12,December,13,4,Thursday,false,50
20181214,2018-12-14,2018,4,12,December,14,5,Friday,false,50
20181215,2018-12-15,2018,4,12,December,15,6,Saturday,true,50
20181216,2018-12-16,2018,4,12,December,16,7,Sunday,true,50
20181217,2018-12-17,2018,4,12,December,17,1,Monday,false,51
20181218,2018-12-18,2018,4,12,December,18,2,Tuesday,false,51
20181219,2018-12-19,2018,4,12,December,19,3,Wednesday,false,51
20181220,2018-12-20,2018,4,12,December,20,4,Thursday,false,51
20181221,2018-12-21,2018,4,12,December,21,5,Friday,false,51
20181222,2018-12-22,2018,4,12,December,22,6,Saturday,true,51
20181223,2018-12-23,2018,4,12,December,23,7,Sunday,true,51
20181224,2018-12-24,2018,4,12,December,24,1,Monday,false,52
20181225,2018-12-25,2018,4,12,December,25,2,Tuesday,false,52
20181226,2018-12-26,2018,4,12,December,26,3,Wednesday,false,52
20181227,2018-12-27,2018,4,12,December,27,4,Thursday,false,52
20181228,2018-12-28,2018,4,12,December,28,5,Friday,false,52
20181229,2018-12-29,2018,4,12,December,29,6,Saturday,true,52
20181230,2018-12-30,2018,4,12,December,30,7,Sunday,true,52
20181231,2018-12-31,2018,4,12,December,31,1,Monday,false,1
20190101,2019-01-01,2019,1,1,January,1,2,Tuesday,false,1
20190102,2019-01-02,2019,1,1,January,2,3,Wednesday,false,1
20190103,2019-01-03,2019,1,1,January,3,4,Thursday,false,1
20190104,2019-01-04,2019,1,1,January,4,5,Friday,false,1
20190105,2019-01-05,2019,1,1,January,5,6,Saturday,true,1
20190106,2019-01-06,2019,1,1,January,6,7,Sunday,true,1
20190107,2019-01-07,2019,1,1,January,7,1,Monday,false,2
20190108,2019-01-08,2019,1,1,January,8,2,Tuesday,false,2
20190109,2019-01-09,2019,1,1,January,9,3,Wednesday,false,2
20190110,2019-01-10,2019,1,1,January,10,4,Thursday,false,2
20190111,2019-01-11,2019,1,1,January,11,5,Friday,false,2
20190112,2019-01-12,2019,1,1,January,12,6,Saturday,true,2
20190113,2019-01-13,2019,1,1,January,13,7,Sunday,true,2
20190114,2019-01-14,2019,1,1,January,14,1,Monday,false,3
20190115,2019-01-15,2019,1,1,January,15,2,Tuesday,false,3
20190116,2019-01-16,2019,1,1,January,16,3,Wednesday,false,3
20190117,2019-01-17,2019,1,1,January,17,4,Thursday,false,3
20190118,2019-01-18,2019,1,1,January,18,5,Friday,false,3
20190119,2019-01-19,2019,1,1,January,19,6,Saturday,true,3
20190120,2019-01-20,2019,1,1,January,20,7,Sunday,true,3
20190121,2019-01-21,2019,1,1,January,21,1,Monday,false,4
20190122,2019-01-22,2019,1,1,January,22,2,Tuesday,false,4
20190123,2019-01-23,2019,1,1,January,23,3,Wednesday,false,4
20190124,2019-01-24,2019,1,1,January,24,4,Thursday,false,4
20190125,2019-01-25,2019,1,1,January,25,5,Friday,false,4
20190126,2019-01-26,2019,1,1,January,26,6,Saturday,true,4
20190127,2019-01-27,2019,1,1,January,27,7,Sunday,true,4
20190128,2019-01-28,2019,1,1,January,28,1,Monday,false,5
20190129,2019-01-29,2019,1,1,January,29,2,Tuesday,false,5
20190130,2019-01-30,2019,1,1,January,30,3,Wednesday,false,5
20190131,2019-01-31,2019,1,1,January,31,4,Thursday,false,5
20190201,2019-02-01,2019,1,2,February,1,5,Friday,false,5
20190202,2019-02-02,2019,1,2,February,2,6,Saturday,true,5
20190203,2019-02-03,2019,1,2,February,3,7,Sunday,true,5
20190204,2019-02-04,2019,1,2,February,4,1,Monday,false,6
20190205,2019-02-05,2019,1,2,February,5,2,Tuesday,false,6
20190206,2019-02-06,2019,1,2,February,6,3,Wednesday,false,6
20190207,2019-02-07,2019,1,2,February,7,4,Thursday,false,6
20190208,2019-02-08,2019,1,2,February,8,5,Friday,false,6
20190209,2019-02-09,2019,1,2,February,9,6,Saturday,true,6
20190210,2019-02-10,2019,1,2,February,10,7,Sunday,true,6
20190211,2019-02-11,2019,1,2,February,11,1,Monday,false,7
20190212,2019-02-12,2019,1,2,February,12,2,Tuesday,false,7
20190213,2019-02-13,2019,1,2,February,13,3,Wednesday,false,7
20190214,2019-02-14,2019,1,2,February,14,4,Thursday,false,7
20190215,2019-02-15,2019,1,2,February,15,5,Friday,false,7
20190216,2019-02-16,2019,1,2,February,16,6,Saturday,true,7
20190217,2019-02-17,2019,1,2,February,17,7,Sunday,true,7
20190218,2019-02-18,2019,1,2,February,18,1,Monday,false,8
20190219,2019-02-19,2019,1,2,February,19,2,Tuesday,false,8
20190220,2019-02-20,2019,1,2,February,20,3,Wednesday,false,8
20190221,2019-02-21,2019,1,2,February,21,4,Thursday,false,8
20190222,2019-02-22,2019,1,2,February,22,5,Friday,false,8
20190223,2019-02-23,2019,1,2,February,23,6,Saturday,true,8
20190224,2019-02-24,2019,1,2,February,24,7,Sunday,true,8
20190225,2019-02-25,2019,1,2,February,25,1,Monday,false,9
20190226,2019-02-26,2019,1,2,February,26,2,Tuesday,false,9
20190227,2019-02-27,2019,1,2,February,27,3,Wednesday,false,9
20190228,2019-02-28,2019,1,2,February,28,4,Thursday,false,9
20190301,2019-03-01,2019,1,3,March,1,5,Friday,false,9
20190302,2019-03-02,2019,1,3,March,2,6,Saturday,true,9
20190303,2019-03-03,2019,1,3,March,3,7,Sunday,true,9
20190304,2019-03-04,2019,1,3,March,4,1,Monday,false,10
20190305,2019-03-05,2019,1,3,March,5,2,Tuesday,false,10
20190306,2019-03-06,2019,1,3,March,6,3,Wednesday,false,10
20190307,2019-03-07,2019,1,3,March,7,4,Thursday,false,10
20190308,2019-03-08,2019,1,3,March,8,5,Friday,false,10
20190309,2019-03-09,2019,1,3,March,9,6,Saturday,true,10
20190310,2019-03-10,2019,1,3,March,10,7,Sunday,true,10
20190311,2019-03-11,2019,1,3,March,11,1,Monday,false,11
20190312,2019-03-12,2019,1,3,March,12,2,Tuesday,false,11
20190313,2019-03-13,2019,1,3,March,13,3,Wednesday,false,11
20190314,2019-03-14,2019,1,3,March,14,4,Thursday,false,11
20190315,2019-03-15,2019,1,3,March,15,5,Friday,false,11
20190316,2019-03-16,2019,1,3,March,16,6,Saturday,true,11
20190317,2019-03-17,2019,1,3,March,17,7,Sunday,true,11
20190318,2019-03-18,2019,1,3,March,18,1,Monday,false,12
20190319,2019-03-19,2019,1,3,March,19,2,Tuesday,false,12
20190320,2019-03-20,2019,1,3,March,20,3,Wednesday,false,12
20190321,2019-03-21,2019,1,3,March,21,4,Thursday,false,12
20190322,2019-03-22,2019,1,3,March,22,5,Friday,false,12
20190323,2019-03-23,2019,1,3,March,23,6,Saturday,true,12
20190324,2019-03-24,2019,1,3,March,24,7,Sunday,true,12
20190325,2019-03-25,2019,1,3,March,25,1,Monday,false,13
20190326,2019-03-26,2019,1,3,March,26,2,Tuesday,false,13
20190327,2019-03-27,2019,1,3,March,27,3,Wednesday,false,13
20190328,2019-03-28,2019,1,3,March,28,4,Thursday,false,13
20190329,2019-03-29,2019,1,3,March,29,5,Friday,false,13
20190330,2019-03-30,2019,1,3,March,30,6,Saturday,true,13
20190331,2019-03-31,2019,1,3,March,31,7,Sunday,true,13
20190401,2019-04-01,2019,2,4,April,1,1,Monday,false,14
20190402,2019-04-02,2019,2,4,April,2,2,Tuesday,false,14
20190403,2019-04-03,2019,2,4,April,3,3,Wednesday,false,14
20190404,2019-04-04,2019,2,4,April,4,4,Thursday,false,14
20190405,2019-04-05,2019,2,4,April,5,5,Friday,false,14
20190406,2019-04-06,2019,2,4,April,6,6,Saturday,true,14
20190407,2019-04-07,2019,2,4,April,7,7,Sunday,true,14
20190408,2019-04-08,2019,2,4,April,8,1,Monday,false,15
20190409,2019-04-09,2019,2,4,April,9,2,Tuesday,false,15
20190410,2019-04-10,2019,2,4,April,10,3,Wednesday,false,15
20190411,2019-04-11,2019,2,4,April,11,4,Thursday,false,15
20190412,2019-04-12,2019,2,4,April,12,5,Friday,false,15
20190413,2019-04-13,2019,2,4,April,13,6,Saturday,true,15
20190414,2019-04-14,2019,2,4,April,14,7,Sunday,true,15
20190415,2019-04-15,2019,2,4,April,15,1,Monday,false,16
20190416,2019-04-16,2019,2,4,April,16,2,Tuesday,false,16
20190417,2019-04-17,2019,2,4,April,17,3,Wednesday,false,16
20190418,2019-04-18,2019,2,4,April,18,4,Thursday,false,16
20190419,2019-04-19,2019,2,4,April,19,5,Friday,false,16
20190420,2019-04-20,2019,2,4,April,20,6,Saturday,true,16
20190421,2019-04-21,2019,2,4,April,21,7,Sunday,true,16
20190422,2019-04-22,2019,2,4,April,22,1,Monday,false,17
20190423,2019-04-23,2019,2,4,April,23,2,Tuesday,false,17
20190424,2019-04-24,2019,2,4,April,24,3,Wednesday,false,17
20190425,2019-04-25,2019,2,4,April,25,4,Thursday,false,17
20190426,2019-04-26,2019,2,4,April,26,5,Friday,false,17
20190427,2019-04-27,2019,2,4,April,27,6,Saturday,true,17
20190428,2019-04-28,2019,2,4,April,28,7,Sunday,true,17
20190429,2019-04-29,2019,2,4,April,29,1,Monday,false,18
20190430,2019-04-30,2019,2,4,April,30,2,Tuesday,false,18
20190501,2019-05-01,2019,2,5,May,1,3,Wednesday,false,18
20190502,2019-05-02,2019,2,5,May,2,4,Thursday,false,18
20190503,2019-05-03,2019,2,5,May,3,5,Friday,false,18
20190504,2019-05-04,2019,2,5,May,4,6,Saturday,true,18
20190505,2019-05-05,2019,2,5,May,5,7,Sunday,true,18
20190506,2019-05-06,2019,2,5,May,6,1,Monday,false,19
20190507,2019-05-07,2019,2,5,May,7,2,Tuesday,false,19
20190508,2019-05-08,2019,2,5,May,8,3,Wednesday,false,19
20190509,2019-05-09,2019,2,5,May,9,4,Thursday,false,19
20190510,2019-05-10,2019,2,5,May,10,5,Friday,false,19
20190511,2019-05-11,2019,2,5,May,11,6,Saturday,true,19
20190512,2019-05-12,2019,2,5,May,12,7,Sunday,true,19
20190513,2019-05-13,2019,2,5,May,13,1,Monday,false,20
20190514,2019-05-14,2019,2,5,May,14,2,Tuesday,false,20
20190515,2019-05-15,2019,2,5,May,15,3,Wednesday,false,20
20190516,2019-05-16,2019,2,5,May,16,4,Thursday,false,20
20190517,2019-05-17,2019,2,5,May,17,5,Friday,false,20
20190518,2019-05-18,2019,2,5,May,18,6,Saturday,true,20
20190519,2019-05-19,2019,2,5,May,19,7,Sunday,true,20
20190520,2019-05-20,2019,2,5,May,20,1,Monday,false,21
20190521,2019-05-21,2019,2,5,May,21,2,Tuesday,false,21
20190522,2019-05-22,2019,2,5,May,22,3,Wednesday,false,21
20190523,2019-05-23,2019,2,5,May,23,4,Thursday,false,21
20190524,2019-05-24,2019,2,5,May,24,5,Friday,false,21
20190525,2019-05-25,2019,2,5,May,25,6,Saturday,true,21
20190526,2019-05-26,2019,2,5,May,26,7,Sunday,true,21
20190527,2019-05-27,2019,2,5,May,27,1,Monday,false,22
20190528,2019-05-28,2019,2,5,May,28,2,Tuesday,false,22
20190529,2019-05-29,2019,2,5,May,29,3,Wednesday,false,22
20190530,2019-05-30,2019,2,5,May,30,4,Thursday,false,22
20190531,2019-05-31,2019,2,5,May,31,5,Friday,false,22
20190601,2019-06-01,2019,2,6,June,1,6,Saturday,true,22
20190602,2019-06-02,2019,2,6,June,2,7,Sunday,true,22
20190603,2019-06-03,2019,2,6,June,3,1,Monday,false,23
20190604,2019-06-04,2019,2,6,June,4,2,Tuesday,false,23
20190605,2019-06-05,2019,2,6,June,5,3,Wednesday,false,23
20190606,2019-06-06,2019,2,6,June,6,4,Thursday,false,23
20190607,2019-06-07,2019,2,6,June,7,5,Friday,false,23
20190608,2019-06-08,2019,2,6,June,8,6,Saturday,true,23
20190609,2019-06-09,2019,2,6,June,9,7,Sunday,true,23
20190610,2019-06-10,2019,2,6,June,10,1,Monday,false,24
20190611,2019-06-11,2019,2,6,June,11,2,Tuesday,false,24
20190612,2019-06-12,2019,2,6,June,12,3,Wednesday,false,24
20190613,2019-06-13,2019,2,6,June,13,4,Thursday,false,24
20190614,2019-06-14,2019,2,6,June,14,5,Friday,false,24
20190615,2019-06-15,2019,2,6,June,15,6,Saturday,true,24
20190616,2019-06-16,2019,2,6,June,16,7,Sunday,true,24
20190617,2019-06-17,2019,2,6,June,17,1,Monday,false,25
20190618,2019-06-18,2019,2,6,June,18,2,Tuesday,false,25
20190619,2019-06-19,2019,2,6,June,19,3,Wednesday,false,25
20190620,2019-06-20,2019,2,6,June,20,4,Thursday,false,25
20190621,2019-06-21,2019,2,6,June,21,5,Friday,false,25
20190622,2019-06-22,2019,2,6,June,22,6,Saturday,true,25
20190623,2019-06-23,2019,2,6,June,23,7,Sunday,true,25
20190624,2019-06-24,2019,2,6,June,24,1,Monday,false,26
20190625,2019-06-25,2019,2,6,June,25,2,Tuesday,false,26
20190626,2019-06-26,2019,2,6,June,26,3,Wednesday,false,26
20190627,2019-06-27,2019,2,6,June,27,4,Thursday,false,26
20190628,2019-06-28,2019,2,6,June,28,5,Friday,false,26
20190629,2019-06-29,2019,2,6,June,29,6,Saturday,true,26
20190630,2019-06-30,2019,2,6,June,30,7,Sunday,true,26
20190701,2019-07-01,2019,3,7,July,1,1,Monday,false,27
20190702,2019-07-02,2019,3,7,July,2,2,Tuesday,false,27
20190703,2019-07-03,2019,3,7,July,3,3,Wednesday,false,27
20190704,2019-07-04,2019,3,7,July,4,4,Thursday,false,27
20190705,2019-07-05,2019,3,7,July,5,5,Friday,false,27
20190706,2019-07-06,2019,3,7,July,6,6,Saturday,true,27
20190707,2019-07-07,2019,3,7,July,7,7,Sunday,true,27
20190708,2019-07-08,2019,3,7,July,8,1,Monday,false,28
20190709,2019-07-09,2019,3,7,July,9,2,Tuesday,false,28
20190710,2019-07-10,2019,3,7,July,10,3,Wednesday,false,28
20190711,2019-07-11,2019,3,7,July,11,4,Thursday,false,28
20190712,2019-07-12,2019,3,7,July,12,5,Friday,false,28
20190713,2019-07-13,2019,3,7,July,13,6,Saturday,true,28
20190714,2019-07-14,2019,3,7,July,14,7,Sunday,true,28
20190715,2019-07-15,2019,3,7,July,15,1,Monday,false,29
20190716,2019-07-16,2019,3,7,July,16,2,Tuesday,false,29
20190717,2019-07-17,2019,3,7,July,17,3,Wednesday,false,29
20190718,2019-07-18,2019,3,7,July,18,4,Thursday,false,29
20190719,2019-07-19,2019,3,7,July,19,5,Friday,false,29
20190720,2019-07-20,2019,3,7,July,20,6,Saturday,true,29
20190721,2019-07-21,2019,3,7,July,21,7,Sunday,true,29
20190722,2019-07-22,2019,3,7,July,22,1,Monday,false,30
20190723,2019-07-23,2019,3,7,July,23,2,Tuesday,false,30
20190724,2019-07-24,2019,3,7,July,24,3,Wednesday,false,30
20190725,2019-07-25,2019,3,7,July,25,4,Thursday,false,30
20190726,2019-07-26,2019,3,7,July,26,5,Friday,false,30
20190727,2019-07-27,2019,3,7,July,27,6,Saturday,true,30
20190728,2019-07-28,2019,3,7,July,28,7,Sunday,true,30
20190729,2019-07-29,2019,3,7,July,29,1,Monday,false,31
20190730,2019-07-30,2019,3,7,July,30,2,Tuesday,false,31
20190731,2019-07-31,2019,3,7,July,31,3,Wednesday,false,31
20190801,2019-08-01,2019,3,8,August,1,4,Thursday,false,31
20190802,2019-08-02,2019,3,8,August,2,5,Friday,false,31
20190803,2019-08-03,2019,3,8,August,3,6,Saturday,true,31
20190804,2019-08-04,2019,3,8,August,4,7,Sunday,true,31
20190805,2019-08-05,2019,3,8,August,5,1,Monday,false,32
20190806,2019-08-06,2019,3,8,August,6,2,Tuesday,false,32
20190807,2019-08-07,2019,3,8,August,7,3,Wednesday,false,32
20190808,2019-08-08,2019,3,8,August,8,4,Thursday,false,32
20190809,2019-08-09,2019,3,8,August,9,5,Friday,false,32
20190810,2019-08-10,2019,3,8,August,10,6,Saturday,true,32
20190811,2019-08-11,2019,3,8,August,11,7,Sunday,true,32
20190812,2019-08-12,2019,3,8,August,12,1,Monday,false,33
20190813,2019-08-13,2019,3,8,August,13,2,Tuesday,false,33
20190814,2019-08-14,2019,3,8,August,14,3,Wednesday,false,33
20190815,2019-08-15,2019,3,8,August,15,4,Thursday,false,33
20190816,2019-08-16,2019,3,8,August,16,5,Friday,false,33
20190817,2019-08-17,2019,3,8,August,17,6,Saturday,true,33
20190818,2019-08-18,2019,3,8,August,18,7,Sunday,true,33
20190819,2019-08-19,2019,3,8,August,19,1,Monday,false,34
20190820,2019-08-20,2019,3,8,August,20,2,Tuesday,false,34
20190821,2019-08-21,2019,3,8,August,21,3,Wednesday,false,34
20190822,2019-08-22,2019,3,8,August,22,4,Thursday,false,34
20190823,2019-08-23,2019,3,8,August,23,5,Friday,false,34
20190824,2019-08-24,2019,3,8,August,24,6,Saturday,true,34
20190825,2019-08-25,2019,3,8,August,25,7,Sunday,true,34
20190826,2019-08-26,2019,3,8,August,26,1,Monday,false,35
20190827,2019-08-27,2019,3,8,August,27,2,Tuesday,false,35
20190828,2019-08-28,2019,3,8,August,28,3,Wednesday,false,35
20190829,2019-08-29,2019,3,8,August,29,4,Thursday,false,35
20190830,2019-08-30,2019,3,8,August,30,5,Friday,false,35
20190831,2019-08-31,2019,3,8,August,31,6,Saturday,true,35
20190901,2019-09-01,2019,3,9,September,1,7,Sunday,true,35
20190902,2019-09-02,2019,3,9,September,2,1,Monday,false,36
20190903,2019-09-03,2019,3,9,September,3,2,Tuesday,false,36
20190904,2019-09-04,2019,3,9,September,4,3,Wednesday,false,36
20190905,2019-09-05,2019,3,9,September,5,4,Thursday,false,36
20190906,2019-09-06,2019,3,9,September,6,5,Friday,false,36
20190907,2019-09-07,2019,3,9,September,7,6,Saturday,true,36
20190908,2019-09-08,2019,3,9,September,8,7,Sunday,true,36
20190909,2019-09-09,2019,3,9,September,9,1,Monday,false,37
20190910,2019-09-10,2019,3,9,September,10,2,Tuesday,false,37
20190911,2019-09-11,2019,3,9,September,11,3,Wednesday,false,37
20190912,2019-09-12,2019,3,9,September,12,4,Thursday,false,37
20190913,2019-09-13,2019,3,9,September,13,5,Friday,false,37
20190914,2019-09-14,2019,3,9,September,14,6,Saturday,true,37
20190915,2019-09-15,2019,3,9,September,15,7,Sunday,true,37
20190916,2019-09-16,2019,3,9,September,16,1,Monday,false,38
20190917,2019-09-17,2019,3,9,September,17,2,Tuesday,false,38
20190918,2019-09-18,2019,3,9,September,18,3,Wednesday,false,38
20190919,2019-09-19,2019,3,9,September,19,4,Thursday,false,38
20190920,2019-09-20,2019,3,9,September,20,5,Friday,false,38
20190921,2019-09-21,2019,3,9,September,21,6,Saturday,true,38
20190922,2019-09-22,2019,3,9,September,22,7,Sunday,true,38
20190923,2019-09-23,2019,3,9,September,23,1,Monday,false,39
20190924,2019-09-24,2019,3,9,September,24,2,Tuesday,false,39
20190925,2019-09-25,2019,3,9,September,25,3,Wednesday,false,39
20190926,2019-09-26,2019,3,9,September,26,4,Thursday,false,39
20190927,2019-09-27,2019,3,9,September,27,5,Friday,false,39
20190928,2019-09-28,2019,3,9,September,28,6,Saturday,true,39
20190929,2019-09-29,2019,3,9,September,29,7,Sunday,true,39
20190930,2019-09-30,2019,3,9,September,30,1,Monday,false,40
20191001,2019-10-01,2019,4,10,October,1,2,Tuesday,false,40
20191002,2019-10-02,2019,4,10,October,2,3,Wednesday,false,40
20191003,2019-10-03,2019,4,10,October,3,4,Thursday,false,40
20191004,2019-10-04,2019,4,10,October,4,5,Friday,false,40
20191005,2019-10-05,2019,4,10,October,5,6,Saturday,true,40
20191006,2019-10-06,2019,4,10,October,6,7,Sunday,true,40
20191007,2019-10-07,2019,4,10,October,7,1,Monday,false,41
20191008,2019-10-08,2019,4,10,October,8,2,Tuesday,false,41
20191009,2019-10-09,2019,4,10,October,9,3,Wednesday,false,41
20191010,2019-10-10,2019,4,10,October,10,4,Thursday,false,41
20191011,2019-10-11,2019,4,10,October,11,5,Friday,false,41
20191012,2019-10-12,2019,4,10,October,12,6,Saturday,true,41
20191013,2019-10-13,2019,4,10,October,13,7,Sunday,true,41
20191014,2019-10-14,2019,4,10,October,14,1,Monday,false,42
20191015,2019-10-15,2019,4,10,October,15,2,Tuesday,false,42
20191016,2019-10-16,2019,4,10,October,16,3,Wednesday,false,42
20191017,2019-10-17,2019,4,10,October,17,4,Thursday,false,42
20191018,2019-10-18,2019,4,10,October,18,5,Friday,false,42
20191019,2019-10-19,2019,4,10,October,19,6,Saturday,true,42
20191020,2019-10-20,2019,4,10,October,20,7,Sunday,true,42
20191021,2019-10-21,2019,4,10,October,21,1,Monday,false,43
20191022,2019-10-22,2019,4,10,October,22,2,Tuesday,false,43
20191023,2019-10-23,2019,4,10,October,23,3,Wednesday,false,43
20191024,2019-10-24,2019,4,10,October,24,4,Thursday,false,43
20191025,2019-10-25,2019,4,10,October,25,5,Friday,false,43
20191026,2019-10-26,2019,4,10,October,26,6,Saturday,true,43
20191027,2019-10-27,2019,4,10,October,27,7,Sunday,true,43
20191028,2019-10-28,2019,4,10,October,28,1,Monday,false,44
20191029,2019-10-29,2019,4,10,October,29,2,Tuesday,false,44
20191030,2019-10-30,2019,4,10,October,30,3,Wednesday,false,44
20191031,2019-10-31,2019,4,10,October,31,4,Thursday,false,44
20191101,2019-11-01,2019,4,11,November,1,5,Friday,false,44
20191102,2019-11-02,2019,4,11,November,2,6,Saturday,true,44
20191103,2019-11-03,2019,4,11,November,3,7,Sunday,true,44
20191104,2019-11-04,2019,4,11,November,4,1,Monday,false,45
20191105,2019-11-05,2019,4,11,November,5,2,Tuesday,false,45
20191106,2019-11-06,2019,4,11,November,6,3,Wednesday,false,45
20191107,2019-11-07,2019,4,11,November,7,4,Thursday,false,45
20191108,2019-11-08,2019,4,11,November,8,5,Friday,false,45
20191109,2019-11-09,2019,4,11,November,9,6,Saturday,true,45
20191110,2019-11-10,2019,4,11,November,10,7,Sunday,true,45
20191111,2019-11-11,2019,4,11,November,11,1,Monday,false,46
20191112,2019-11-12,2019,4,11,November,12,2,Tuesday,false,46
20191113,2019-11-13,2019,4,11,November,13,3,Wednesday,false,46
20191114,2019-11-14,2019,4,11,November,14,4,Thursday,false,46
20191115,2019-11-15,2019,4,11,November,15,5,Friday,false,46
20191116,2019-11-16,2019,4,11,November,16,6,Saturday,true,46
20191117,2019-11-17,2019,4,11,November,17,7,Sunday,true,46
20191118,2019-11-18,2019,4,11,November,18,1,Monday,false,47
20191119,2019-11-19,2019,4,11,November,19,2,Tuesday,false,47
20191120,2019-11-20,2019,4,11,November,20,3,Wednesday,false,47
20191121,2019-11-21,2019,4,11,November,21,4,Thursday,false,47
20191122,2019-11-22,2019,4,11,November,22,5,Friday,false,47
20191123,2019-11-23,2019,4,11,November,23,6,Saturday,true,47
20191124,2019-11-24,2019,4,11,November,24,7,Sunday,true,47
20191125,2019-11-25,2019,4,11,November,25,1,Monday,false,48
20191126,2019-11-26,2019,4,11,November,26,2,Tuesday,false,48
20191127,2019-11-27,2019,4,11,November,27,3,Wednesday,false,48
20191128,2019-11-28,2019,4,11,November,28,4,Thursday,false,48
20191129,2019-11-29,2019,4,11,November,29,5,Friday,false,48
20191130,2019-11-30,2019,4,11,November,30,6,Saturday,true,48
20191201,2019-12-01,2019,4,12,December,1,7,Sunday,true,48
20191202,2019-12-02,2019,4,12,December,2,1,Monday,false,49
20191203,2019-12-03,2019,4,12,December,3,2,Tuesday,false,49
20191204,2019-12-04,2019,4,12,December,4,3,Wednesday,false,49
20191205,2019-12-05,2019,4,12,December,5,4,Thursday,false,49
20191206,2019-12-06,2019,4,12,December,6,5,Friday,false,49
20191207,2019-12-07,2019,4,12,December,7,6,Saturday,true,49
20191208,2019-12-08,2019,4,12,December,8,7,Sunday,true,49
20191209,2019-12-09,2019,4,12,December,9,1,Monday,false,50
20191210,2019-12-10,2019,4,12,December,10,2,Tuesday,false,50
20191211,2019-12-11,2019,4,12,December,11,3,Wednesday,false,50
20191212,2019-12-12,2019,4,12,December,12,4,Thursday,false,50
20191213,2019-12-13,2019,4,12,December,13,5,Friday,false,50
20191214,2019-12-14,2019,4,12,December,14,6,Saturday,true,50
20191215,2019-12-15,2019,4,12,December,15,7,Sunday,true,50
20191216,2019-12-16,2019,4,12,December,16,1,Monday,false,51
20191217,2019-12-17,2019,4,12,December,17,2,Tuesday,false,51
20191218,2019-12-18,2019,4,12,December,18,3,Wednesday,false,51
20191219,2019-12-19,2019,4,12,December,19,4,Thursday,false,51
20191220,2019-12-20,2019,4,12,December,20,5,Friday,false,51
20191221,2019-12-21,2019,4,12,December,21,6,Saturday,true,51
20191222,2019-12-22,2019,4,12,December,22,7,Sunday,true,51
20191223,2019-12-23,2019,4,12,December,23,1,Monday,false,52
20191224,2019-12-24,2019,4,12,December,24,2,Tuesday,false,52
20191225,2019-12-25,2019,4,12,December,25,3,Wednesday,false,52
20191226,2019-12-26,2019,4,12,December,26,4,Thursday,false,52
20191227,2019-12-27,2019,4,12,December,27,5,Friday,false,52
20191228,2019-12-28,2019,4,12,December,28,6,Saturday,true,52
20191229,2019-12-29,2019,4,12,December,29,7,Sunday,true,52
20191230,2019-12-30,2019,4,12,December,30,1,Monday,false,1
20191231,2019-12-31,2019,4,12,December,31,2,Tuesday,false,1
20200101,2020-01-01,2020,1,1,January,1,3,Wednesday,false,1
20200102,2020-01-02,2020,1,1,January,2,4,Thursday,false,1
20200103,2020-01-03,2020,1,1,January,3,5,Friday,false,1
20200104,2020-01-04,2020,1,1,January,4,6,Saturday,true,1
20200105,2020-01-05,2020,1,1,January,5,7,Sunday,true,1
20200106,2020-01-06,2020,1,1,January,6,1,Monday,false,2
20200107,2020-01-07,2020,1,1,January,7,2,Tuesday,false,2
20200108,2020-01-08,2020,1,1,January,8,3,Wednesday,false,2
20200109,2020-01-09,2020,1,1,January,9,4,Thursday,false,2
20200110,2020-01-10,2020,1,1,January,10,5,Friday,false,2
20200111,2020-01-11,2020,1,1,January,11,6,Saturday,true,2
20200112,2020-01-12,2020,1,1,January,12,7,Sunday,true,2
20200113,2020-01-13,2020,1,1,January,13,1,Monday,false,3
20200114,2020-01-14,2020,1,1,January,14,2,Tuesday,false,3
20200115,2020-01-15,2020,1,1,January,15,3,Wednesday,false,3
20200116,2020-01-16,2020,1,1,January,16,4,Thursday,false,3
20200117,2020-01-17,2020,1,1,January,17,5,Friday,false,3
20200118,2020-01-18,2020,1,1,January,18,6,Saturday,true,3
20200119,2020-01-19,2020,1,1,January,19,7,Sunday,true,3
20200120,2020-01-20,2020,1,1,January,20,1,Monday,false,4
20200121,2020-01-21,2020,1,1,January,21,2,Tuesday,false,4
20200122,2020-01-22,2020,1,1,January,22,3,Wednesday,false,4
20200123,2020-01-23,2020,1,1,January,23,4,Thursday,false,4
20200124,2020-01-24,2020,1,1,January,24,5,Friday,false,4
20200125,2020-01-25,2020,1,1,January,25,6,Saturday,true,4
20200126,2020-01-26,2020,1,1,January,26,7,Sunday,true,4
20200127,2020-01-27,2020,1,1,January,27,1,Monday,false,5
20200128,2020-01-28,2020,1,1,January,28,2,Tuesday,false,5
20200129,2020-01-29,2020,1,1,January,29,3,Wednesday,false,5
20200130,2020-01-30,2020,1,1,January,30,4,Thursday,false,5
20200131,2020-01-31,2020,1,1,January,31,5,Friday,false,5
20200201,2020-02-01,2020,1,2,February,1,6,Saturday,true,5
20200202,2020-02-02,2020,1,2,February,2,7,Sunday,true,5
20200203,2020-02-03,2020,1,2,February,3,1,Monday,false,6
20200204,2020-02-04,2020,1,2,February,4,2,Tuesday,false,6
20200205,2020-02-05,2020,1,2,February,5,3,Wednesday,false,6
20200206,2020-02-06,2020,1,2,February,6,4,Thursday,false,6
20200207,2020-02-07,2020,1,2,February,7,5,Friday,false,6
20200208,2020-02-08,2020,1,2,February,8,6,Saturday,true,6
20200209,2020-02-09,2020,1,2,February,9,7,Sunday,true,6
20200210,2020-02-10,2020,1,2,February,10,1,Monday,false,7
20200211,2020-02-11,2020,1,2,February,11,2,Tuesday,false,7
20200212,2020-02-12,2020,1,2,February,12,3,Wednesday,false,7
20200213,2020-02-13,2020,1,2,February,13,4,Thursday,false,7
20200214,2020-02-14,2020,1,2,February,14,5,Friday,false,7
20200215,2020-02-15,2020,1,2,February,15,6,Saturday,true,7
20200216,2020-02-16,2020,1,2,February,16,7,Sunday,true,7
20200217,2020-02-17,2020,1,2,February,17,1,Monday,false,8
20200218,2020-02-18,2020,1,2,February,18,2,Tuesday,false,8
20200219,2020-02-19,2020,1,2,February,19,3,Wednesday,false,8
20200220,2020-02-20,2020,1,2,February,20,4,Thursday,false,8
20200221,2020-02-21,2020,1,2,February,21,5,Friday,false,8
20200222,2020-02-22,2020,1,2,February,22,6,Saturday,true,8
20200223,2020-02-23,2020,1,2,February,23,7,Sunday,true,8
20200224,2020-02-24,2020,1,2,February,24,1,Monday,false,9
20200225,2020-02-25,2020,1,2,February,25,2,Tuesday,false,9
20200226,2020-02-26,2020,1,2,February,26,3,Wednesday,false,9
20200227,2020-02-27,2020,1,2,February,27,4,Thursday,false,9
20200228,2020-02-28,2020,1,2,February,28,5,Friday,false,9
20200229,2020-02-29,2020,1,2,February,29,6,Saturday,true,9
20200301,2020-03-01,2020,1,3,March,1,7,Sunday,true,9
20200302,2020-03-02,2020,1,3,March,2,1,Monday,false,10
20200303,2020-03-03,2020,1,3,March,3,2,Tuesday,false,10
20200304,2020-03-04,2020,1,3,March,4,3,Wednesday,false,10
20200305,2020-03-05,2020,1,3,March,5,4,Thursday,false,10
20200306,2020-03-06,2020,1,3,March,6,5,Friday,false,10
20200307,2020-03-07,2020,1,3,March,7,6,Saturday,true,10
20200308,2020-03-08,2020,1,3,March,8,7,Sunday,true,10
20200309,2020-03-09,2020,1,3,March,9,1,Monday,false,11
20200310,2020-03-10,2020,1,3,March,10,2,Tuesday,false,11
20200311,2020-03-11,2020,1,3,March,11,3,Wednesday,false,11
20200312,2020-03-12,2020,1,3,March,12,4,Thursday,false,11
20200313,2020-03-13,2020,1,3,March,13,5,Friday,false,11
20200314,2020-03-14,2020,1,3,March,14,6,Saturday,true,11
20200315,2020-03-15,2020,1,3,March,15,7,Sunday,true,11
20200316,2020-03-16,2020,1,3,March,16,1,Monday,false,12
20200317,2020-03-17,2020,1,3,March,17,2,Tuesday,false,12
20200318,2020-03-18,2020,1,3,March,18,3,Wednesday,false,12
20200319,2020-03-19,2020,1,3,March,19,4,Thursday,false,12
20200320,2020-03-20,2020,1,3,March,20,5,Friday,false,12
20200321,2020-03-21,2020,1,3,March,21,6,Saturday,true,12
20200322,2020-03-22,2020,1,3,March,22,7,Sunday,true,12
20200323,2020-03-23,2020,1,3,March,23,1,Monday,false,13
20200324,2020-03-24,2020,1,3,March,24,2,Tuesday,false,13
20200325,2020-03-25,2020,1,3,March,25,3,Wednesday,false,13
20200326,2020-03-26,2020,1,3,March,26,4,Thursday,false,13
20200327,2020-03-27,2020,1,3,March,27,5,Friday,false,13
20200328,2020-03-28,2020,1,3,March,28,6,Saturday,true,13
20200329,2020-03-29,2020,1,3,March,29,7,Sunday,true,13
20200330,2020-03-30,2020,1,3,March,30,1,Monday,false,14
20200331,2020-03-31,2020,1,3,March,31,2,Tuesday,false,14
20200401,2020-04-01,2020,2,4,April,1,3,Wednesday,false,14
20200402,2020-04-02,2020,2,4,April,2,4,Thursday,false,14
20200403,2020-04-03,2020,2,4,April,3,5,Friday,false,14
20200404,2020-04-04,2020,2,4,April,4,6,Saturday,true,14
20200405,2020-04-05,2020,2,4,April,5,7,Sunday,true,14
20200406,2020-04-06,2020,2,4,April,6,1,Monday,false,15
20200407,2020-04-07,2020,2,4,April,7,2,Tuesday,false,15
20200408,2020-04-08,2020,2,4,April,8,3,Wednesday,false,15
20200409,2020-04-09,2020,2,4,April,9,4,Thursday,false,15
20200410,2020-04-10,2020,2,4,April,10,5,Friday,false,15
20200411,2020-04-11,2020,2,4,April,11,6,Saturday,true,15
20200412,2020-04-12,2020,2,4,April,12,7,Sunday,true,15
20200413,2020-04-13,2020,2,4,April,13,1,Monday,false,16
20200414,2020-04-14,2020,2,4,April,14,2,Tuesday,false,16
20200415,2020-04-15,2020,2,4,April,15,3,Wednesday,false,16
20200416,2020-04-16,2020,2,4,April,16,4,Thursday,false,16
20200417,2020-04-17,2020,2,4,April,17,5,Friday,false,16
20200418,2020-04-18,2020,2,4,April,18,6,Saturday,true,16
20200419,2020-04-19,2020,2,4,April,19,7,Sunday,true,16
20200420,2020-04-20,2020,2,4,April,20,1,Monday,false,17
20200421,2020-04-21,2020,2,4,April,21,2,Tuesday,false,17
20200422,2020-04-22,2020,2,4,April,22,3,Wednesday,false,17
20200423,2020-04-23,2020,2,4,April,23,4,Thursday,false,17
20200424,2020-04-24,2020,2,4,April,24,5,Friday,false,17
20200425,2020-04-25,2020,2,4,April,25,6,Saturday,true,17
20200426,2020-04-26,2020,2,4,April,26,7,Sunday,true,17
20200427,2020-04-27,2020,2,4,April,27,1,Monday,false,18
20200428,2020-04-28,2020,2,4,April,28,2,Tuesday,false,18
20200429,2020-04-29,2020,2,4,April,29,3,Wednesday,false,18
20200430,2020-04-30,2020,2,4,April,30,4,Thursday,false,18
20200501,2020-05-01,2020,2,5,May,1,5,Friday,false,18
20200502,2020-05-02,2020,2,5,May,2,6,Saturday,true,18
20200503,2020-05-03,2020,2,5,May,3,7,Sunday,true,18
20200504,2020-05-04,2020,2,5,May,4,1,Monday,false,19
20200505,2020-05-05,2020,2,5,May,5,2,Tuesday,false,19
20200506,2020-05-06,2020,2,5,May,6,3,Wednesday,false,19
20200507,2020-05-07,2020,2,5,May,7,4,Thursday,false,19
20200508,2020-05-08,2020,2,5,May,8,5,Friday,false,19
20200509,2020-05-09,2020,2,5,May,9,6,Saturday,true,19
20200510,2020-05-10,2020,2,5,May,10,7,Sunday,true,19
20200511,2020-05-11,2020,2,5,May,11,1,Monday,false,20
20200512,2020-05-12,2020,2,5,May,12,2,Tuesday,false,20
20200513,2020-05-13,2020,2,5,May,13,3,Wednesday,false,20
20200514,2020-05-14,2020,2,5,May,14,4,Thursday,false,20
20200515,2020-05-15,2020,2,5,May,15,5,Friday,false,20
20200516,2020-05-16,2020,2,5,May,16,6,Saturday,true,20
20200517,2020-05-17,2020,2,5,May,17,7,Sunday,true,20
20200518,2020-05-18,2020,2,5,May,18,1,Monday,false,21
20200519,2020-05-19,2020,2,5,May,19,2,Tuesday,false,21
20200520,2020-05-20,2020,2,5,May,20,3,Wednesday,false,21
20200521,2020-05-21,2020,2,5,May,21,4,Thursday,false,21
20200522,2020-05-22,2020,2,5,May,22,5,Friday,false,21
20200523,2020-05-23,2020,2,5,May,23,6,Saturday,true,21
20200524,2020-05-24,2020,2,5,May,24,7,Sunday,true,21
20200525,2020-05-25,2020,2,5,May,25,1,Monday,false,22
20200526,2020-05-26,2020,2,5,May,26,2,Tuesday,false,22
20200527,2020-05-27,2020,2,5,May,27,3,Wednesday,false,22
20200528,2020-05-28,2020,2,5,May,28,4,Thursday,false,22
20200529,2020-05-29,2020,2,5,May,29,5,Friday,false,22
20200530,2020-05-30,2020,2,5,May,30,6,Saturday,true,22
20200531,2020-05-31,2020,2,5,May,31,7,Sunday,true,22
20200601,2020-06-01,2020,2,6,June,1,1,Monday,false,23
20200602,2020-06-02,2020,2,6,June,2,2,Tuesday,false,23
20200603,2020-06-03,2020,2,6,June,3,3,Wednesday,false,23
20200604,2020-06-04,2020,2,6,June,4,4,Thursday,false,23
20200605,2020-06-05,2020,2,6,June,5,5,Friday,false,23
20200606,2020-06-06,2020,2,6,June,6,6,Saturday,true,23
20200607,2020-06-07,2020,2,6,June,7,7,Sunday,true,23
20200608,2020-06-08,2020,2,6,June,8,1,Monday,false,24
20200609,2020-06-09,2020,2,6,June,9,2,Tuesday,false,24
20200610,2020-06-10,2020,2,6,June,10,3,Wednesday,false,24
20200611,2020-06-11,2020,2,6,June,11,4,Thursday,false,24
20200612,2020-06-12,2020,2,6,June,12,5,Friday,false,24
20200613,2020-06-13,2020,2,6,June,13,6,Saturday,true,24
20200614,2020-06-14,2020,2,6,June,14,7,Sunday,true,24
20200615,2020-06-15,2020,2,6,June,15,1,Monday,false,25
20200616,2020-06-16,2020,2,6,June,16,2,Tuesday,false,25
20200617,2020-06-17,2020,2,6,June,17,3,Wednesday,false,25
20200618,2020-06-18,2020,2,6,June,18,4,Thursday,false,25
20200619,2020-06-19,2020,2,6,June,19,5,Friday,false,25
20200620,2020-06-20,2020,2,6,June,20,6,Saturday,true,25
20200621,2020-06-21,2020,2,6,June,21,7,Sunday,true,25
20200622,2020-06-22,2020,2,6,June,22,1,Monday,false,26
20200623,2020-06-23,2020,2,6,June,23,2,Tuesday,false,26
20200624,2020-06-24,2020,2,6,June,24,3,Wednesday,false,26
20200625,2020-06-25,2020,2,6,June,25,4,Thursday,false,26
20200626,2020-06-26,2020,2,6,June,26,5,Friday,false,26
20200627,2020-06-27,2020,2,6,June,27,6,Saturday,true,26
20200628,2020-06-28,2020,2,6,June,28,7,Sunday,true,26
20200629,2020-06-29,2020,2,6,June,29,1,Monday,false,27
20200630,2020-06-30,2020,2,6,June,30,2,Tuesday,false,27
20200701,2020-07-01,2020,3,7,July,1,3,Wednesday,false,27
20200702,2020-07-02,2020,3,7,July,2,4,Thursday,false,27
20200703,2020-07-03,2020,3,7,July,3,5,Friday,false,27
20200704,2020-07-04,2020,3,7,July,4,6,Saturday,true,27
20200705,2020-07-05,2020,3,7,July,5,7,Sunday,true,27
20200706,2020-07-06,2020,3,7,July,6,1,Monday,false,28
20200707,2020-07-07,2020,3,7,July,7,2,Tuesday,false,28
20200708,2020-07-08,2020,3,7,July,8,3,Wednesday,false,28
20200709,2020-07-09,2020,3,7,July,9,4,Thursday,false,28
20200710,2020-07-10,2020,3,7,July,10,5,Friday,false,28
20200711,2020-07-11,2020,3,7,July,11,6,Saturday,true,28
20200712,2020-07-12,2020,3,7,July,12,7,Sunday,true,28
20200713,2020-07-13,2020,3,7,July,13,1,Monday,false,29
20200714,2020-07-14,2020,3,7,July,14,2,Tuesday,false,29
20200715,2020-07-15,2020,3,7,July,15,3,Wednesday,false,29
20200716,2020-07-16,2020,3,7,July,16,4,Thursday,false,29
20200717,2020-07-17,2020,3,7,July,17,5,Friday,false,29
20200718,2020-07-18,2020,3,7,July,18,6,Saturday,true,29
20200719,2020-07-19,2020,3,7,July,19,7,Sunday,true,29
20200720,2020-07-20,2020,3,7,July,20,1,Monday,false,30
20200721,2020-07-21,2020,3,7,July,21,2,Tuesday,false,30
20200722,2020-07-22,2020,3,7,July,22,3,Wednesday,false,30
20200723,2020-07-23,2020,3,7,July,23,4,Thursday,false,30
20200724,2020-07-24,2020,3,7,July,24,5,Friday,false,30
20200725,2020-07-25,2020,3,7,July,25,6,Saturday,true,30
20200726,2020-07-26,2020,3,7,July,26,7,Sunday,true,30
20200727,2020-07-27,2020,3,7,July,27,1,Monday,false,31
20200728,2020-07-28,2020,3,7,July,28,2,Tuesday,false,31
20200729,2020-07-29,2020,3,7,July,29,3,Wednesday,false,31
20200730,2020-07-30,2020,3,7,July,30,4,Thursday,false,31
20200731,2020-07-31,2020,3,7,July,31,5,Friday,false,31
20200801,2020-08-01,2020,3,8,August,1,6,Saturday,true,31
20200802,2020-08-02,2020,3,8,August,2,7,Sunday,true,31
20200803,2020-08-03,2020,3,8,August,3,1,Monday,false,32
20200804,2020-08-04,2020,3,8,August,4,2,Tuesday,false,32
20200805,2020-08-05,2020,3,8,August,5,3,Wednesday,false,32
20200806,2020-08-06,2020,3,8,August,6,4,Thursday,false,32
20200807,2020-08-07,2020,3,8,August,7,5,Friday,false,32
20200808,2020-08-08,2020,3,8,August,8,6,Saturday,true,32
20200809,2020-08-09,2020,3,8,August,9,7,Sunday,true,32
20200810,2020-08-10,2020,3,8,August,10,1,Monday,false,33
20200811,2020-08-11,2020,3,8,August,11,2,Tuesday,false,33
20200812,2020-08-12,2020,3,8,August,12,3,Wednesday,false,33
20200813,2020-08-13,2020,3,8,August,13,4,Thursday,false,33
20200814,2020-08-14,2020,3,8,August,14,5,Friday,false,33
20200815,2020-08-15,2020,3,8,August,15,6,Saturday,true,33
20200816,2020-08-16,2020,3,8,August,16,7,Sunday,true,33
20200817,2020-08-17,2020,3,8,August,17,1,Monday,false,34
20200818,2020-08-18,2020,3,8,August,18,2,Tuesday,false,34
20200819,2020-08-19,2020,3,8,August,19,3,Wednesday,false,34
20200820,2020-08-20,2020,3,8,August,20,4,Thursday,false,34
20200821,2020-08-21,2020,3,8,August,21,5,Friday,false,34
20200822,2020-08-22,2020,3,8,August,22,6,Saturday,true,34
20200823,2020-08-23,2020,3,8,August,23,7,Sunday,true,34
20200824,2020-08-24,2020,3,8,August,24,1,Monday,false,35
20200825,2020-08-25,2020,3,8,August,25,2,Tuesday,false,35
20200826,2020-08-26,2020,3,8,August,26,3,Wednesday,false,35
20200827,2020-08-27,2020,3,8,August,27,4,Thursday,false,35
20200828,2020-08-28,2020,3,8,August,28,5,Friday,false,35
20200829,2020-08-29,2020,3,8,August,29,6,Saturday,true,35
20200830,2020-08-30,2020,3,8,August,30,7,Sunday,true,35
20200831,2020-08-31,2020,3,8,August,31,1,Monday,false,36
20200901,2020-09-01,2020,3,9,September,1,2,Tuesday,false,36
20200902,2020-09-02,2020,3,9,September,2,3,Wednesday,false,36
20200903,2020-09-03,2020,3,9,September,3,4,Thursday,false,36
20200904,2020-09-04,2020,3,9,September,4,5,Friday,false,36
20200905,2020-09-05,2020,3,9,September,5,6,Saturday,true,36
20200906,2020-09-06,2020,3,9,September,6,7,Sunday,true,36
20200907,2020-09-07,2020,3,9,September,7,1,Monday,false,37
20200908,2020-09-08,2020,3,9,September,8,2,Tuesday,false,37
20200909,2020-09-09,2020,3,9,September,9,3,Wednesday,false,37
20200910,2020-09-10,2020,3,9,September,10,4,Thursday,false,37
20200911,2020-09-11,2020,3,9,September,11,5,Friday,false,37
20200912,2020-09-12,2020,3,9,September,12,6,Saturday,true,37
20200913,2020-09-13,2020,3,9,September,13,7,Sunday,true,37
20200914,2020-09-14,2020,3,9,September,14,1,Monday,false,38
20200915,2020-09-15,2020,3,9,September,15,2,Tuesday,false,38
20200916,2020-09-16,2020,3,9,September,16,3,Wednesday,false,38
20200917,2020-09-17,2020,3,9,September,17,4,Thursday,false,38
20200918,2020-09-18,2020,3,9,September,18,5,Friday,false,38
20200919,2020-09-19,2020,3,9,September,19,6,Saturday,true,38
20200920,2020-09-20,2020,3,9,September,20,7,Sunday,true,38
20200921,2020-09-21,2020,3,9,September,21,1,Monday,false,39
20200922,2020-09-22,2020,3,9,September,22,2,Tuesday,false,39
20200923,2020-09-23,2020,3,9,September,23,3,Wednesday,false,39
20200924,2020-09-24,2020,3,9,September,24,4,Thursday,false,39
20200925,2020-09-25,2020,3,9,September,25,5,Friday,false,39
20200926,2020-09-26,2020,3,9,September,26,6,Saturday,true,39
20200927,2020-09-27,2020,3,9,September,27,7,Sunday,true,39
20200928,2020-09-28,2020,3,9,September,28,1,Monday,false,40
20200929,2020-09-29,2020,3,9,September,29,2,Tuesday,false,40
20200930,2020-09-30,2020,3,9,September,30,3,Wednesday,false,40
20201001,2020-10-01,2020,4,10,October,1,4,Thursday,false,40
20201002,2020-10-02,2020,4,10,October,2,5,Friday,false,40
20201003,2020-10-03,2020,4,10,October,3,6,Saturday,true,40
20201004,2020-10-04,2020,4,10,October,4,7,Sunday,true,40
20201005,2020-10-05,2020,4,10,October,5,1,Monday,false,41
20201006,2020-10-06,2020,4,10,October,6,2,Tuesday,false,41
20201007,2020-10-07,2020,4,10,October,7,3,Wednesday,false,41
20201008,2020-10-08,2020,4,10,October,8,4,Thursday,false,41
20201009,2020-10-09,2020,4,10,October,9,5,Friday,false,41
20201010,2020-10-10,2020,4,10,October,10,6,Saturday,true,41
20201011,2020-10-11,2020,4,10,October,11,7,Sunday,true,41
20201012,2020-10-12,2020,4,10,October,12,1,Monday,false,42
20201013,2020-10-13,2020,4,10,October,13,2,Tuesday,false,42
20201014,2020-10-14,2020,4,10,October,14,3,Wednesday,false,42
20201015,2020-10-15,2020,4,10,October,15,4,Thursday,false,42
20201016,2020-10-16,2020,4,10,October,16,5,Friday,false,42
20201017,2020-10-17,2020,4,10,October,17,6,Saturday,true,42
20201018,2020-10-18,2020,4,10,October,18,7,Sunday,true,42
20201019,2020-10-19,2020,4,10,October,19,1,Monday,false,43
20201020,2020-10-20,2020,4,10,October,20,2,Tuesday,false,43
20201021,2020-10-21,2020,4,10,October,21,3,Wednesday,false,43
20201022,2020-10-22,2020,4,10,October,22,4,Thursday,false,43
20201023,2020-10-23,2020,4,10,October,23,5,Friday,false,43
20201024,2020-10-24,2020,4,10,October,24,6,Saturday,true,43
20201025,2020-10-25,2020,4,10,October,25,7,Sunday,true,43
20201026,2020-10-26,2020,4,10,October,26,1,Monday,false,44
20201027,2020-10-27,2020,4,10,October,27,2,Tuesday,false,44
20201028,2020-10-28,2020,4,10,October,28,3,Wednesday,false,44
20201029,2020-10-29,2020,4,10,October,29,4,Thursday,false,44
20201030,2020-10-30,2020,4,10,October,30,5,Friday,false,44
20201031,2020-10-31,2020,4,10,October,31,6,Saturday,true,44
20201101,2020-11-01,2020,4,11,November,1,7,Sunday,true,44
20201102,2020-11-02,2020,4,11,November,2,1,Monday,false,45
20201103,2020-11-03,2020,4,11,November,3,2,Tuesday,false,45
20201104,2020-11-04,2020,4,11,November,4,3,Wednesday,false,45
20201105,2020-11-05,2020,4,11,November,5,4,Thursday,false,45
20201106,2020-11-06,2020,4,11,November,6,5,Friday,false,45
20201107,2020-11-07,2020,4,11,November,7,6,Saturday,true,45
20201108,2020-11-08,2020,4,11,November,8,7,Sunday,true,45
20201109,2020-11-09,2020,4,11,November,9,1,Monday,false,46
20201110,2020-11-10,2020,4,11,November,10,2,Tuesday,false,46
20201111,2020-11-11,2020,4,11,November,11,3,Wednesday,false,46
20201112,2020-11-12,2020,4,11,November,12,4,Thursday,false,46
20201113,2020-11-13,2020,4,11,November,13,5,Friday,false,46
20201114,2020-11-14,2020,4,11,November,14,6,Saturday,true,46
20201115,2020-11-15,2020,4,11,November,15,7,Sunday,true,46
20201116,2020-11-16,2020,4,11,November,16,1,Monday,false,47
20201117,2020-11-17,2020,4,11,November,17,2,Tuesday,false,47
20201118,2020-11-18,2020,4,11,November,18,3,Wednesday,false,47
20201119,2020-11-19,2020,4,11,November,19,4,Thursday,false,47
20201120,2020-11-20,2020,4,11,November,20,5,Friday,false,47
20201121,2020-11-21,2020,4,11,November,21,6,Saturday,true,47
20201122,2020-11-22,2020,4,11,November,22,7,Sunday,true,47
20201123,2020-11-23,2020,4,11,November,23,1,Monday,false,48
20201124,2020-11-24,2020,4,11,November,24,2,Tuesday,false,48
20201125,2020-11-25,2020,4,11,November,25,3,Wednesday,false,48
20201126,2020-11-26,2020,4,11,November,26,4,Thursday,false,48
20201127,2020-11-27,2020,4,11,November,27,5,Friday,false,48
20201128,2020-11-28,2020,4,11,November,28,6,Saturday,true,48
20201129,2020-11-29,2020,4,11,November,29,7,Sunday,true,48
20201130,2020-11-30,2020,4,11,November,30,1,Monday,false,49
20201201,2020-12-01,2020,4,12,December,1,2,Tuesday,false,49
20201202,2020-12-02,2020,4,12,December,2,3,Wednesday,false,49
20201203,2020-12-03,2020,4,12,December,3,4,Thursday,false,49
20201204,2020-12-04,2020,4,12,December,4,5,Friday,false,49
20201205,2020-12-05,2020,4,12,December,5,6,Saturday,true,49
20201206,2020-12-06,2020,4,12,December,6,7,Sunday,true,49
20201207,2020-12-07,2020,4,12,December,7,1,Monday,false,50
20201208,2020-12-08,2020,4,12,December,8,2,Tuesday,false,50
20201209,2020-12-09,2020,4,12,December,9,3,Wednesday,false,50
20201210,2020-12-10,2020,4,12,December,10,4,Thursday,false,50
20201211,2020-12-11,2020,4,12,December,11,5,Friday,false,50
20201212,2020-12-12,2020,4,12,December,12,6,Saturday,true,50
20201213,2020-12-13,2020,4,12,December,13,7,Sunday,true,50
20201214,2020-12-14,2020,4,12,December,14,1,Monday,false,51
20201215,2020-12-15,2020,4,12,December,15,2,Tuesday,false,51
20201216,2020-12-16,2020,4,12,December,16,3,Wednesday,false,51
20201217,2020-12-17,2020,4,12,December,17,4,Thursday,false,51
20201218,2020-12-18,2020,4,12,December,18,5,Friday,false,51
20201219,2020-12-19,2020,4,12,December,19,6,Saturday,true,51
20201220,2020-12-20,2020,4,12,December,20,7,Sunday,true,51
20201221,2020-12-21,2020,4,12,December,21,1,Monday,false,52
20201222,2020-12-22,2020,4,12,December,22,2,Tuesday,false,52
20201223,2020-12-23,2020,4,12,December,23,3,Wednesday,false,52
20201224,2020-12-24,2020,4,12,December,24,4,Thursday,false,52
20201225,2020-12-25,2020,4,12,December,25,5,Friday,false,52
20201226,2020-12-26,2020,4,12,December,26,6,Saturday,true,52
20201227,2020-12-27,2020,4,12,December,27,7,Sunday,true,52
20201228,2020-12-28,2020,4,12,December,28,1,Monday,false,53
20201229,2020-12-29,2020,4,12,December,29,2,Tuesday,false,53
20201230,2020-12-30,2020,4,12,December,30,3,Wednesday,false,53
20201231,2020-12-31,2020,4,12,December,31,4,Thursday,false,53
20210101,2021-01-01,2021,1,1,January,1,5,Friday,false,53
20210102,2021-01-02,2021,1,1,January,2,6,Saturday,true,53
20210103,2021-01-03,2021,1,1,January,3,7,Sunday,true,53
20210104,2021-01-04,2021,1,1,January,4,1,Monday,false,1
20210105,2021-01-05,2021,1,1,January,5,2,Tuesday,false,1
20210106,2021-01-06,2021,1,1,January,6,3,Wednesday,false,1
20210107,2021-01-07,2021,1,1,January,7,4,Thursday,false,1
20210108,2021-01-08,2021,1,1,January,8,5,Friday,false,1
20210109,2021-01-09,2021,1,1,January,9,6,Saturday,true,1
20210110,2021-01-10,2021,1,1,January,10,7,Sunday,true,1
20210111,2021-01-11,2021,1,1,January,11,1,Monday,false,2
20210112,2021-01-12,2021,1,1,January,12,2,Tuesday,false,2
20210113,2021-01-13,2021,1,1,January,13,3,Wednesday,false,2
20210114,2021-01-14,2021,1,1,January,14,4,Thursday,false,2
20210115,2021-01-15,2021,1,1,January,15,5,Friday,false,2
20210116,2021-01-16,2021,1,1,January,16,6,Saturday,true,2
20210117,2021-01-17,2021,1,1,January,17,7,Sunday,true,2
20210118,2021-01-18,2021,1,1,January,18,1,Monday,false,3
20210119,2021-01-19,2021,1,1,January,19,2,Tuesday,false,3
20210120,2021-01-20,2021,1,1,January,20,3,Wednesday,false,3
20210121,2021-01-21,2021,1,1,January,21,4,Thursday,false,3
20210122,2021-01-22,2021,1,1,January,22,5,Friday,false,3
20210123,2021-01-23,2021,1,1,January,23,6,Saturday,true,3
20210124,2021-01-24,2021,1,1,January,24,7,Sunday,true,3
20210125,2021-01-25,2021,1,1,January,25,1,Monday,false,4
20210126,2021-01-26,2021,1,1,January,26,2,Tuesday,false,4
20210127,2021-01-27,2021,1,1,January,27,3,Wednesday,false,4
20210128,2021-01-28,2021,1,1,January,28,4,Thursday,false,4
20210129,2021-01-29,2021,1,1,January,29,5,Friday,false,4
20210130,2021-01-30,2021,1,1,January,30,6,Saturday,true,4
20210131,2021-01-31,2021,1,1,January,31,7,Sunday,true,4
20210201,2021-02-01,2021,1,2,February,1,1,Monday,false,5
20210202,2021-02-02,2021,1,2,February,2,2,Tuesday,false,5
20210203,2021-02-03,2021,1,2,February,3,3,Wednesday,false,5
20210204,2021-02-04,2021,1,2,February,4,4,Thursday,false,5
20210205,2021-02-05,2021,1,2,February,5,5,Friday,false,5
20210206,2021-02-06,2021,1,2,February,6,6,Saturday,true,5
20210207,2021-02-07,2021,1,2,February,7,7,Sunday,true,5
20210208,2021-02-08,2021,1,2,February,8,1,Monday,false,6
20210209,2021-02-09,2021,1,2,February,9,2,Tuesday,false,6
20210210,2021-02-10,2021,1,2,February,10,3,Wednesday,false,6
20210211,2021-02-11,2021,1,2,February,11,4,Thursday,false,6
20210212,2021-02-12,2021,1,2,February,12,5,Friday,false,6
20210213,2021-02-13,2021,1,2,February,13,6,Saturday,true,6
20210214,2021-02-14,2021,1,2,February,14,7,Sunday,true,6
20210215,2021-02-15,2021,1,2,February,15,1,Monday,false,7
20210216,2021-02-16,2021,1,2,February,16,2,Tuesday,false,7
20210217,2021-02-17,2021,1,2,February,17,3,Wednesday,false,7
20210218,2021-02-18,2021,1,2,February,18,4,Thursday,false,7
20210219,2021-02-19,2021,1,2,February,19,5,Friday,false,7
20210220,2021-02-20,2021,1,2,February,20,6,Saturday,true,7
20210221,2021-02-21,2021,1,2,February,21,7,Sunday,true,7
20210222,2021-02-22,2021,1,2,February,22,1,Monday,false,8
20210223,2021-02-23,2021,1,2,February,23,2,Tuesday,false,8
20210224,2021-02-24,2021,1,2,February,24,3,Wednesday,false,8
20210225,2021-02-25,2021,1,2,February,25,4,Thursday,false,8
20210226,2021-02-26,2021,1,2,February,26,5,Friday,false,8
20210227,2021-02-27,2021,1,2,February,27,6,Saturday,true,8
20210228,2021-02-28,2021,1,2,February,28,7,Sunday,true,8
20210301,2021-03-01,2021,1,3,March,1,1,Monday,false,9
20210302,2021-03-02,2021,1,3,March,2,2,Tuesday,false,9
20210303,2021-03-03,2021,1,3,March,3,3,Wednesday,false,9
20210304,2021-03-04,2021,1,3,March,4,4,Thursday,false,9
20210305,2021-03-05,2021,1,3,March,5,5,Friday,false,9
20210306,2021-03-06,2021,1,3,March,6,6,Saturday,true,9
20210307,2021-03-07,2021,1,3,March,7,7,Sunday,true,9
20210308,2021-03-08,2021,1,3,March,8,1,Monday,false,10
20210309,2021-03-09,2021,1,3,March,9,2,Tuesday,false,10
20210310,2021-03-10,2021,1,3,March,10,3,Wednesday,false,10
20210311,2021-03-11,2021,1,3,March,11,4,Thursday,false,10
20210312,2021-03-12,2021,1,3,March,12,5,Friday,false,10
20210313,2021-03-13,2021,1,3,March,13,6,Saturday,true,10
20210314,2021-03-14,2021,1,3,March,14,7,Sunday,true,10
20210315,2021-03-15,2021,1,3,March,15,1,Monday,false,11
20210316,2021-03-16,2021,1,3,March,16,2,Tuesday,false,11
20210317,2021-03-17,2021,1,3,March,17,3,Wednesday,false,11
20210318,2021-03-18,2021,1,3,March,18,4,Thursday,false,11
20210319,2021-03-19,2021,1,3,March,19,5,Friday,false,11
20210320,2021-03-20,2021,1,3,March,20,6,Saturday,true,11
20210321,2021-03-21,2021,1,3,March,21,7,Sunday,true,11
20210322,2021-03-22,2021,1,3,March,22,1,Monday,false,12
20210323,2021-03-23,2021,1,3,March,23,2,Tuesday,false,12
20210324,2021-03-24,2021,1,3,March,24,3,Wednesday,false,12
20210325,2021-03-25,2021,1,3,March,25,4,Thursday,false,12
20210326,2021-03-26,2021,1,3,March,26,5,Friday,false,12
20210327,2021-03-27,2021,1,3,March,27,6,Saturday,true,12
20210328,2021-03-28,2021,1,3,March,28,7,Sunday,true,12
20210329,2021-03-29,2021,1,3,March,29,1,Monday,false,13
20210330,2021-03-30,2021,1,3,March,30,2,Tuesday,false,13
20210331,2021-03-31,2021,1,3,March,31,3,Wednesday,false,13
20210401,2021-04-01,2021,2,4,April,1,4,Thursday,false,13
20210402,2021-04-02,2021,2,4,April,2,5,Friday,false,13
20210403,2021-04-03,2021,2,4,April,3,6,Saturday,true,13
20210404,2021-04-04,2021,2,4,April,4,7,Sunday,true,13
20210405,2021-04-05,2021,2,4,April,5,1,Monday,false,14
20210406,2021-04-06,2021,2,4,April,6,2,Tuesday,false,14
20210407,2021-04-07,2021,2,4,April,7,3,Wednesday,false,14
20210408,2021-04-08,2021,2,4,April,8,4,Thursday,false,14
20210409,2021-04-09,2021,2,4,April,9,5,Friday,false,14
20210410,2021-04-10,2021,2,4,April,10,6,Saturday,true,14
20210411,2021-04-11,2021,2,4,April,11,7,Sunday,true,14
20210412,2021-04-12,2021,2,4,April,12,1,Monday,false,15
20210413,2021-04-13,2021,2,4,April,13,2,Tuesday,false,15
20210414,2021-04-14,2021,2,4,April,14,3,Wednesday,false,15
20210415,2021-04-15,2021,2,4,April,15,4,Thursday,false,15
20210416,2021-04-16,2021,2,4,April,16,5,Friday,false,15
20210417,2021-04-17,2021,2,4,April,17,6,Saturday,true,15
20210418,2021-04-18,2021,2,4,April,18,7,Sunday,true,15
20210419,2021-04-19,2021,2,4,April,19,1,Monday,false,16
20210420,2021-04-20,2021,2,4,April,20,2,Tuesday,false,16
20210421,2021-04-21,2021,2,4,April,21,3,Wednesday,false,16
20210422,2021-04-22,2021,2,4,April,22,4,Thursday,false,16
20210423,2021-04-23,2021,2,4,April,23,5,Friday,false,16
20210424,2021-04-24,2021,2,4,April,24,6,Saturday,true,16
20210425,2021-04-25,2021,2,4,April,25,7,Sunday,true,16
20210426,2021-04-26,2021,2,4,April,26,1,Monday,false,17
20210427,2021-04-27,2021,2,4,April,27,2,Tuesday,false,17
20210428,2021-04-28,2021,2,4,April,28,3,Wednesday,false,17
20210429,2021-04-29,2021,2,4,April,29,4,Thursday,false,17
20210430,2021-04-30,2021,2,4,April,30,5,Friday,false,17
20210501,2021-05-01,2021,2,5,May,1,6,Saturday,true,17
20210502,2021-05-02,2021,2,5,May,2,7,Sunday,true,17
20210503,2021-05-03,2021,2,5,May,3,1,Monday,false,18
20210504,2021-05-04,2021,2,5,May,4,2,Tuesday,false,18
20210505,2021-05-05,2021,2,5,May,5,3,Wednesday,false,18
20210506,2021-05-06,2021,2,5,May,6,4,Thursday,false,18
20210507,2021-05-07,2021,2,5,May,7,5,Friday,false,18
20210508,2021-05-08,2021,2,5,May,8,6,Saturday,true,18
20210509,2021-05-09,2021,2,5,May,9,7,Sunday,true,18
20210510,2021-05-10,2021,2,5,May,10,1,Monday,false,19
20210511,2021-05-11,2021,2,5,May,11,2,Tuesday,false,19
20210512,2021-05-12,2021,2,5,May,12,3,Wednesday,false,19
20210513,2021-05-13,2021,2,5,May,13,4,Thursday,false,19
20210514,2021-05-14,2021,2,5,May,14,5,Friday,false,19
20210515,2021-05-15,2021,2,5,May,15,6,Saturday,true,19
20210516,2021-05-16,2021,2,5,May,16,7,Sunday,true,19
20210517,2021-05-17,2021,2,5,May,17,1,Monday,false,20
20210518,2021-05-18,2021,2,5,May,18,2,Tuesday,false,20
20210519,2021-05-19,2021,2,5,May,19,3,Wednesday,false,20
20210520,2021-05-20,2021,2,5,May,20,4,Thursday,false,20
20210521,2021-05-21,2021,2,5,May,21,5,Friday,false,20
20210522,2021-05-22,2021,2,5,May,22,6,Saturday,true,20
20210523,2021-05-23,2021,2,5,May,23,7,Sunday,true,20
20210524,2021-05-24,2021,2,5,May,24,1,Monday,false,21
20210525,2021-05-25,2021,2,5,May,25,2,Tuesday,false,21
20210526,2021-05-26,2021,2,5,May,26,3,Wednesday,false,21
20210527,2021-05-27,2021,2,5,May,27,4,Thursday,false,21
20210528,2021-05-28,2021,2,5,May,28,5,Friday,false,21
20210529,2021-05-29,2021,2,5,May,29,6,Saturday,true,21
20210530,2021-05-30,2021,2,5,May,30,7,Sunday,true,21
20210531,2021-05-31,2021,2,5,May,31,1,Monday,false,22
20210601,2021-06-01,2021,2,6,June,1,2,Tuesday,false,22
20210602,2021-06-02,2021,2,6,June,2,3,Wednesday,false,22
20210603,2021-06-03,2021,2,6,June,3,4,Thursday,false,22
20210604,2021-06-04,2021,2,6,June,4,5,Friday,false,22
20210605,2021-06-05,2021,2,6,June,5,6,Saturday,true,22
20210606,2021-06-06,2021,2,6,June,6,7,Sunday,true,22
20210607,2021-06-07,2021,2,6,June,7,1,Monday,false,23
20210608,2021-06-08,2021,2,6,June,8,2,Tuesday,false,23
20210609,2021-06-09,2021,2,6,June,9,3,Wednesday,false,23
20210610,2021-06-10,2021,2,6,June,10,4,Thursday,false,23
20210611,2021-06-11,2021,2,6,June,11,5,Friday,false,23
20210612,2021-06-12,2021,2,6,June,12,6,Saturday,true,23
20210613,2021-06-13,2021,2,6,June,13,7,Sunday,true,23
20210614,2021-06-14,2021,2,6,June,14,1,Monday,false,24
20210615,2021-06-15,2021,2,6,June,15,2,Tuesday,false,24
20210616,2021-06-16,2021,2,6,June,16,3,Wednesday,false,24
20210617,2021-06-17,2021,2,6,June,17,4,Thursday,false,24
20210618,2021-06-18,2021,2,6,June,18,5,Friday,false,24
20210619,2021-06-19,2021,2,6,June,19,6,Saturday,true,24
20210620,2021-06-20,2021,2,6,June,20,7,Sunday,true,24
20210621,2021-06-21,2021,2,6,June,21,1,Monday,false,25
20210622,2021-06-22,2021,2,6,June,22,2,Tuesday,false,25
20210623,2021-06-23,2021,2,6,June,23,3,Wednesday,false,25
20210624,2021-06-24,2021,2,6,June,24,4,Thursday,false,25
20210625,2021-06-25,2021,2,6,June,25,5,Friday,false,25
20210626,2021-06-26,2021,2,6,June,26,6,Saturday,true,25
20210627,2021-06-27,2021,2,6,June,27,7,Sunday,true,25
20210628,2021-06-28,2021,2,6,June,28,1,Monday,false,26
20210629,2021-06-29,2021,2,6,June,29,2,Tuesday,false,26
20210630,2021-06-30,2021,2,6,June,30,3,Wednesday,false,26
20210701,2021-07-01,2021,3,7,July,1,4,Thursday,false,26
20210702,2021-07-02,2021,3,7,July,2,5,Friday,false,26
20210703,2021-07-03,2021,3,7,July,3,6,Saturday,true,26
20210704,2021-07-04,2021,3,7,July,4,7,Sunday,true,26
20210705,2021-07-05,2021,3,7,July,5,1,Monday,false,27
20210706,2021-07-06,2021,3,7,July,6,2,Tuesday,false,27
20210707,2021-07-07,2021,3,7,July,7,3,Wednesday,false,27
20210708,2021-07-08,2021,3,7,July,8,4,Thursday,false,27
20210709,2021-07-09,2021,3,7,July,9,5,Friday,false,27
20210710,2021-07-10,2021,3,7,July,10,6,Saturday,true,27
20210711,2021-07-11,2021,3,7,July,11,7,Sunday,true,27
20210712,2021-07-12,2021,3,7,July,12,1,Monday,false,28
20210713,2021-07-13,2021,3,7,July,13,2,Tuesday,false,28
20210714,2021-07-14,2021,3,7,July,14,3,Wednesday,false,28
20210715,2021-07-15,2021,3,7,July,15,4,Thursday,false,28
20210716,2021-07-16,2021,3,7,July,16,5,Friday,false,28
20210717,2021-07-17,2021,3,7,July,17,6,Saturday,true,28
20210718,2021-07-18,2021,3,7,July,18,7,Sunday,true,28
20210719,2021-07-19,2021,3,7,July,19,1,Monday,false,29
20210720,2021-07-20,2021,3,7,July,20,2,Tuesday,false,29
20210721,2021-07-21,2021,3,7,July,21,3,Wednesday,false,29
20210722,2021-07-22,2021,3,7,July,22,4,Thursday,false,29
20210723,2021-07-23,2021,3,7,July,23,5,Friday,false,29
20210724,2021-07-24,2021,3,7,July,24,6,Saturday,true,29
20210725,2021-07-25,2021,3,7,July,25,7,Sunday,true,29
20210726,2021-07-26,2021,3,7,July,26,1,Monday,false,30
20210727,2021-07-27,2021,3,7,July,27,2,Tuesday,false,30
20210728,2021-07-28,2021,3,7,July,28,3,Wednesday,false,30
20210729,2021-07-29,2021,3,7,July,29,4,Thursday,false,30
20210730,2021-07-30,2021,3,7,July,30,5,Friday,false,30
20210731,2021-07-31,2021,3,7,July,31,6,Saturday,true,30
20210801,2021-08-01,2021,3,8,August,1,7,Sunday,true,30
20210802,2021-08-02,2021,3,8,August,2,1,Monday,false,31
20210803,2021-08-03,2021,3,8,August,3,2,Tuesday,false,31
20210804,2021-08-04,2021,3,8,August,4,3,Wednesday,false,31
20210805,2021-08-05,2021,3,8,August,5,4,Thursday,false,31
20210806,2021-08-06,2021,3,8,August,6,5,Friday,false,31
20210807,2021-08-07,2021,3,8,August,7,6,Saturday,true,31
20210808,2021-08-08,2021,3,8,August,8,7,Sunday,true,31
20210809,2021-08-09,2021,3,8,August,9,1,Monday,false,32
20210810,2021-08-10,2021,3,8,August,10,2,Tuesday,false,32
20210811,2021-08-11,2021,3,8,August,11,3,Wednesday,false,32
20210812,2021-08-12,2021,3,8,August,12,4,Thursday,false,32
20210813,2021-08-13,2021,3,8,August,13,5,Friday,false,32
20210814,2021-08-14,2021,3,8,August,14,6,Saturday,true,32
20210815,2021-08-15,2021,3,8,August,15,7,Sunday,true,32
20210816,2021-08-16,2021,3,8,August,16,1,Monday,false,33
20210817,2021-08-17,2021,3,8,August,17,2,Tuesday,false,33
20210818,2021-08-18,2021,3,8,August,18,3,Wednesday,false,33
20210819,2021-08-19,2021,3,8,August,19,4,Thursday,false,33
20210820,2021-08-20,2021,3,8,August,20,5,Friday,false,33
20210821,2021-08-21,2021,3,8,August,21,6,Saturday,true,33
20210822,2021-08-22,2021,3,8,August,22,7,Sunday,true,33
20210823,2021-08-23,2021,3,8,August,23,1,Monday,false,34
20210824,2021-08-24,2021,3,8,August,24,2,Tuesday,false,34
20210825,2021-08-25,2021,3,8,August,25,3,Wednesday,false,34
20210826,2021-08-26,2021,3,8,August,26,4,Thursday,false,34
20210827,2021-08-27,2021,3,8,August,27,5,Friday,false,34
20210828,2021-08-28,2021,3,8,August,28,6,Saturday,true,34
20210829,2021-08-29,2021,3,8,August,29,7,Sunday,true,34
20210830,2021-08-30,2021,3,8,August,30,1,Monday,false,35
20210831,2021-08-31,2021,3,8,August,31,2,Tuesday,false,35
20210901,2021-09-01,2021,3,9,September,1,3,Wednesday,false,35
20210902,2021-09-02,2021,3,9,September,2,4,Thursday,false,35
20210903,2021-09-03,2021,3,9,September,3,5,Friday,false,35
20210904,2021-09-04,2021,3,9,September,4,6,Saturday,true,35
20210905,2021-09-05,2021,3,9,September,5,7,Sunday,true,35
20210906,2021-09-06,2021,3,9,September,6,1,Monday,false,36
20210907,2021-09-07,2021,3,9,September,7,2,Tuesday,false,36
20210908,2021-09-08,2021,3,9,September,8,3,Wednesday,false,36
20210909,2021-09-09,2021,3,9,September,9,4,Thursday,false,36
20210910,2021-09-10,2021,3,9,September,10,5,Friday,false,36
20210911,2021-09-11,2021,3,9,September,11,6,Saturday,true,36
20210912,2021-09-12,2021,3,9,September,12,7,Sunday,true,36
20210913,2021-09-13,2021,3,9,September,13,1,Monday,false,37
20210914,2021-09-14,2021,3,9,September,14,2,Tuesday,false,37
20210915,2021-09-15,2021,3,9,September,15,3,Wednesday,false,37
20210916,2021-09-16,2021,3,9,September,16,4,Thursday,false,37
20210917,2021-09-17,2021,3,9,September,17,5,Friday,false,37
20210918,2021-09-18,2021,3,9,September,18,6,Saturday,true,37
20210919,2021-09-19,2021,3,9,September,19,7,Sunday,true,37
20210920,2021-09-20,2021,3,9,September,20,1,Monday,false,38
20210921,2021-09-21,2021,3,9,September,21,2,Tuesday,false,38
20210922,2021-09-22,2021,3,9,September,22,3,Wednesday,false,38
20210923,2021-09-23,2021,3,9,September,23,4,Thursday,false,38
20210924,2021-09-24,2021,3,9,September,24,5,Friday,false,38
20210925,2021-09-25,2021,3,9,September,25,6,Saturday,true,38
20210926,2021-09-26,2021,3,9,September,26,7,Sunday,true,38
20210927,2021-09-27,2021,3,9,September,27,1,Monday,false,39
20210928,2021-09-28,2021,3,9,September,28,2,Tuesday,false,39
20210929,2021-09-29,2021,3,9,September,29,3,Wednesday,false,39
20210930,2021-09-30,2021,3,9,September,30,4,Thursday,false,39
20211001,2021-10-01,2021,4,10,October,1,5,Friday,false,39
20211002,2021-10-02,2021,4,10,October,2,6,Saturday,true,39
20211003,2021-10-03,2021,4,10,October,3,7,Sunday,true,39
20211004,2021-10-04,2021,4,10,October,4,1,Monday,false,40
20211005,2021-10-05,2021,4,10,October,5,2,Tuesday,false,40
20211006,2021-10-06,2021,4,10,October,6,3,Wednesday,false,40
20211007,2021-10-07,2021,4,10,October,7,4,Thursday,false,40
20211008,2021-10-08,2021,4,10,October,8,5,Friday,false,40
20211009,2021-10-09,2021,4,10,October,9,6,Saturday,true,40
20211010,2021-10-10,2021,4,10,October,10,7,Sunday,true,40
20211011,2021-10-11,2021,4,10,October,11,1,Monday,false,41
20211012,2021-10-12,2021,4,10,October,12,2,Tuesday,false,41
20211013,2021-10-13,2021,4,10,October,13,3,Wednesday,false,41
20211014,2021-10-14,2021,4,10,October,14,4,Thursday,false,41
20211015,2021-10-15,2021,4,10,October,15,5,Friday,false,41
20211016,2021-10-16,2021,4,10,October,16,6,Saturday,true,41
20211017,2021-10-17,2021,4,10,October,17,7,Sunday,true,41
20211018,2021-10-18,2021,4,10,October,18,1,Monday,false,42
20211019,2021-10-19,2021,4,10,October,19,2,Tuesday,false,42
20211020,2021-10-20,2021,4,10,October,20,3,Wednesday,false,42
20211021,2021-10-21,2021,4,10,October,21,4,Thursday,false,42
20211022,2021-10-22,2021,4,10,October,22,5,Friday,false,42
20211023,2021-10-23,2021,4,10,October,23,6,Saturday,true,42
20211024,2021-10-24,2021,4,10,October,24,7,Sunday,true,42
20211025,2021-10-25,2021,4,10,October,25,1,Monday,false,43
20211026,2021-10-26,2021,4,10,October,26,2,Tuesday,false,43
20211027,2021-10-27,2021,4,10,October,27,3,Wednesday,false,43
20211028,2021-10-28,2021,4,10,October,28,4,Thursday,false,43
20211029,2021-10-29,2021,4,10,October,29,5,Friday,false,43
20211030,2021-10-30,2021,4,10,October,30,6,Saturday,true,43
20211031,2021-10-31,2021,4,10,October,31,7,Sunday,true,43
20211101,2021-11-01,2021,4,11,November,1,1,Monday,false,44
20211102,2021-11-02,2021,4,11,November,2,2,Tuesday,false,44
20211103,2021-11-03,2021,4,11,November,3,3,Wednesday,false,44
20211104,2021-11-04,2021,4,11,November,4,4,Thursday,false,44
20211105,2021-11-05,2021,4,11,November,5,5,Friday,false,44
20211106,2021-11-06,2021,4,11,November,6,6,Saturday,true,44
20211107,2021-11-07,2021,4,11,November,7,7,Sunday,true,44
20211108,2021-11-08,2021,4,11,November,8,1,Monday,false,45
20211109,2021-11-09,2021,4,11,November,9,2,Tuesday,false,45
20211110,2021-11-10,2021,4,11,November,10,3,Wednesday,false,45
20211111,2021-11-11,2021,4,11,November,11,4,Thursday,false,45
20211112,2021-11-12,2021,4,11,November,12,5,Friday,false,45
20211113,2021-11-13,2021,4,11,November,13,6,Saturday,true,45
20211114,2021-11-14,2021,4,11,November,14,7,Sunday,true,45
20211115,2021-11-15,2021,4,11,November,15,1,Monday,false,46
20211116,2021-11-16,2021,4,11,November,16,2,Tuesday,false,46
20211117,2021-11-17,2021,4,11,November,17,3,Wednesday,false,46
20211118,2021-11-18,2021,4,11,November,18,4,Thursday,false,46
20211119,2021-11-19,2021,4,11,November,19,5,Friday,false,46
20211120,2021-11-20,2021,4,11,November,20,6,Saturday,true,46
20211121,2021-11-21,2021,4,11,November,21,7,Sunday,true,46
20211122,2021-11-22,2021,4,11,November,22,1,Monday,false,47
20211123,2021-11-23,2021,4,11,November,23,2,Tuesday,false,47
20211124,2021-11-24,2021,4,11,November,24,3,Wednesday,false,47
20211125,2021-11-25,2021,4,11,November,25,4,Thursday,false,47
20211126,2021-11-26,2021,4,11,November,26,5,Friday,false,47
20211127,2021-11-27,2021,4,11,November,27,6,Saturday,true,47
20211128,2021-11-28,2021,4,11,November,28,7,Sunday,true,47
20211129,2021-11-29,2021,4,11,November,29,1,Monday,false,48
20211130,2021-11-30,2021,4,11,November,30,2,Tuesday,false,48
20211201,2021-12-01,2021,4,12,December,1,3,Wednesday,false,48
20211202,2021-12-02,2021,4,12,December,2,4,Thursday,false,48
20211203,2021-12-03,2021,4,12,December,3,5,Friday,false,48
20211204,2021-12-04,2021,4,12,December,4,6,Saturday,true,48
20211205,2021-12-05,2021,4,12,December,5,7,Sunday,true,48
20211206,2021-12-06,2021,4,12,December,6,1,Monday,false,49
20211207,2021-12-07,2021,4,12,December,7,2,Tuesday,false,49
20211208,2021-12-08,2021,4,12,December,8,3,Wednesday,false,49
20211209,2021-12-09,2021,4,12,December,9,4,Thursday,false,49
20211210,2021-12-10,2021,4,12,December,10,5,Friday,false,49
20211211,2021-12-11,2021,4,12,December,11,6,Saturday,true,49
20211212,2021-12-12,2021,4,12,December,12,7,Sunday,true,49
20211213,2021-12-13,2021,4,12,December,13,1,Monday,false,50
20211214,2021-12-14,2021,4,12,December,14,2,Tuesday,false,50
20211215,2021-12-15,2021,4,12,December,15,3,Wednesday,false,50
20211216,2021-12-16,2021,4,12,December,16,4,Thursday,false,50
20211217,2021-12-17,2021,4,12,December,17,5,Friday,false,50
20211218,2021-12-18,2021,4,12,December,18,6,Saturday,true,50
20211219,2021-12-19,2021,4,12,December,19,7,Sunday,true,50
20211220,2021-12-20,2021,4,12,December,20,1,Monday,false,51
20211221,2021-12-21,2021,4,12,December,21,2,Tuesday,false,51
20211222,2021-12-22,2021,4,12,December,22,3,Wednesday,false,51
20211223,2021-12-23,2021,4,12,December,23,4,Thursday,false,51
20211224,2021-12-24,2021,4,12,December,24,5,Friday,false,51
20211225,2021-12-25,2021,4,12,December,25,6,Saturday,true,51
20211226,2021-12-26,2021,4,12,December,26,7,Sunday,true,51
20211227,2021-12-27,2021,4,12,December,27,1,Monday,false,52
20211228,2021-12-28,2021,4,12,December,28,2,Tuesday,false,52
20211229,2021-12-29,2021,4,12,December,29,3,Wednesday,false,52
20211230,2021-12-30,2021,4,12,December,30,4,Thursday,false,52
20211231,2021-12-31,2021,4,12,December,31,5,Friday,false,52
20220101,2022-01-01,2022,1,1,January,1,6,Saturday,true,52
20220102,2022-01-02,2022,1,1,January,2,7,Sunday,true,52
20220103,2022-01-03,2022,1,1,January,3,1,Monday,false,1
20220104,2022-01-04,2022,1,1,January,4,2,Tuesday,false,1
20220105,2022-01-05,2022,1,1,January,5,3,Wednesday,false,1
20220106,2022-01-06,2022,1,1,January,6,4,Thursday,false,1
20220107,2022-01-07,2022,1,1,January,7,5,Friday,false,1
20220108,2022-01-08,2022,1,1,January,8,6,Saturday,true,1
20220109,2022-01-09,2022,1,1,January,9,7,Sunday,true,1
20220110,2022-01-10,2022,1,1,January,10,1,Monday,false,2
20220111,2022-01-11,2022,1,1,January,11,2,Tuesday,false,2
20220112,2022-01-12,2022,1,1,January,12,3,Wednesday,false,2
20220113,2022-01-13,2022,1,1,January,13,4,Thursday,false,2
20220114,2022-01-14,2022,1,1,January,14,5,Friday,false,2
20220115,2022-01-15,2022,1,1,January,15,6,Saturday,true,2
20220116,2022-01-16,2022,1,1,January,16,7,Sunday,true,2
20220117,2022-01-17,2022,1,1,January,17,1,Monday,false,3
20220118,2022-01-18,2022,1,1,January,18,2,Tuesday,false,3
20220119,2022-01-19,2022,1,1,January,19,3,Wednesday,false,3
20220120,2022-01-20,2022,1,1,January,20,4,Thursday,false,3
20220121,2022-01-21,2022,1,1,January,21,5,Friday,false,3
20220122,2022-01-22,2022,1,1,January,22,6,Saturday,true,3
20220123,2022-01-23,2022,1,1,January,23,7,Sunday,true,3
20220124,2022-01-24,2022,1,1,January,24,1,Monday,false,4
20220125,2022-01-25,2022,1,1,January,25,2,Tuesday,false,4
20220126,2022-01-26,2022,1,1,January,26,3,Wednesday,false,4
20220127,2022-01-27,2022,1,1,January,27,4,Thursday,false,4
20220128,2022-01-28,2022,1,1,January,28,5,Friday,false,4
20220129,2022-01-29,2022,1,1,January,29,6,Saturday,true,4
20220130,2022-01-30,2022,1,1,January,30,7,Sunday,true,4
20220131,2022-01-31,2022,1,1,January,31,1,Monday,false,5
20220201,2022-02-01,2022,1,2,February,1,2,Tuesday,false,5
20220202,2022-02-02,2022,1,2,February,2,3,Wednesday,false,5
20220203,2022-02-03,2022,1,2,February,3,4,Thursday,false,5
20220204,2022-02-04,2022,1,2,February,4,5,Friday,false,5
20220205,2022-02-05,2022,1,2,February,5,6,Saturday,true,5
20220206,2022-02-06,2022,1,2,February,6,7,Sunday,true,5
20220207,2022-02-07,2022,1,2,February,7,1,Monday,false,6
20220208,2022-02-08,2022,1,2,February,8,2,Tuesday,false,6
20220209,2022-02-09,2022,1,2,February,9,3,Wednesday,false,6
20220210,2022-02-10,2022,1,2,February,10,4,Thursday,false,6
20220211,2022-02-11,2022,1,2,February,11,5,Friday,false,6
20220212,2022-02-12,2022,1,2,February,12,6,Saturday,true,6
20220213,2022-02-13,2022,1,2,February,13,7,Sunday,true,6
20220214,2022-02-14,2022,1,2,February,14,1,Monday,false,7
20220215,2022-02-15,2022,1,2,February,15,2,Tuesday,false,7
20220216,2022-02-16,2022,1,2,February,16,3,Wednesday,false,7
20220217,2022-02-17,2022,1,2,February,17,4,Thursday,false,7
20220218,2022-02-18,2022,1,2,February,18,5,Friday,false,7
20220219,2022-02-19,2022,1,2,February,19,6,Saturday,true,7
20220220,2022-02-20,2022,1,2,February,20,7,Sunday,true,7
20220221,2022-02-21,2022,1,2,February,21,1,Monday,false,8
20220222,2022-02-22,2022,1,2,February,22,2,Tuesday,false,8
20220223,2022-02-23,2022,1,2,February,23,3,Wednesday,false,8
20220224,2022-02-24,2022,1,2,February,24,4,Thursday,false,8
20220225,2022-02-25,2022,1,2,February,25,5,Friday,false,8
20220226,2022-02-26,2022,1,2,February,26,6,Saturday,true,8
20220227,2022-02-27,2022,1,2,February,27,7,Sunday,true,8
20220228,2022-02-28,2022,1,2,February,28,1,Monday,false,9
20220301,2022-03-01,2022,1,3,March,1,2,Tuesday,false,9
20220302,2022-03-02,2022,1,3,March,2,3,Wednesday,false,9
20220303,2022-03-03,2022,1,3,March,3,4,Thursday,false,9
20220304,2022-03-04,2022,1,3,March,4,5,Friday,false,9
20220305,2022-03-05,2022,1,3,March,5,6,Saturday,true,9
20220306,2022-03-06,2022,1,3,March,6,7,Sunday,true,9
20220307,2022-03-07,2022,1,3,March,7,1,Monday,false,10
20220308,2022-03-08,2022,1,3,March,8,2,Tuesday,false,10
20220309,2022-03-09,2022,1,3,March,9,3,Wednesday,false,10
20220310,2022-03-10,2022,1,3,March,10,4,Thursday,false,10
20220311,2022-03-11,2022,1,3,March,11,5,Friday,false,10
20220312,2022-03-12,2022,1,3,March,12,6,Saturday,true,10
20220313,2022-03-13,2022,1,3,March,13,7,Sunday,true,10
20220314,2022-03-14,2022,1,3,March,14,1,Monday,false,11
20220315,2022-03-15,2022,1,3,March,15,2,Tuesday,false,11
20220316,2022-03-16,2022,1,3,March,16,3,Wednesday,false,11
20220317,2022-03-17,2022,1,3,March,17,4,Thursday,false,11
20220318,2022-03-18,2022,1,3,March,18,5,Friday,false,11
20220319,2022-03-19,2022,1,3,March,19,6,Saturday,true,11
20220320,2022-03-20,2022,1,3,March,20,7,Sunday,true,11
20220321,2022-03-21,2022,1,3,March,21,1,Monday,false,12
20220322,2022-03-22,2022,1,3,March,22,2,Tuesday,false,12
20220323,2022-03-23,2022,1,3,March,23,3,Wednesday,false,12
20220324,2022-03-24,2022,1,3,March,24,4,Thursday,false,12
20220325,2022-03-25,2022,1,3,March,25,5,Friday,false,12
20220326,2022-03-26,2022,1,3,March,26,6,Saturday,true,12
20220327,2022-03-27,2022,1,3,March,27,7,Sunday,true,12
20220328,2022-03-28,2022,1,3,March,28,1,Monday,false,13
20220329,2022-03-29,2022,1,3,March,29,2,Tuesday,false,13
20220330,2022-03-30,2022,1,3,March,30,3,Wednesday,false,13
20220331,2022-03-31,2022,1,3,March,31,4,Thursday,false,13
20220401,2022-04-01,2022,2,4,April,1,5,Friday,false,13
20220402,2022-04-02,2022,2,4,April,2,6,Saturday,true,13
20220403,2022-04-03,2022,2,4,April,3,7,Sunday,true,13
20220404,2022-04-04,2022,2,4,April,4,1,Monday,false,14
20220405,2022-04-05,2022,2,4,April,5,2,Tuesday,false,14
20220406,2022-04-06,2022,2,4,April,6,3,Wednesday,false,14
20220407,2022-04-07,2022,2,4,April,7,4,Thursday,false,14
20220408,2022-04-08,2022,2,4,April,8,5,Friday,false,14
20220409,2022-04-09,2022,2,4,April,9,6,Saturday,true,14
20220410,2022-04-10,2022,2,4,April,10,7,Sunday,true,14
20220411,2022-04-11,2022,2,4,April,11,1,Monday,false,15
20220412,2022-04-12,2022,2,4,April,12,2,Tuesday,false,15
20220413,2022-04-13,2022,2,4,April,13,3,Wednesday,false,15
20220414,2022-04-14,2022,2,4,April,14,4,Thursday,false,15
20220415,2022-04-15,2022,2,4,April,15,5,Friday,false,15
20220416,2022-04-16,2022,2,4,April,16,6,Saturday,true,15
20220417,2022-04-17,2022,2,4,April,17,7,Sunday,true,15
20220418,2022-04-18,2022,2,4,April,18,1,Monday,false,16
20220419,2022-04-19,2022,2,4,April,19,2,Tuesday,false,16
20220420,2022-04-20,2022,2,4,April,20,3,Wednesday,false,16
20220421,2022-04-21,2022,2,4,April,21,4,Thursday,false,16
20220422,2022-04-22,2022,2,4,April,22,5,Friday,false,16
20220423,2022-04-23,2022,2,4,April,23,6,Saturday,true,16
20220424,2022-04-24,2022,2,4,April,24,7,Sunday,true,16
20220425,2022-04-25,2022,2,4,April,25,1,Monday,false,17
20220426,2022-04-26,2022,2,4,April,26,2,Tuesday,false,17
20220427,2022-04-27,2022,2,4,April,27,3,Wednesday,false,17
20220428,2022-04-28,2022,2,4,April,28,4,Thursday,false,17
20220429,2022-04-29,2022,2,4,April,29,5,Friday,false,17
20220430,2022-04-30,2022,2,4,April,30,6,Saturday,true,17
20220501,2022-05-01,2022,2,5,May,1,7,Sunday,true,17
20220502,2022-05-02,2022,2,5,May,2,1,Monday,false,18
20220503,2022-05-03,2022,2,5,May,3,2,Tuesday,false,18
20220504,2022-05-04,2022,2,5,May,4,3,Wednesday,false,18
20220505,2022-05-05,2022,2,5,May,5,4,Thursday,false,18
20220506,2022-05-06,2022,2,5,May,6,5,Friday,false,18
20220507,2022-05-07,2022,2,5,May,7,6,Saturday,true,18
20220508,2022-05-08,2022,2,5,May,8,7,Sunday,true,18
20220509,2022-05-09,2022,2,5,May,9,1,Monday,false,19
20220510,2022-05-10,2022,2,5,May,10,2,Tuesday,false,19
20220511,2022-05-11,2022,2,5,May,11,3,Wednesday,false,19
20220512,2022-05-12,2022,2,5,May,12,4,Thursday,false,19
20220513,2022-05-13,2022,2,5,May,13,5,Friday,false,19
20220514,2022-05-14,2022,2,5,May,14,6,Saturday,true,19
20220515,2022-05-15,2022,2,5,May,15,7,Sunday,true,19
20220516,2022-05-16,2022,2,5,May,16,1,Monday,false,20
20220517,2022-05-17,2022,2,5,May,17,2,Tuesday,false,20
20220518,2022-05-18,2022,2,5,May,18,3,Wednesday,false,20
20220519,2022-05-19,2022,2,5,May,19,4,Thursday,false,20
20220520,2022-05-20,2022,2,5,May,20,5,Friday,false,20
20220521,2022-05-21,2022,2,5,May,21,6,Saturday,true,20
20220522,2022-05-22,2022,2,5,May,22,7,Sunday,true,20
20220523,2022-05-23,2022,2,5,May,23,1,Monday,false,21
20220524,2022-05-24,2022,2,5,May,24,2,Tuesday,false,21
20220525,2022-05-25,2022,2,5,May,25,3,Wednesday,false,21
20220526,2022-05-26,2022,2,5,May,26,4,Thursday,false,21
20220527,2022-05-27,2022,2,5,May,27,5,Friday,false,21
20220528,2022-05-28,2022,2,5,May,28,6,Saturday,true,21
20220529,2022-05-29,2022,2,5,May,29,7,Sunday,true,21
20220530,2022-05-30,2022,2,5,May,30,1,Monday,false,22
20220531,2022-05-31,2022,2,5,May,31,2,Tuesday,false,22
20220601,2022-06-01,2022,2,6,June,1,3,Wednesday,false,22
20220602,2022-06-02,2022,2,6,June,2,4,Thursday,false,22
20220603,2022-06-03,2022,2,6,June,3,5,Friday,false,22
20220604,2022-06-04,2022,2,6,June,4,6,Saturday,true,22
20220605,2022-06-05,2022,2,6,June,5,7,Sunday,true,22
20220606,2022-06-06,2022,2,6,June,6,1,Monday,false,23
20220607,2022-06-07,2022,2,6,June,7,2,Tuesday,false,23
20220608,2022-06-08,2022,2,6,June,8,3,Wednesday,false,23
20220609,2022-06-09,2022,2,6,June,9,4,Thursday,false,23
20220610,2022-06-10,2022,2,6,June,10,5,Friday,false,23
20220611,2022-06-11,2022,2,6,June,11,6,Saturday,true,23
20220612,2022-06-12,2022,2,6,June,12,7,Sunday,true,23
20220613,2022-06-13,2022,2,6,June,13,1,Monday,false,24
20220614,2022-06-14,2022,2,6,June,14,2,Tuesday,false,24
20220615,2022-06-15,2022,2,6,June,15,3,Wednesday,false,24
20220616,2022-06-16,2022,2,6,June,16,4,Thursday,false,24
20220617,2022-06-17,2022,2,6,June,17,5,Friday,false,24
20220618,2022-06-18,2022,2,6,June,18,6,Saturday,true,24
20220619,2022-06-19,2022,2,6,June,19,7,Sunday,true,24
20220620,2022-06-20,2022,2,6,June,20,1,Monday,false,25
20220621,2022-06-21,2022,2,6,June,21,2,Tuesday,false,25
20220622,2022-06-22,2022,2,6,June,22,3,Wednesday,false,25
20220623,2022-06-23,2022,2,6,June,23,4,Thursday,false,25
20220624,2022-06-24,2022,2,6,June,24,5,Friday,false,25
20220625,2022-06-25,2022,2,6,June,25,6,Saturday,true,25
20220626,2022-06-26,2022,2,6,June,26,7,Sunday,true,25
20220627,2022-06-27,2022,2,6,June,27,1,Monday,false,26
20220628,2022-06-28,2022,2,6,June,28,2,Tuesday,false,26
20220629,2022-06-29,2022,2,6,June,29,3,Wednesday,false,26
20220630,2022-06-30,2022,2,6,June,30,4,Thursday,false,26
20220701,2022-07-01,2022,3,7,July,1,5,Friday,false,26
20220702,2022-07-02,2022,3,7,July,2,6,Saturday,true,26
20220703,2022-07-03,2022,3,7,July,3,7,Sunday,true,26
20220704,2022-07-04,2022,3,7,July,4,1,Monday,false,27
20220705,2022-07-05,2022,3,7,July,5,2,Tuesday,false,27
20220706,2022-07-06,2022,3,7,July,6,3,Wednesday,false,27
20220707,2022-07-07,2022,3,7,July,7,4,Thursday,false,27
20220708,2022-07-08,2022,3,7,July,8,5,Friday,false,27
20220709,2022-07-09,2022,3,7,July,9,6,Saturday,true,27
20220710,2022-07-10,2022,3,7,July,10,7,Sunday,true,27
20220711,2022-07-11,2022,3,7,July,11,1,Monday,false,28
20220712,2022-07-12,2022,3,7,July,12,2,Tuesday,false,28
20220713,2022-07-13,2022,3,7,July,13,3,Wednesday,false,28
20220714,2022-07-14,2022,3,7,July,14,4,Thursday,false,28
20220715,2022-07-15,2022,3,7,July,15,5,Friday,false,28
20220716,2022-07-16,2022,3,7,July,16,6,Saturday,true,28
20220717,2022-07-17,2022,3,7,July,17,7,Sunday,true,28
20220718,2022-07-18,2022,3,7,July,18,1,Monday,false,29
20220719,2022-07-19,2022,3,7,July,19,2,Tuesday,false,29
20220720,2022-07-20,2022,3,7,July,20,3,Wednesday,false,29
20220721,2022-07-21,2022,3,7,July,21,4,Thursday,false,29
20220722,2022-07-22,2022,3,7,July,22,5,Friday,false,29
20220723,2022-07-23,2022,3,7,July,23,6,Saturday,true,29
20220724,2022-07-24,2022,3,7,July,24,7,Sunday,true,29
20220725,2022-07-25,2022,3,7,July,25,1,Monday,false,30
20220726,2022-07-26,2022,3,7,July,26,2,Tuesday,false,30
20220727,2022-07-27,2022,3,7,July,27,3,Wednesday,false,30
20220728,2022-07-28,2022,3,7,July,28,4,Thursday,false,30
20220729,2022-07-29,2022,3,7,July,29,5,Friday,false,30
20220730,2022-07-30,2022,3,7,July,30,6,Saturday,true,30
20220731,2022-07-31,2022,3,7,July,31,7,Sunday,true,30
20220801,2022-08-01,2022,3,8,August,1,1,Monday,false,31
20220802,2022-08-02,2022,3,8,August,2,2,Tuesday,false,31
20220803,2022-08-03,2022,3,8,August,3,3,Wednesday,false,31
20220804,2022-08-04,2022,3,8,August,4,4,Thursday,false,31
20220805,2022-08-05,2022,3,8,August,5,5,Friday,false,31
20220806,2022-08-06,2022,3,8,August,6,6,Saturday,true,31
20220807,2022-08-07,2022,3,8,August,7,7,Sunday,true,31
20220808,2022-08-08,2022,3,8,August,8,1,Monday,false,32
20220809,2022-08-09,2022,3,8,August,9,2,Tuesday,false,32
20220810,2022-08-10,2022,3,8,August,10,3,Wednesday,false,32
20220811,2022-08-11,2022,3,8,August,11,4,Thursday,false,32
20220812,2022-08-12,2022,3,8,August,12,5,Friday,false,32
20220813,2022-08-13,2022,3,8,August,13,6,Saturday,true,32
20220814,2022-08-14,2022,3,8,August,14,7,Sunday,true,32
20220815,2022-08-15,2022,3,8,August,15,1,Monday,false,33
20220816,2022-08-16,2022,3,8,August,16,2,Tuesday,false,33
20220817,2022-08-17,2022,3,8,August,17,3,Wednesday,false,33
20220818,2022-08-18,2022,3,8,August,18,4,Thursday,false,33
20220819,2022-08-19,2022,3,8,August,19,5,Friday,false,33
20220820,2022-08-20,2022,3,8,August,20,6,Saturday,true,33
20220821,2022-08-21,2022,3,8,August,21,7,Sunday,true,33
20220822,2022-08-22,2022,3,8,August,22,1,Monday,false,34
20220823,2022-08-23,2022,3,8,August,23,2,Tuesday,false,34
20220824,2022-08-24,2022,3,8,August,24,3,Wednesday,false,34
20220825,2022-08-25,2022,3,8,August,25,4,Thursday,false,34
20220826,2022-08-26,2022,3,8,August,26,5,Friday,false,34
20220827,2022-08-27,2022,3,8,August,27,6,Saturday,true,34
20220828,2022-08-28,2022,3,8,August,28,7,Sunday,true,34
20220829,2022-08-29,2022,3,8,August,29,1,Monday,false,35
20220830,2022-08-30,2022,3,8,August,30,2,Tuesday,false,35
20220831,2022-08-31,2022,3,8,August,31,3,Wednesday,false,35
20220901,2022-09-01,2022,3,9,September,1,4,Thursday,false,35
20220902,2022-09-02,2022,3,9,September,2,5,Friday,false,35
20220903,2022-09-03,2022,3,9,September,3,6,Saturday,true,35
20220904,2022-09-04,2022,3,9,September,4,7,Sunday,true,35
20220905,2022-09-05,2022,3,9,September,5,1,Monday,false,36
20220906,2022-09-06,2022,3,9,September,6,2,Tuesday,false,36
20220907,2022-09-07,2022,3,9,September,7,3,Wednesday,false,36
20220908,2022-09-08,2022,3,9,September,8,4,Thursday,false,36
20220909,2022-09-09,2022,3,9,September,9,5,Friday,false,36
20220910,2022-09-10,2022,3,9,September,10,6,Saturday,true,36
20220911,2022-09-11,2022,3,9,September,11,7,Sunday,true,36
20220912,2022-09-12,2022,3,9,September,12,1,Monday,false,37
20220913,2022-09-13,2022,3,9,September,13,2,Tuesday,false,37
20220914,2022-09-14,2022,3,9,September,14,3,Wednesday,false,37
20220915,2022-09-15,2022,3,9,September,15,4,Thursday,false,37
20220916,2022-09-16,2022,3,9,September,16,5,Friday,false,37
20220917,2022-09-17,2022,3,9,September,17,6,Saturday,true,37
20220918,2022-09-18,2022,3,9,September,18,7,Sunday,true,37
20220919,2022-09-19,2022,3,9,September,19,1,Monday,false,38
20220920,2022-09-20,2022,3,9,September,20,2,Tuesday,false,38
20220921,2022-09-21,2022,3,9,September,21,3,Wednesday,false,38
20220922,2022-09-22,2022,3,9,September,22,4,Thursday,false,38
20220923,2022-09-23,2022,3,9,September,23,5,Friday,false,38
20220924,2022-09-24,2022,3,9,September,24,6,Saturday,true,38
20220925,2022-09-25,2022,3,9,September,25,7,Sunday,true,38
20220926,2022-09-26,2022,3,9,September,26,1,Monday,false,39
20220927,2022-09-27,2022,3,9,September,27,2,Tuesday,false,39
20220928,2022-09-28,2022,3,9,September,28,3,Wednesday,false,39
20220929,2022-09-29,2022,3,9,September,29,4,Thursday,false,39
20220930,2022-09-30,2022,3,9,September,30,5,Friday,false,39
20221001,2022-10-01,2022,4,10,October,1,6,Saturday,true,39
20221002,2022-10-02,2022,4,10,October,2,7,Sunday,true,39
20221003,2022-10-03,2022,4,10,October,3,1,Monday,false,40
20221004,2022-10-04,2022,4,10,October,4,2,Tuesday,false,40
20221005,2022-10-05,2022,4,10,October,5,3,Wednesday,false,40
20221006,2022-10-06,2022,4,10,October,6,4,Thursday,false,40
20221007,2022-10-07,2022,4,10,October,7,5,Friday,false,40
20221008,2022-10-08,2022,4,10,October,8,6,Saturday,true,40
20221009,2022-10-09,2022,4,10,October,9,7,Sunday,true,40
20221010,2022-10-10,2022,4,10,October,10,1,Monday,false,41
20221011,2022-10-11,2022,4,10,October,11,2,Tuesday,false,41
20221012,2022-10-12,2022,4,10,October,12,3,Wednesday,false,41
20221013,2022-10-13,2022,4,10,October,13,4,Thursday,false,41
20221014,2022-10-14,2022,4,10,October,14,5,Friday,false,41
20221015,2022-10-15,2022,4,10,October,15,6,Saturday,true,41
20221016,2022-10-16,2022,4,10,October,16,7,Sunday,true,41
20221017,2022-10-17,2022,4,10,October,17,1,Monday,false,42
20221018,2022-10-18,2022,4,10,October,18,2,Tuesday,false,42
20221019,2022-10-19,2022,4,10,October,19,3,Wednesday,false,42
20221020,2022-10-20,2022,4,10,October,20,4,Thursday,false,42
20221021,2022-10-21,2022,4,10,October,21,5,Friday,false,42
20221022,2022-10-22,2022,4,10,October,22,6,Saturday,true,42
20221023,2022-10-23,2022,4,10,October,23,7,Sunday,true,42
20221024,2022-10-24,2022,4,10,October,24,1,Monday,false,43
20221025,2022-10-25,2022,4,10,October,25,2,Tuesday,false,43
20221026,2022-10-26,2022,4,10,October,26,3,Wednesday,false,43
20221027,2022-10-27,2022,4,10,October,27,4,Thursday,false,43
20221028,2022-10-28,2022,4,10,October,28,5,Friday,false,43
20221029,2022-10-29,2022,4,10,October,29,6,Saturday,true,43
20221030,2022-10-30,2022,4,10,October,30,7,Sunday,true,43
20221031,2022-10-31,2022,4,10,October,31,1,Monday,false,44
20221101,2022-11-01,2022,4,11,November,1,2,Tuesday,false,44
20221102,2022-11-02,2022,4,11,November,2,3,Wednesday,false,44
20221103,2022-11-03,2022,4,11,November,3,4,Thursday,false,44
20221104,2022-11-04,2022,4,11,November,4,5,Friday,false,44
20221105,2022-11-05,2022,4,11,November,5,6,Saturday,true,44
20221106,2022-11-06,2022,4,11,November,6,7,Sunday,true,44
20221107,2022-11-07,2022,4,11,November,7,1,Monday,false,45
20221108,2022-11-08,2022,4,11,November,8,2,Tuesday,false,45
20221109,2022-11-09,2022,4,11,November,9,3,Wednesday,false,45
20221110,2022-11-10,2022,4,11,November,10,4,Thursday,false,45
20221111,2022-11-11,2022,4,11,November,11,5,Friday,false,45
20221112,2022-11-12,2022,4,11,November,12,6,Saturday,true,45
20221113,2022-11-13,2022,4,11,November,13,7,Sunday,true,45
20221114,2022-11-14,2022,4,11,November,14,1,Monday,false,46
20221115,2022-11-15,2022,4,11,November,15,2,Tuesday,false,46
20221116,2022-11-16,2022,4,11,November,16,3,Wednesday,false,46
20221117,2022-11-17,2022,4,11,November,17,4,Thursday,false,46
20221118,2022-11-18,2022,4,11,November,18,5,Friday,false,46
20221119,2022-11-19,2022,4,11,November,19,6,Saturday,true,46
20221120,2022-11-20,2022,4,11,November,20,7,Sunday,true,46
20221121,2022-11-21,2022,4,11,November,21,1,Monday,false,47
20221122,2022-11-22,2022,4,11,November,22,2,Tuesday,false,47
20221123,2022-11-23,2022,4,11,November,23,3,Wednesday,false,47
20221124,2022-11-24,2022,4,11,November,24,4,Thursday,false,47
20221125,2022-11-25,2022,4,11,November,25,5,Friday,false,47
20221126,2022-11-26,2022,4,11,November,26,6,Saturday,true,47
20221127,2022-11-27,2022,4,11,November,27,7,Sunday,true,47
20221128,2022-11-28,2022,4,11,November,28,1,Monday,false,48
20221129,2022-11-29,2022,4,11,November,29,2,Tuesday,false,48
20221130,2022-11-30,2022,4,11,November,30,3,Wednesday,false,48
20221201,2022-12-01,2022,4,12,December,1,4,Thursday,false,48
20221202,2022-12-02,2022,4,12,December,2,5,Friday,false,48
20221203,2022-12-03,2022,4,12,December,3,6,Saturday,true,48
20221204,2022-12-04,2022,4,12,December,4,7,Sunday,true,48
20221205,2022-12-05,2022,4,12,December,5,1,Monday,false,49
20221206,2022-12-06,2022,4,12,December,6,2,Tuesday,false,49
20221207,2022-12-07,2022,4,12,December,7,3,Wednesday,false,49
20221208,2022-12-08,2022,4,12,December,8,4,Thursday,false,49
20221209,2022-12-09,2022,4,12,December,9,5,Friday,false,49
20221210,2022-12-10,2022,4,12,December,10,6,Saturday,true,49
20221211,2022-12-11,2022,4,12,December,11,7,Sunday,true,49
20221212,2022-12-12,2022,4,12,December,12,1,Monday,false,50
20221213,2022-12-13,2022,4,12,December,13,2,Tuesday,false,50
20221214,2022-12-14,2022,4,12,December,14,3,Wednesday,false,50
20221215,2022-12-15,2022,4,12,December,15,4,Thursday,false,50
20221216,2022-12-16,2022,4,12,December,16,5,Friday,false,50
20221217,2022-12-17,2022,4,12,December,17,6,Saturday,true,50
20221218,2022-12-18,2022,4,12,December,18,7,Sunday,true,50
20221219,2022-12-19,2022,4,12,December,19,1,Monday,false,51
20221220,2022-12-20,2022,4,12,December,20,2,Tuesday,false,51
20221221,2022-12-21,2022,4,12,December,21,3,Wednesday,false,51
20221222,2022-12-22,2022,4,12,December,22,4,Thursday,false,51
20221223,2022-12-23,2022,4,12,December,23,5,Friday,false,51
20221224,2022-12-24,2022,4,12,December,24,6,Saturday,true,51
20221225,2022-12-25,2022,4,12,December,25,7,Sunday,true,51
20221226,2022-12-26,2022,4,12,December,26,1,Monday,false,52
20221227,2022-12-27,2022,4,12,December,27,2,Tuesday,false,52
20221228,2022-12-28,2022,4,12,December,28,3,Wednesday,false,52
20221229,2022-12-29,2022,4,12,December,29,4,Thursday,false,52
20221230,2022-12-30,2022,4,12,December,30,5,Friday,false,52
20221231,2022-12-31,2022,4,12,December,31,6,Saturday,true,52
20230101,2023-01-01,2023,1,1,January,1,7,Sunday,true,52
20230102,2023-01-02,2023,1,1,January,2,1,Monday,false,1
20230103,2023-01-03,2023,1,1,January,3,2,Tuesday,false,1
20230104,2023-01-04,2023,1,1,January,4,3,Wednesday,false,1
20230105,2023-01-05,2023,1,1,January,5,4,Thursday,false,1
20230106,2023-01-06,2023,1,1,January,6,5,Friday,false,1
20230107,2023-01-07,2023,1,1,January,7,6,Saturday,true,1
20230108,2023-01-08,2023,1,1,January,8,7,Sunday,true,1
20230109,2023-01-09,2023,1,1,January,9,1,Monday,false,2
20230110,2023-01-10,2023,1,1,January,10,2,Tuesday,false,2
20230111,2023-01-11,2023,1,1,January,11,3,Wednesday,false,2
20230112,2023-01-12,2023,1,1,January,12,4,Thursday,false,2
20230113,2023-01-13,2023,1,1,January,13,5,Friday,false,2
20230114,2023-01-14,2023,1,1,January,14,6,Saturday,true,2
20230115,2023-01-15,2023,1,1,January,15,7,Sunday,true,2
20230116,2023-01-16,2023,1,1,January,16,1,Monday,false,3
20230117,2023-01-17,2023,1,1,January,17,2,Tuesday,false,3
20230118,2023-01-18,2023,1,1,January,18,3,Wednesday,false,3
20230119,2023-01-19,2023,1,1,January,19,4,Thursday,false,3
20230120,2023-01-20,2023,1,1,January,20,5,Friday,false,3
20230121,2023-01-21,2023,1,1,January,21,6,Saturday,true,3
20230122,2023-01-22,2023,1,1,January,22,7,Sunday,true,3
20230123,2023-01-23,2023,1,1,January,23,1,Monday,false,4
20230124,2023-01-24,2023,1,1,January,24,2,Tuesday,false,4
20230125,2023-01-25,2023,1,1,January,25,3,Wednesday,false,4
20230126,2023-01-26,2023,1,1,January,26,4,Thursday,false,4
20230127,2023-01-27,2023,1,1,January,27,5,Friday,false,4
20230128,2023-01-28,2023,1,1,January,28,6,Saturday,true,4
20230129,2023-01-29,2023,1,1,January,29,7,Sunday,true,4
20230130,2023-01-30,2023,1,1,January,30,1,Monday,false,5
20230131,2023-01-31,2023,1,1,January,31,2,Tuesday,false,5
20230201,2023-02-01,2023,1,2,February,1,3,Wednesday,false,5
20230202,2023-02-02,2023,1,2,February,2,4,Thursday,false,5
20230203,2023-02-03,2023,1,2,February,3,5,Friday,false,5
20230204,2023-02-04,2023,1,2,February,4,6,Saturday,true,5
20230205,2023-02-05,2023,1,2,February,5,7,Sunday,true,5
20230206,2023-02-06,2023,1,2,February,6,1,Monday,false,6
20230207,2023-02-07,2023,1,2,February,7,2,Tuesday,false,6
20230208,2023-02-08,2023,1,2,February,8,3,Wednesday,false,6
20230209,2023-02-09,2023,1,2,February,9,4,Thursday,false,6
20230210,2023-02-10,2023,1,2,February,10,5,Friday,false,6
20230211,2023-02-11,2023,1,2,February,11,6,Saturday,true,6
20230212,2023-02-12,2023,1,2,February,12,7,Sunday,true,6
20230213,2023-02-13,2023,1,2,February,13,1,Monday,false,7
20230214,2023-02-14,2023,1,2,February,14,2,Tuesday,false,7
20230215,2023-02-15,2023,1,2,February,15,3,Wednesday,false,7
20230216,2023-02-16,2023,1,2,February,16,4,Thursday,false,7
20230217,2023-02-17,2023,1,2,February,17,5,Friday,false,7
20230218,2023-02-18,2023,1,2,February,18,6,Saturday,true,7
20230219,2023-02-19,2023,1,2,February,19,7,Sunday,true,7
20230220,2023-02-20,2023,1,2,February,20,1,Monday,false,8
20230221,2023-02-21,2023,1,2,February,21,2,Tuesday,false,8
20230222,2023-02-22,2023,1,2,February,22,3,Wednesday,false,8
20230223,2023-02-23,2023,1,2,February,23,4,Thursday,false,8
20230224,2023-02-24,2023,1,2,February,24,5,Friday,false,8
20230225,2023-02-25,2023,1,2,February,25,6,Saturday,true,8
20230226,2023-02-26,2023,1,2,February,26,7,Sunday,true,8
20230227,2023-02-27,2023,1,2,February,27,1,Monday,false,9
20230228,2023-02-28,2023,1,2,February,28,2,Tuesday,false,9
20230301,2023-03-01,2023,1,3,March,1,3,Wednesday,false,9
20230302,2023-03-02,2023,1,3,March,2,4,Thursday,false,9
20230303,2023-03-03,2023,1,3,March,3,5,Friday,false,9
20230304,2023-03-04,2023,1,3,March,4,6,Saturday,true,9
20230305,2023-03-05,2023,1,3,March,5,7,Sunday,true,9
20230306,2023-03-06,2023,1,3,March,6,1,Monday,false,10
20230307,2023-03-07,2023,1,3,March,7,2,Tuesday,false,10
20230308,2023-03-08,2023,1,3,March,8,3,Wednesday,false,10
20230309,2023-03-09,2023,1,3,March,9,4,Thursday,false,10
20230310,2023-03-10,2023,1,3,March,10,5,Friday,false,10
20230311,2023-03-11,2023,1,3,March,11,6,Saturday,true,10
20230312,2023-03-12,2023,1,3,March,12,7,Sunday,true,10
20230313,2023-03-13,2023,1,3,March,13,1,Monday,false,11
20230314,2023-03-14,2023,1,3,March,14,2,Tuesday,false,11
20230315,2023-03-15,2023,1,3,March,15,3,Wednesday,false,11
20230316,2023-03-16,2023,1,3,March,16,4,Thursday,false,11
20230317,2023-03-17,2023,1,3,March,17,5,Friday,false,11
20230318,2023-03-18,2023,1,3,March,18,6,Saturday,true,11
20230319,2023-03-19,2023,1,3,March,19,7,Sunday,true,11
20230320,2023-03-20,2023,1,3,March,20,1,Monday,false,12
20230321,2023-03-21,2023,1,3,March,21,2,Tuesday,false,12
20230322,2023-03-22,2023,1,3,March,22,3,Wednesday,false,12
20230323,2023-03-23,2023,1,3,March,23,4,Thursday,false,12
20230324,2023-03-24,2023,1,3,March,24,5,Friday,false,12
20230325,2023-03-25,2023,1,3,March,25,6,Saturday,true,12
20230326,2023-03-26,2023,1,3,March,26,7,Sunday,true,12
20230327,2023-03-27,2023,1,3,March,27,1,Monday,false,13
20230328,2023-03-28,2023,1,3,March,28,2,Tuesday,false,13
20230329,2023-03-29,2023,1,3,March,29,3,Wednesday,false,13
20230330,2023-03-30,2023,1,3,March,30,4,Thursday,false,13
20230331,2023-03-31,2023,1,3,March,31,5,Friday,false,13
20230401,2023-04-01,2023,2,4,April,1,6,Saturday,true,13
20230402,2023-04-02,2023,2,4,April,2,7,Sunday,true,13
20230403,2023-04-03,2023,2,4,April,3,1,Monday,false,14
20230404,2023-04-04,2023,2,4,April,4,2,Tuesday,false,14
20230405,2023-04-05,2023,2,4,April,5,3,Wednesday,false,14
20230406,2023-04-06,2023,2,4,April,6,4,Thursday,false,14
20230407,2023-04-07,2023,2,4,April,7,5,Friday,false,14
20230408,2023-04-08,2023,2,4,April,8,6,Saturday,true,14
20230409,2023-04-09,2023,2,4,April,9,7,Sunday,true,14
20230410,2023-04-10,2023,2,4,April,10,1,Monday,false,15
20230411,2023-04-11,2023,2,4,April,11,2,Tuesday,false,15
20230412,2023-04-12,2023,2,4,April,12,3,Wednesday,false,15
20230413,2023-04-13,2023,2,4,April,13,4,Thursday,false,15
20230414,2023-04-14,2023,2,4,April,14,5,Friday,false,15
20230415,2023-04-15,2023,2,4,April,15,6,Saturday,true,15
20230416,2023-04-16,2023,2,4,April,16,7,Sunday,true,15
20230417,2023-04-17,2023,2,4,April,17,1,Monday,false,16
20230418,2023-04-18,2023,2,4,April,18,2,Tuesday,false,16
20230419,2023-04-19,2023,2,4,April,19,3,Wednesday,false,16
20230420,2023-04-20,2023,2,4,April,20,4,Thursday,false,16
20230421,2023-04-21,2023,2,4,April,21,5,Friday,false,16
20230422,2023-04-22,2023,2,4,April,22,6,Saturday,true,16
20230423,2023-04-23,2023,2,4,April,23,7,Sunday,true,16
20230424,2023-04-24,2023,2,4,April,24,1,Monday,false,17
20230425,2023-04-25,2023,2,4,April,25,2,Tuesday,false,17
20230426,2023-04-26,2023,2,4,April,26,3,Wednesday,false,17
20230427,2023-04-27,2023,2,4,April,27,4,Thursday,false,17
20230428,2023-04-28,2023,2,4,April,28,5,Friday,false,17
20230429,2023-04-29,2023,2,4,April,29,6,Saturday,true,17
20230430,2023-04-30,2023,2,4,April,30,7,Sunday,true,17
20230501,2023-05-01,2023,2,5,May,1,1,Monday,false,18
20230502,2023-05-02,2023,2,5,May,2,2,Tuesday,false,18
20230503,2023-05-03,2023,2,5,May,3,3,Wednesday,false,18
20230504,2023-05-04,2023,2,5,May,4,4,Thursday,false,18
20230505,2023-05-05,2023,2,5,May,5,5,Friday,false,18
20230506,2023-05-06,2023,2,5,May,6,6,Saturday,true,18
20230507,2023-05-07,2023,2,5,May,7,7,Sunday,true,18
20230508,2023-05-08,2023,2,5,May,8,1,Monday,false,19
20230509,2023-05-09,2023,2,5,May,9,2,Tuesday,false,19
20230510,2023-05-10,2023,2,5,May,10,3,Wednesday,false,19
20230511,2023-05-11,2023,2,5,May,11,4,Thursday,false,19
20230512,2023-05-12,2023,2,5,May,12,5,Friday,false,19
20230513,2023-05-13,2023,2,5,May,13,6,Saturday,true,19
20230514,2023-05-14,2023,2,5,May,14,7,Sunday,true,19
20230515,2023-05-15,2023,2,5,May,15,1,Monday,false,20
20230516,2023-05-16,2023,2,5,May,16,2,Tuesday,false,20
20230517,2023-05-17,2023,2,5,May,17,3,Wednesday,false,20
20230518,2023-05-18,2023,2,5,May,18,4,Thursday,false,20
20230519,2023-05-19,2023,2,5,May,19,5,Friday,false,20
20230520,2023-05-20,2023,2,5,May,20,6,Saturday,true,20
20230521,2023-05-21,2023,2,5,May,21,7,Sunday,true,20
20230522,2023-05-22,2023,2,5,May,22,1,Monday,false,21
20230523,2023-05-23,2023,2,5,May,23,2,Tuesday,false,21
20230524,2023-05-24,2023,2,5,May,24,3,Wednesday,false,21
20230525,2023-05-25,2023,2,5,May,25,4,Thursday,false,21
20230526,2023-05-26,2023,2,5,May,26,5,Friday,false,21
20230527,2023-05-27,2023,2,5,May,27,6,Saturday,true,21
20230528,2023-05-28,2023,2,5,May,28,7,Sunday,true,21
20230529,2023-05-29,2023,2,5,May,29,1,Monday,false,22
20230530,2023-05-30,2023,2,5,May,30,2,Tuesday,false,22
20230531,2023-05-31,2023,2,5,May,31,3,Wednesday,false,22
20230601,2023-06-01,2023,2,6,June,1,4,Thursday,false,22
20230602,2023-06-02,2023,2,6,June,2,5,Friday,false,22
20230603,2023-06-03,2023,2,6,June,3,6,Saturday,true,22
20230604,2023-06-04,2023,2,6,June,4,7,Sunday,true,22
20230605,2023-06-05,2023,2,6,June,5,1,Monday,false,23
20230606,2023-06-06,2023,2,6,June,6,2,Tuesday,false,23
20230607,2023-06-07,2023,2,6,June,7,3,Wednesday,false,23
20230608,2023-06-08,2023,2,6,June,8,4,Thursday,false,23
20230609,2023-06-09,2023,2,6,June,9,5,Friday,false,23
20230610,2023-06-10,2023,2,6,June,10,6,Saturday,true,23
20230611,2023-06-11,2023,2,6,June,11,7,Sunday,true,23
20230612,2023-06-12,2023,2,6,June,12,1,Monday,false,24
20230613,2023-06-13,2023,2,6,June,13,2,Tuesday,false,24
20230614,2023-06-14,2023,2,6,June,14,3,Wednesday,false,24
20230615,2023-06-15,2023,2,6,June,15,4,Thursday,false,24
20230616,2023-06-16,2023,2,6,June,16,5,Friday,false,24
20230617,2023-06-17,2023,2,6,June,17,6,Saturday,true,24
20230618,2023-06-18,2023,2,6,June,18,7,Sunday,true,24
20230619,2023-06-19,2023,2,6,June,19,1,Monday,false,25
20230620,2023-06-20,2023,2,6,June,20,2,Tuesday,false,25
20230621,2023-06-21,2023,2,6,June,21,3,Wednesday,false,25
20230622,2023-06-22,2023,2,6,June,22,4,Thursday,false,25
20230623,2023-06-23,2023,2,6,June,23,5,Friday,false,25
20230624,2023-06-24,2023,2,6,June,24,6,Saturday,true,25
20230625,2023-06-25,2023,2,6,June,25,7,Sunday,true,25
20230626,2023-06-26,2023,2,6,June,26,1,Monday,false,26
20230627,2023-06-27,2023,2,6,June,27,2,Tuesday,false,26
20230628,2023-06-28,2023,2,6,June,28,3,Wednesday,false,26
20230629,2023-06-29,2023,2,6,June,29,4,Thursday,false,26
20230630,2023-06-30,2023,2,6,June,30,5,Friday,false,26
20230701,2023-07-01,2023,3,7,July,1,6,Saturday,true,26
20230702,2023-07-02,2023,3,7,July,2,7,Sunday,true,26
20230703,2023-07-03,2023,3,7,July,3,1,Monday,false,27
20230704,2023-07-04,2023,3,7,July,4,2,Tuesday,false,27
20230705,2023-07-05,2023,3,7,July,5,3,Wednesday,false,27
20230706,2023-07-06,2023,3,7,July,6,4,Thursday,false,27
20230707,2023-07-07,2023,3,7,July,7,5,Friday,false,27
20230708,2023-07-08,2023,3,7,July,8,6,Saturday,true,27
20230709,2023-07-09,2023,3,7,July,9,7,Sunday,true,27
20230710,2023-07-10,2023,3,7,July,10,1,Monday,false,28
20230711,2023-07-11,2023,3,7,July,11,2,Tuesday,false,28
20230712,2023-07-12,2023,3,7,July,12,3,Wednesday,false,28
20230713,2023-07-13,2023,3,7,July,13,4,Thursday,false,28
20230714,2023-07-14,2023,3,7,July,14,5,Friday,false,28
20230715,2023-07-15,2023,3,7,July,15,6,Saturday,true,28
20230716,2023-07-16,2023,3,7,July,16,7,Sunday,true,28
20230717,2023-07-17,2023,3,7,July,17,1,Monday,false,29
20230718,2023-07-18,2023,3,7,July,18,2,Tuesday,false,29
20230719,2023-07-19,2023,3,7,July,19,3,Wednesday,false,29
20230720,2023-07-20,2023,3,7,July,20,4,Thursday,false,29
20230721,2023-07-21,2023,3,7,July,21,5,Friday,false,29
20230722,2023-07-22,2023,3,7,July,22,6,Saturday,true,29
20230723,2023-07-23,2023,3,7,July,23,7,Sunday,true,29
20230724,2023-07-24,2023,3,7,July,24,1,Monday,false,30
20230725,2023-07-25,2023,3,7,July,25,2,Tuesday,false,30
20230726,2023-07-26,2023,3,7,July,26,3,Wednesday,false,30
20230727,2023-07-27,2023,3,7,July,27,4,Thursday,false,30
20230728,2023-07-28,2023,3,7,July,28,5,Friday,false,30
20230729,2023-07-29,2023,3,7,July,29,6,Saturday,true,30
20230730,2023-07-30,2023,3,7,July,30,7,Sunday,true,30
20230731,2023-07-31,2023,3,7,July,31,1,Monday,false,31
20230801,2023-08-01,2023,3,8,August,1,2,Tuesday,false,31
20230802,2023-08-02,2023,3,8,August,2,3,Wednesday,false,31
20230803,2023-08-03,2023,3,8,August,3,4,Thursday,false,31
20230804,2023-08-04,2023,3,8,August,4,5,Friday,false,31
20230805,2023-08-05,2023,3,8,August,5,6,Saturday,true,31
20230806,2023-08-06,2023,3,8,August,6,7,Sunday,true,31
20230807,2023-08-07,2023,3,8,August,7,1,Monday,false,32
20230808,2023-08-08,2023,3,8,August,8,2,Tuesday,false,32
20230809,2023-08-09,2023,3,8,August,9,3,Wednesday,false,32
20230810,2023-08-10,2023,3,8,August,10,4,Thursday,false,32
20230811,2023-08-11,2023,3,8,August,11,5,Friday,false,32
20230812,2023-08-12,2023,3,8,August,12,6,Saturday,true,32
20230813,2023-08-13,2023,3,8,August,13,7,Sunday,true,32
20230814,2023-08-14,2023,3,8,August,14,1,Monday,false,33
20230815,2023-08-15,2023,3,8,August,15,2,Tuesday,false,33
20230816,2023-08-16,2023,3,8,August,16,3,Wednesday,false,33
20230817,2023-08-17,2023,3,8,August,17,4,Thursday,false,33
20230818,2023-08-18,2023,3,8,August,18,5,Friday,false,33
20230819,2023-08-19,2023,3,8,August,19,6,Saturday,true,33
20230820,2023-08-20,2023,3,8,August,20,7,Sunday,true,33
20230821,2023-08-21,2023,3,8,August,21,1,Monday,false,34
20230822,2023-08-22,2023,3,8,August,22,2,Tuesday,false,34
20230823,2023-08-23,2023,3,8,August,23,3,Wednesday,false,34
20230824,2023-08-24,2023,3,8,August,24,4,Thursday,false,34
20230825,2023-08-25,2023,3,8,August,25,5,Friday,false,34
20230826,2023-08-26,2023,3,8,August,26,6,Saturday,true,34
20230827,2023-08-27,2023,3,8,August,27,7,Sunday,true,34
20230828,2023-08-28,2023,3,8,August,28,1,Monday,false,35
20230829,2023-08-29,2023,3,8,August,29,2,Tuesday,false,35
20230830,2023-08-30,2023,3,8,August,30,3,Wednesday,false,35
20230831,2023-08-31,2023,3,8,August,31,4,Thursday,false,35
20230901,2023-09-01,2023,3,9,September,1,5,Friday,false,35
20230902,2023-09-02,2023,3,9,September,2,6,Saturday,true,35
20230903,2023-09-03,2023,3,9,September,3,7,Sunday,true,35
20230904,2023-09-04,2023,3,9,September,4,1,Monday,false,36
20230905,2023-09-05,2023,3,9,September,5,2,Tuesday,false,36
20230906,2023-09-06,2023,3,9,September,6,3,Wednesday,false,36
20230907,2023-09-07,2023,3,9,September,7,4,Thursday,false,36
20230908,2023-09-08,2023,3,9,September,8,5,Friday,false,36
20230909,2023-09-09,2023,3,9,September,9,6,Saturday,true,36
20230910,2023-09-10,2023,3,9,September,10,7,Sunday,true,36
20230911,2023-09-11,2023,3,9,September,11,1,Monday,false,37
20230912,2023-09-12,2023,3,9,September,12,2,Tuesday,false,37
20230913,2023-09-13,2023,3,9,September,13,3,Wednesday,false,37
20230914,2023-09-14,2023,3,9,September,14,4,Thursday,false,37
20230915,2023-09-15,2023,3,9,September,15,5,Friday,false,37
20230916,2023-09-16,2023,3,9,September,16,6,Saturday,true,37
20230917,2023-09-17,2023,3,9,September,17,7,Sunday,true,37
20230918,2023-09-18,2023,3,9,September,18,1,Monday,false,38
20230919,2023-09-19,2023,3,9,September,19,2,Tuesday,false,38
20230920,2023-09-20,2023,3,9,September,20,3,Wednesday,false,38
20230921,2023-09-21,2023,3,9,September,21,4,Thursday,false,38
20230922,2023-09-22,2023,3,9,September,22,5,Friday,false,38
20230923,2023-09-23,2023,3,9,September,23,6,Saturday,true,38
20230924,2023-09-24,2023,3,9,September,24,7,Sunday,true,38
20230925,2023-09-25,2023,3,9,September,25,1,Monday,false,39
20230926,2023-09-26,2023,3,9,September,26,2,Tuesday,false,39
20230927,2023-09-27,2023,3,9,September,27,3,Wednesday,false,39
20230928,2023-09-28,2023,3,9,September,28,4,Thursday,false,39
20230929,2023-09-29,2023,3,9,September,29,5,Friday,false,39
20230930,2023-09-30,2023,3,9,September,30,6,Saturday,true,39
20231001,2023-10-01,2023,4,10,October,1,7,Sunday,true,39
20231002,2023-10-02,2023,4,10,October,2,1,Monday,false,40
20231003,2023-10-03,2023,4,10,October,3,2,Tuesday,false,40
20231004,2023-10-04,2023,4,10,October,4,3,Wednesday,false,40
20231005,2023-10-05,2023,4,10,October,5,4,Thursday,false,40
20231006,2023-10-06,2023,4,10,October,6,5,Friday,false,40
20231007,2023-10-07,2023,4,10,October,7,6,Saturday,true,40
20231008,2023-10-08,2023,4,10,October,8,7,Sunday,true,40
20231009,2023-10-09,2023,4,10,October,9,1,Monday,false,41
20231010,2023-10-10,2023,4,10,October,10,2,Tuesday,false,41
20231011,2023-10-11,2023,4,10,October,11,3,Wednesday,false,41
20231012,2023-10-12,2023,4,10,October,12,4,Thursday,false,41
20231013,2023-10-13,2023,4,10,October,13,5,Friday,false,41
20231014,2023-10-14,2023,4,10,October,14,6,Saturday,true,41
20231015,2023-10-15,2023,4,10,October,15,7,Sunday,true,41
20231016,2023-10-16,2023,4,10,October,16,1,Monday,false,42
20231017,2023-10-17,2023,4,10,October,17,2,Tuesday,false,42
20231018,2023-10-18,2023,4,10,October,18,3,Wednesday,false,42
20231019,2023-10-19,2023,4,10,October,19,4,Thursday,false,42
20231020,2023-10-20,2023,4,10,October,20,5,Friday,false,42
20231021,2023-10-21,2023,4,10,October,21,6,Saturday,true,42
20231022,2023-10-22,2023,4,10,October,22,7,Sunday,true,42
20231023,2023-10-23,2023,4,10,October,23,1,Monday,false,43
20231024,2023-10-24,2023,4,10,October,24,2,Tuesday,false,43
20231025,2023-10-25,2023,4,10,October,25,3,Wednesday,false,43
20231026,2023-10-26,2023,4,10,October,26,4,Thursday,false,43
20231027,2023-10-27,2023,4,10,October,27,5,Friday,false,43
20231028,2023-10-28,2023,4,10,October,28,6,Saturday,true,43
20231029,2023-10-29,2023,4,10,October,29,7,Sunday,true,43
20231030,2023-10-30,2023,4,10,October,30,1,Monday,false,44
20231031,2023-10-31,2023,4,10,October,31,2,Tuesday,false,44
20231101,2023-11-01,2023,4,11,November,1,3,Wednesday,false,44
20231102,2023-11-02,2023,4,11,November,2,4,Thursday,false,44
20231103,2023-11-03,2023,4,11,November,3,5,Friday,false,44
20231104,2023-11-04,2023,4,11,November,4,6,Saturday,true,44
20231105,2023-11-05,2023,4,11,November,5,7,Sunday,true,44
20231106,2023-11-06,2023,4,11,November,6,1,Monday,false,45
20231107,2023-11-07,2023,4,11,November,7,2,Tuesday,false,45
20231108,2023-11-08,2023,4,11,November,8,3,Wednesday,false,45
20231109,2023-11-09,2023,4,11,November,9,4,Thursday,false,45
20231110,2023-11-10,2023,4,11,November,10,5,Friday,false,45
20231111,2023-11-11,2023,4,11,November,11,6,Saturday,true,45
20231112,2023-11-12,2023,4,11,November,12,7,Sunday,true,45
20231113,2023-11-13,2023,4,11,November,13,1,Monday,false,46
20231114,2023-11-14,2023,4,11,November,14,2,Tuesday,false,46
20231115,2023-11-15,2023,4,11,November,15,3,Wednesday,false,46
20231116,2023-11-16,2023,4,11,November,16,4,Thursday,false,46
20231117,2023-11-17,2023,4,11,November,17,5,Friday,false,46
20231118,2023-11-18,2023,4,11,November,18,6,Saturday,true,46
20231119,2023-11-19,2023,4,11,November,19,7,Sunday,true,46
20231120,2023-11-20,2023,4,11,November,20,1,Monday,false,47
20231121,2023-11-21,2023,4,11,November,21,2,Tuesday,false,47
20231122,2023-11-22,2023,4,11,November,22,3,Wednesday,false,47
20231123,2023-11-23,2023,4,11,November,23,4,Thursday,false,47
20231124,2023-11-24,2023,4,11,November,24,5,Friday,false,47
20231125,2023-11-25,2023,4,11,November,25,6,Saturday,true,47
20231126,2023-11-26,2023,4,11,November,26,7,Sunday,true,47
20231127,2023-11-27,2023,4,11,November,27,1,Monday,false,48
20231128,2023-11-28,2023,4,11,November,28,2,Tuesday,false,48
20231129,2023-11-29,2023,4,11,November,29,3,Wednesday,false,48
20231130,2023-11-30,2023,4,11,November,30,4,Thursday,false,48
20231201,2023-12-01,2023,4,12,December,1,5,Friday,false,48
20231202,2023-12-02,2023,4,12,December,2,6,Saturday,true,48
20231203,2023-12-03,2023,4,12,December,3,7,Sunday,true,48
20231204,2023-12-04,2023,4,12,December,4,1,Monday,false,49
20231205,2023-12-05,2023,4,12,December,5,2,Tuesday,false,49
20231206,2023-12-06,2023,4,12,December,6,3,Wednesday,false,49
20231207,2023-12-07,2023,4,12,December,7,4,Thursday,false,49
20231208,2023-12-08,2023,4,12,December,8,5,Friday,false,49
20231209,2023-12-09,2023,4,12,December,9,6,Saturday,true,49
20231210,2023-12-10,2023,4,12,December,10,7,Sunday,true,49
20231211,2023-12-11,2023,4,12,December,11,1,Monday,false,50
20231212,2023-12-12,2023,4,12,December,12,2,Tuesday,false,50
20231213,2023-12-13,2023,4,12,December,13,3,Wednesday,false,50
20231214,2023-12-14,2023,4,12,December,14,4,Thursday,false,50
20231215,2023-12-15,2023,4,12,December,15,5,Friday,false,50
20231216,2023-12-16,2023,4,12,December,16,6,Saturday,true,50
20231217,2023-12-17,2023,4,12,December,17,7,Sunday,true,50
20231218,2023-12-18,2023,4,12,December,18,1,Monday,false,51
20231219,2023-12-19,2023,4,12,December,19,2,Tuesday,false,51
20231220,2023-12-20,2023,4,12,December,20,3,Wednesday,false,51
20231221,2023-12-21,2023,4,12,December,21,4,Thursday,false,51
20231222,2023-12-22,2023,4,12,December,22,5,Friday,false,51
20231223,2023-12-23,2023,4,12,December,23,6,Saturday,true,51
20231224,2023-12-24,2023,4,12,December,24,7,Sunday,true,51
20231225,2023-12-25,2023,4,12,December,25,1,Monday,false,52
20231226,2023-12-26,2023,4,12,December,26,2,Tuesday,false,52
20231227,2023-12-27,2023,4,12,December,27,3,Wednesday,false,52
20231228,2023-12-28,2023,4,12,December,28,4,Thursday,false,52
20231229,2023-12-29,2023,4,12,December,29,5,Friday,false,52
20231230,2023-12-30,2023,4,12,December,30,6,Saturday,true,52
20231231,2023-12-31,2023,4,12,December,31,7,Sunday,true,52
20240101,2024-01-01,2024,1,1,January,1,1,Monday,false,1
20240102,2024-01-02,2024,1,1,January,2,2,Tuesday,false,1
20240103,2024-01-03,2024,1,1,January,3,3,Wednesday,false,1
20240104,2024-01-04,2024,1,1,January,4,4,Thursday,false,1
20240105,2024-01-05,2024,1,1,January,5,5,Friday,false,1
20240106,2024-01-06,2024,1,1,January,6,6,Saturday,true,1
20240107,2024-01-07,2024,1,1,January,7,7,Sunday,true,1
20240108,2024-01-08,2024,1,1,January,8,1,Monday,false,2
20240109,2024-01-09,2024,1,1,January,9,2,Tuesday,false,2
20240110,2024-01-10,2024,1,1,January,10,3,Wednesday,false,2
20240111,2024-01-11,2024,1,1,January,11,4,Thursday,false,2
20240112,2024-01-12,2024,1,1,January,12,5,Friday,false,2
20240113,2024-01-13,2024,1,1,January,13,6,Saturday,true,2
20240114,2024-01-14,2024,1,1,January,14,7,Sunday,true,2
20240115,2024-01-15,2024,1,1,January,15,1,Monday,false,3
20240116,2024-01-16,2024,1,1,January,16,2,Tuesday,false,3
20240117,2024-01-17,2024,1,1,January,17,3,Wednesday,false,3
20240118,2024-01-18,2024,1,1,January,18,4,Thursday,false,3
20240119,2024-01-19,2024,1,1,January,19,5,Friday,false,3
20240120,2024-01-20,2024,1,1,January,20,6,Saturday,true,3
20240121,2024-01-21,2024,1,1,January,21,7,Sunday,true,3
20240122,2024-01-22,2024,1,1,January,22,1,Monday,false,4
20240123,2024-01-23,2024,1,1,January,23,2,Tuesday,false,4
20240124,2024-01-24,2024,1,1,January,24,3,Wednesday,false,4
20240125,2024-01-25,2024,1,1,January,25,4,Thursday,false,4
20240126,2024-01-26,2024,1,1,January,26,5,Friday,false,4
20240127,2024-01-27,2024,1,1,January,27,6,Saturday,true,4
20240128,2024-01-28,2024,1,1,January,28,7,Sunday,true,4
20240129,2024-01-29,2024,1,1,January,29,1,Monday,false,5
20240130,2024-01-30,2024,1,1,January,30,2,Tuesday,false,5
20240131,2024-01-31,2024,1,1,January,31,3,Wednesday,false,5
20240201,2024-02-01,2024,1,2,February,1,4,Thursday,false,5
20240202,2024-02-02,2024,1,2,February,2,5,Friday,false,5
20240203,2024-02-03,2024,1,2,February,3,6,Saturday,true,5
20240204,2024-02-04,2024,1,2,February,4,7,Sunday,true,5
20240205,2024-02-05,2024,1,2,February,5,1,Monday,false,6
20240206,2024-02-06,2024,1,2,February,6,2,Tuesday,false,6
20240207,2024-02-07,2024,1,2,February,7,3,Wednesday,false,6
20240208,2024-02-08,2024,1,2,February,8,4,Thursday,false,6
20240209,2024-02-09,2024,1,2,February,9,5,Friday,false,6
20240210,2024-02-10,2024,1,2,February,10,6,Saturday,true,6
20240211,2024-02-11,2024,1,2,February,11,7,Sunday,true,6
20240212,2024-02-12,2024,1,2,February,12,1,Monday,false,7
20240213,2024-02-13,2024,1,2,February,13,2,Tuesday,false,7
20240214,2024-02-14,2024,1,2,February,14,3,Wednesday,false,7
20240215,2024-02-15,2024,1,2,February,15,4,Thursday,false,7
20240216,2024-02-16,2024,1,2,February,16,5,Friday,false,7
20240217,2024-02-17,2024,1,2,February,17,6,Saturday,true,7
20240218,2024-02-18,2024,1,2,February,18,7,Sunday,true,7
20240219,2024-02-19,2024,1,2,February,19,1,Monday,false,8
20240220,2024-02-20,2024,1,2,February,20,2,Tuesday,false,8
20240221,2024-02-21,2024,1,2,February,21,3,Wednesday,false,8
20240222,2024-02-22,2024,1,2,February,22,4,Thursday,false,8
20240223,2024-02-23,2024,1,2,February,23,5,Friday,false,8
20240224,2024-02-24,2024,1,2,February,24,6,Saturday,true,8
20240225,2024-02-25,2024,1,2,February,25,7,Sunday,true,8
20240226,2024-02-26,2024,1,2,February,26,1,Monday,false,9
20240227,2024-02-27,2024,1,2,February,27,2,Tuesday,false,9
20240228,2024-02-28,2024,1,2,February,28,3,Wednesday,false,9
20240229,2024-02-29,2024,1,2,February,29,4,Thursday,false,9
20240301,2024-03-01,2024,1,3,March,1,5,Friday,false,9
20240302,2024-03-02,2024,1,3,March,2,6,Saturday,true,9
20240303,2024-03-03,2024,1,3,March,3,7,Sunday,true,9
20240304,2024-03-04,2024,1,3,March,4,1,Monday,false,10
20240305,2024-03-05,2024,1,3,March,5,2,Tuesday,false,10
20240306,2024-03-06,2024,1,3,March,6,3,Wednesday,false,10
20240307,2024-03-07,2024,1,3,March,7,4,Thursday,false,10
20240308,2024-03-08,2024,1,3,March,8,5,Friday,false,10
20240309,2024-03-09,2024,1,3,March,9,6,Saturday,true,10
20240310,2024-03-10,2024,1,3,March,10,7,Sunday,true,10
20240311,2024-03-11,2024,1,3,March,11,1,Monday,false,11
20240312,2024-03-12,2024,1,3,March,12,2,Tuesday,false,11
20240313,2024-03-13,2024,1,3,March,13,3,Wednesday,false,11
20240314,2024-03-14,2024,1,3,March,14,4,Thursday,false,11
20240315,2024-03-15,2024,1,3,March,15,5,Friday,false,11
20240316,2024-03-16,2024,1,3,March,16,6,Saturday,true,11
20240317,2024-03-17,2024,1,3,March,17,7,Sunday,true,11
20240318,2024-03-18,2024,1,3,March,18,1,Monday,false,12
20240319,2024-03-19,2024,1,3,March,19,2,Tuesday,false,12
20240320,2024-03-20,2024,1,3,March,20,3,Wednesday,false,12
20240321,2024-03-21,2024,1,3,March,21,4,Thursday,false,12
20240322,2024-03-22,2024,1,3,March,22,5,Friday,false,12
20240323,2024-03-23,2024,1,3,March,23,6,Saturday,true,12
20240324,2024-03-24,2024,1,3,March,24,7,Sunday,true,12
20240325,2024-03-25,2024,1,3,March,25,1,Monday,false,13
20240326,2024-03-26,2024,1,3,March,26,2,Tuesday,false,13
20240327,2024-03-27,2024,1,3,March,27,3,Wednesday,false,13
20240328,2024-03-28,2024,1,3,March,28,4,Thursday,false,13
20240329,2024-03-29,2024,1,3,March,29,5,Friday,false,13
20240330,2024-03-30,2024,1,3,March,30,6,Saturday,true,13
20240331,2024-03-31,2024,1,3,March,31,7,Sunday,true,13
20240401,2024-04-01,2024,2,4,April,1,1,Monday,false,14
20240402,2024-04-02,2024,2,4,April,2,2,Tuesday,false,14
20240403,2024-04-03,2024,2,4,April,3,3,Wednesday,false,14
20240404,2024-04-04,2024,2,4,April,4,4,Thursday,false,14
20240405,2024-04-05,2024,2,4,April,5,5,Friday,false,14
20240406,2024-04-06,2024,2,4,April,6,6,Saturday,true,14
20240407,2024-04-07,2024,2,4,April,7,7,Sunday,true,14
20240408,2024-04-08,2024,2,4,April,8,1,Monday,false,15
20240409,2024-04-09,2024,2,4,April,9,2,Tuesday,false,15
20240410,2024-04-10,2024,2,4,April,10,3,Wednesday,false,15
20240411,2024-04-11,2024,2,4,April,11,4,Thursday,false,15
20240412,2024-04-12,2024,2,4,April,12,5,Friday,false,15
20240413,2024-04-13,2024,2,4,April,13,6,Saturday,true,15
20240414,2024-04-14,2024,2,4,April,14,7,Sunday,true,15
20240415,2024-04-15,2024,2,4,April,15,1,Monday,false,16
20240416,2024-04-16,2024,2,4,April,16,2,Tuesday,false,16
20240417,2024-04-17,2024,2,4,April,17,3,Wednesday,false,16
20240418,2024-04-18,2024,2,4,April,18,4,Thursday,false,16
20240419,2024-04-19,2024,2,4,April,19,5,Friday,false,16
20240420,2024-04-20,2024,2,4,April,20,6,Saturday,true,16
20240421,2024-04-21,2024,2,4,April,21,7,Sunday,true,16
20240422,2024-04-22,2024,2,4,April,22,1,Monday,false,17
20240423,2024-04-23,2024,2,4,April,23,2,Tuesday,false,17
20240424,2024-04-24,2024,2,4,April,24,3,Wednesday,false,17
20240425,2024-04-25,2024,2,4,April,25,4,Thursday,false,17
20240426,2024-04-26,2024,2,4,April,26,5,Friday,false,17
20240427,2024-04-27,2024,2,4,April,27,6,Saturday,true,17
20240428,2024-04-28,2024,2,4,April,28,7,Sunday,true,17
20240429,2024-04-29,2024,2,4,April,29,1,Monday,false,18
20240430,2024-04-30,2024,2,4,April,30,2,Tuesday,false,18
20240501,2024-05-01,2024,2,5,May,1,3,Wednesday,false,18
20240502,2024-05-02,2024,2,5,May,2,4,Thursday,false,18
20240503,2024-05-03,2024,2,5,May,3,5,Friday,false,18
20240504,2024-05-04,2024,2,5,May,4,6,Saturday,true,18
20240505,2024-05-05,2024,2,5,May,5,7,Sunday,true,18
20240506,2024-05-06,2024,2,5,May,6,1,Monday,false,19
20240507,2024-05-07,2024,2,5,May,7,2,Tuesday,false,19
20240508,2024-05-08,2024,2,5,May,8,3,Wednesday,false,19
20240509,2024-05-09,2024,2,5,May,9,4,Thursday,false,19
20240510,2024-05-10,2024,2,5,May,10,5,Friday,false,19
20240511,2024-05-11,2024,2,5,May,11,6,Saturday,true,19
20240512,2024-05-12,2024,2,5,May,12,7,Sunday,true,19
20240513,2024-05-13,2024,2,5,May,13,1,Monday,false,20
20240514,2024-05-14,2024,2,5,May,14,2,Tuesday,false,20
20240515,2024-05-15,2024,2,5,May,15,3,Wednesday,false,20
20240516,2024-05-16,2024,2,5,May,16,4,Thursday,false,20
20240517,2024-05-17,2024,2,5,May,17,5,Friday,false,20
20240518,2024-05-18,2024,2,5,May,18,6,Saturday,true,20
20240519,2024-05-19,2024,2,5,May,19,7,Sunday,true,20
20240520,2024-05-20,2024,2,5,May,20,1,Monday,false,21
20240521,2024-05-21,2024,2,5,May,21,2,Tuesday,false,21
20240522,2024-05-22,2024,2,5,May,22,3,Wednesday,false,21
20240523,2024-05-23,2024,2,5,May,23,4,Thursday,false,21
20240524,2024-05-24,2024,2,5,May,24,5,Friday,false,21
20240525,2024-05-25,2024,2,5,May,25,6,Saturday,true,21
20240526,2024-05-26,2024,2,5,May,26,7,Sunday,true,21
20240527,2024-05-27,2024,2,5,May,27,1,Monday,false,22
20240528,2024-05-28,2024,2,5,May,28,2,Tuesday,false,22
20240529,2024-05-29,2024,2,5,May,29,3,Wednesday,false,22
20240530,2024-05-30,2024,2,5,May,30,4,Thursday,false,22
20240531,2024-05-31,2024,2,5,May,31,5,Friday,false,22
20240601,2024-06-01,2024,2,6,June,1,6,Saturday,true,22
20240602,2024-06-02,2024,2,6,June,2,7,Sunday,true,22
20240603,2024-06-03,2024,2,6,June,3,1,Monday,false,23
20240604,2024-06-04,2024,2,6,June,4,2,Tuesday,false,23
20240605,2024-06-05,2024,2,6,June,5,3,Wednesday,false,23
20240606,2024-06-06,2024,2,6,June,6,4,Thursday,false,23
20240607,2024-06-07,2024,2,6,June,7,5,Friday,false,23
20240608,2024-06-08,2024,2,6,June,8,6,Saturday,true,23
20240609,2024-06-09,2024,2,6,June,9,7,Sunday,true,23
20240610,2024-06-10,2024,2,6,June,10,1,Monday,false,24
20240611,2024-06-11,2024,2,6,June,11,2,Tuesday,false,24
20240612,2024-06-12,2024,2,6,June,12,3,Wednesday,false,24
20240613,2024-06-13,2024,2,6,June,13,4,Thursday,false,24
20240614,2024-06-14,2024,2,6,June,14,5,Friday,false,24
20240615,2024-06-15,2024,2,6,June,15,6,Saturday,true,24
20240616,2024-06-16,2024,2,6,June,16,7,Sunday,true,24
20240617,2024-06-17,2024,2,6,June,17,1,Monday,false,25
20240618,2024-06-18,2024,2,6,June,18,2,Tuesday,false,25
20240619,2024-06-19,2024,2,6,June,19,3,Wednesday,false,25
20240620,2024-06-20,2024,2,6,June,20,4,Thursday,false,25
20240621,2024-06-21,2024,2,6,June,21,5,Friday,false,25
20240622,2024-06-22,2024,2,6,June,22,6,Saturday,true,25
20240623,2024-06-23,2024,2,6,June,23,7,Sunday,true,25
20240624,2024-06-24,2024,2,6,June,24,1,Monday,false,26
20240625,2024-06-25,2024,2,6,June,25,2,Tuesday,false,26
20240626,2024-06-26,2024,2,6,June,26,3,Wednesday,false,26
20240627,2024-06-27,2024,2,6,June,27,4,Thursday,false,26
20240628,2024-06-28,2024,2,6,June,28,5,Friday,false,26
20240629,2024-06-29,2024,2,6,June,29,6,Saturday,true,26
20240630,2024-06-30,2024,2,6,June,30,7,Sunday,true,26
20240701,2024-07-01,2024,3,7,July,1,1,Monday,false,27
20240702,2024-07-02,2024,3,7,July,2,2,Tuesday,false,27
20240703,2024-07-03,2024,3,7,July,3,3,Wednesday,false,27
20240704,2024-07-04,2024,3,7,July,4,4,Thursday,false,27
20240705,2024-07-05,2024,3,7,July,5,5,Friday,false,27
20240706,2024-07-06,2024,3,7,July,6,6,Saturday,true,27
20240707,2024-07-07,2024,3,7,July,7,7,Sunday,true,27
20240708,2024-07-08,2024,3,7,July,8,1,Monday,false,28
20240709,2024-07-09,2024,3,7,July,9,2,Tuesday,false,28
20240710,2024-07-10,2024,3,7,July,10,3,Wednesday,false,28
20240711,2024-07-11,2024,3,7,July,11,4,Thursday,false,28
20240712,2024-07-12,2024,3,7,July,12,5,Friday,false,28
20240713,2024-07-13,2024,3,7,July,13,6,Saturday,true,28
20240714,2024-07-14,2024,3,7,July,14,7,Sunday,true,28
20240715,2024-07-15,2024,3,7,July,15,1,Monday,false,29
20240716,2024-07-16,2024,3,7,July,16,2,Tuesday,false,29
20240717,2024-07-17,2024,3,7,July,17,3,Wednesday,false,29
20240718,2024-07-18,2024,3,7,July,18,4,Thursday,false,29
20240719,2024-07-19,2024,3,7,July,19,5,Friday,false,29
20240720,2024-07-20,2024,3,7,July,20,6,Saturday,true,29
20240721,2024-07-21,2024,3,7,July,21,7,Sunday,true,29
20240722,2024-07-22,2024,3,7,July,22,1,Monday,false,30
20240723,2024-07-23,2024,3,7,July,23,2,Tuesday,false,30
20240724,2024-07-24,2024,3,7,July,24,3,Wednesday,false,30
20240725,2024-07-25,2024,3,7,July,25,4,Thursday,false,30
20240726,2024-07-26,2024,3,7,July,26,5,Friday,false,30
20240727,2024-07-27,2024,3,7,July,27,6,Saturday,true,30
20240728,2024-07-28,2024,3,7,July,28,7,Sunday,true,30
20240729,2024-07-29,2024,3,7,July,29,1,Monday,false,31
20240730,2024-07-30,2024,3,7,July,30,2,Tuesday,false,31
20240731,2024-07-31,2024,3,7,July,31,3,Wednesday,false,31
20240801,2024-08-01,2024,3,8,August,1,4,Thursday,false,31
20240802,2024-08-02,2024,3,8,August,2,5,Friday,false,31
20240803,2024-08-03,2024,3,8,August,3,6,Saturday,true,31
20240804,2024-08-04,2024,3,8,August,4,7,Sunday,true,31
20240805,2024-08-05,2024,3,8,August,5,1,Monday,false,32
20240806,2024-08-06,2024,3,8,August,6,2,Tuesday,false,32
20240807,2024-08-07,2024,3,8,August,7,3,Wednesday,false,32
20240808,2024-08-08,2024,3,8,August,8,4,Thursday,false,32
20240809,2024-08-09,2024,3,8,August,9,5,Friday,false,32
20240810,2024-08-10,2024,3,8,August,10,6,Saturday,true,32
20240811,2024-08-11,2024,3,8,August,11,7,Sunday,true,32
20240812,2024-08-12,2024,3,8,August,12,1,Monday,false,33
20240813,2024-08-13,2024,3,8,August,13,2,Tuesday,false,33
20240814,2024-08-14,2024,3,8,August,14,3,Wednesday,false,33
20240815,2024-08-15,2024,3,8,August,15,4,Thursday,false,33
20240816,2024-08-16,2024,3,8,August,16,5,Friday,false,33
20240817,2024-08-17,2024,3,8,August,17,6,Saturday,true,33
20240818,2024-08-18,2024,3,8,August,18,7,Sunday,true,33
20240819,2024-08-19,2024,3,8,August,19,1,Monday,false,34
20240820,2024-08-20,2024,3,8,August,20,2,Tuesday,false,34
20240821,2024-08-21,2024,3,8,August,21,3,Wednesday,false,34
20240822,2024-08-22,2024,3,8,August,22,4,Thursday,false,34
20240823,2024-08-23,2024,3,8,August,23,5,Friday,false,34
20240824,2024-08-24,2024,3,8,August,24,6,Saturday,true,34
20240825,2024-08-25,2024,3,8,August,25,7,Sunday,true,34
20240826,2024-08-26,2024,3,8,August,26,1,Monday,false,35
20240827,2024-08-27,2024,3,8,August,27,2,Tuesday,false,35
20240828,2024-08-28,2024,3,8,August,28,3,Wednesday,false,35
20240829,2024-08-29,2024,3,8,August,29,4,Thursday,false,35
20240830,2024-08-30,2024,3,8,August,30,5,Friday,false,35
20240831,2024-08-31,2024,3,8,August,31,6,Saturday,true,35
20240901,2024-09-01,2024,3,9,September,1,7,Sunday,true,35
20240902,2024-09-02,2024,3,9,September,2,1,Monday,false,36
20240903,2024-09-03,2024,3,9,September,3,2,Tuesday,false,36
20240904,2024-09-04,2024,3,9,September,4,3,Wednesday,false,36
20240905,2024-09-05,2024,3,9,September,5,4,Thursday,false,36
20240906,2024-09-06,2024,3,9,September,6,5,Friday,false,36
20240907,2024-09-07,2024,3,9,September,7,6,Saturday,true,36
20240908,2024-09-08,2024,3,9,September,8,7,Sunday,true,36
20240909,2024-09-09,2024,3,9,September,9,1,Monday,false,37
20240910,2024-09-10,2024,3,9,September,10,2,Tuesday,false,37
20240911,2024-09-11,2024,3,9,September,11,3,Wednesday,false,37
20240912,2024-09-12,2024,3,9,September,12,4,Thursday,false,37
20240913,2024-09-13,2024,3,9,September,13,5,Friday,false,37
20240914,2024-09-14,2024,3,9,September,14,6,Saturday,true,37
20240915,2024-09-15,2024,3,9,September,15,7,Sunday,true,37
20240916,2024-09-16,2024,3,9,September,16,1,Monday,false,38
20240917,2024-09-17,2024,3,9,September,17,2,Tuesday,false,38
20240918,2024-09-18,2024,3,9,September,18,3,Wednesday,false,38
20240919,2024-09-19,2024,3,9,September,19,4,Thursday,false,38
20240920,2024-09-20,2024,3,9,September,20,5,Friday,false,38
20240921,2024-09-21,2024,3,9,September,21,6,Saturday,true,38
20240922,2024-09-22,2024,3,9,September,22,7,Sunday,true,38
20240923,2024-09-23,2024,3,9,September,23,1,Monday,false,39
20240924,2024-09-24,2024,3,9,September,24,2,Tuesday,false,39
20240925,2024-09-25,2024,3,9,September,25,3,Wednesday,false,39
20240926,2024-09-26,2024,3,9,September,26,4,Thursday,false,39
20240927,2024-09-27,2024,3,9,September,27,5,Friday,false,39
20240928,2024-09-28,2024,3,9,September,28,6,Saturday,true,39
20240929,2024-09-29,2024,3,9,September,29,7,Sunday,true,39
20240930,2024-09-30,2024,3,9,September,30,1,Monday,false,40
20241001,2024-10-01,2024,4,10,October,1,2,Tuesday,false,40
20241002,2024-10-02,2024,4,10,October,2,3,Wednesday,false,40
20241003,2024-10-03,2024,4,10,October,3,4,Thursday,false,40
20241004,2024-10-04,2024,4,10,October,4,5,Friday,false,40
20241005,2024-10-05,2024,4,10,October,5,6,Saturday,true,40
20241006,2024-10-06,2024,4,10,October,6,7,Sunday,true,40
20241007,2024-10-07,2024,4,10,October,7,1,Monday,false,41
20241008,2024-10-08,2024,4,10,October,8,2,Tuesday,false,41
20241009,2024-10-09,2024,4,10,October,9,3,Wednesday,false,41
20241010,2024-10-10,2024,4,10,October,10,4,Thursday,false,41
20241011,2024-10-11,2024,4,10,October,11,5,Friday,false,41
20241012,2024-10-12,2024,4,10,October,12,6,Saturday,true,41
20241013,2024-10-13,2024,4,10,October,13,7,Sunday,true,41
20241014,2024-10-14,2024,4,10,October,14,1,Monday,false,42
20241015,2024-10-15,2024,4,10,October,15,2,Tuesday,false,42
20241016,2024-10-16,2024,4,10,October,16,3,Wednesday,false,42
20241017,2024-10-17,2024,4,10,October,17,4,Thursday,false,42
20241018,2024-10-18,2024,4,10,October,18,5,Friday,false,42
20241019,2024-10-19,2024,4,10,October,19,6,Saturday,true,42
20241020,2024-10-20,2024,4,10,October,20,7,Sunday,true,42
20241021,2024-10-21,2024,4,10,October,21,1,Monday,false,43
20241022,2024-10-22,2024,4,10,October,22,2,Tuesday,false,43
20241023,2024-10-23,2024,4,10,October,23,3,Wednesday,false,43
20241024,2024-10-24,2024,4,10,October,24,4,Thursday,false,43
20241025,2024-10-25,2024,4,10,October,25,5,Friday,false,43
20241026,2024-10-26,2024,4,10,October,26,6,Saturday,true,43
20241027,2024-10-27,2024,4,10,October,27,7,Sunday,true,43
20241028,2024-10-28,2024,4,10,October,28,1,Monday,false,44
20241029,2024-10-29,2024,4,10,October,29,2,Tuesday,false,44
20241030,2024-10-30,2024,4,10,October,30,3,Wednesday,false,44
20241031,2024-10-31,2024,4,10,October,31,4,Thursday,false,44
20241101,2024-11-01,2024,4,11,November,1,5,Friday,false,44
20241102,2024-11-02,2024,4,11,November,2,6,Saturday,true,44
20241103,2024-11-03,2024,4,11,November,3,7,Sunday,true,44
20241104,2024-11-04,2024,4,11,November,4,1,Monday,false,45
20241105,2024-11-05,2024,4,11,November,5,2,Tuesday,false,45
20241106,2024-11-06,2024,4,11,November,6,3,Wednesday,false,45
20241107,2024-11-07,2024,4,11,November,7,4,Thursday,false,45
20241108,2024-11-08,2024,4,11,November,8,5,Friday,false,45
20241109,2024-11-09,2024,4,11,November,9,6,Saturday,true,45
20241110,2024-11-10,2024,4,11,November,10,7,Sunday,true,45
20241111,2024-11-11,2024,4,11,November,11,1,Monday,false,46
20241112,2024-11-12,2024,4,11,November,12,2,Tuesday,false,46
20241113,2024-11-13,2024,4,11,November,13,3,Wednesday,false,46
20241114,2024-11-14,2024,4,11,November,14,4,Thursday,false,46
20241115,2024-11-15,2024,4,11,November,15,5,Friday,false,46
20241116,2024-11-16,2024,4,11,November,16,6,Saturday,true,46
20241117,2024-11-17,2024,4,11,November,17,7,Sunday,true,46
20241118,2024-11-18,2024,4,11,November,18,1,Monday,false,47
20241119,2024-11-19,2024,4,11,November,19,2,Tuesday,false,47
20241120,2024-11-20,2024,4,11,November,20,3,Wednesday,false,47
20241121,2024-11-21,2024,4,11,November,21,4,Thursday,false,47
20241122,2024-11-22,2024,4,11,November,22,5,Friday,false,47
20241123,2024-11-23,2024,4,11,November,23,6,Saturday,true,47
20241124,2024-11-24,2024,4,11,November,24,7,Sunday,true,47
20241125,2024-11-25,2024,4,11,November,25,1,Monday,false,48
20241126,2024-11-26,2024,4,11,November,26,2,Tuesday,false,48
20241127,2024-11-27,2024,4,11,November,27,3,Wednesday,false,48
20241128,2024-11-28,2024,4,11,November,28,4,Thursday,false,48
20241129,2024-11-29,2024,4,11,November,29,5,Friday,false,48
20241130,2024-11-30,2024,4,11,November,30,6,Saturday,true,48
20241201,2024-12-01,2024,4,12,December,1,7,Sunday,true,48
20241202,2024-12-02,2024,4,12,December,2,1,Monday,false,49
20241203,2024-12-03,2024,4,12,December,3,2,Tuesday,false,49
20241204,2024-12-04,2024,4,12,December,4,3,Wednesday,false,49
20241205,2024-12-05,2024,4,12,December,5,4,Thursday,false,49
20241206,2024-12-06,2024,4,12,December,6,5,Friday,false,49
20241207,2024-12-07,2024,4,12,December,7,6,Saturday,true,49
20241208,2024-12-08,2024,4,12,December,8,7,Sunday,true,49
20241209,2024-12-09,2024,4,12,December,9,1,Monday,false,50
20241210,2024-12-10,2024,4,12,December,10,2,Tuesday,false,50
20241211,2024-12-11,2024,4,12,December,11,3,Wednesday,false,50
20241212,2024-12-12,2024,4,12,December,12,4,Thursday,false,50
20241213,2024-12-13,2024,4,12,December,13,5,Friday,false,50
20241214,2024-12-14,2024,4,12,December,14,6,Saturday,true,50
20241215,2024-12-15,2024,4,12,December,15,7,Sunday,true,50
20241216,2024-12-16,2024,4,12,December,16,1,Monday,false,51
20241217,2024-12-17,2024,4,12,December,17,2,Tuesday,false,51
20241218,2024-12-18,2024,4,12,December,18,3,Wednesday,false,51
20241219,2024-12-19,2024,4,12,December,19,4,Thursday,false,51
20241220,2024-12-20,2024,4,12,December,20,5,Friday,false,51
20241221,2024-12-21,2024,4,12,December,21,6,Saturday,true,51
20241222,2024-12-22,2024,4,12,December,22,7,Sunday,true,51
20241223,2024-12-23,2024,4,12,December,23,1,Monday,false,52
20241224,2024-12-24,2024,4,12,December,24,2,Tuesday,false,52
20241225,2024-12-25,2024,4,12,December,25,3,Wednesday,false,52
20241226,2024-12-26,2024,4,12,December,26,4,Thursday,false,52
20241227,2024-12-27,2024,4,12,December,27,5,Friday,false,52
20241228,2024-12-28,2024,4,12,December,28,6,Saturday,true,52
20241229,2024-12-29,2024,4,12,December,29,7,Sunday,true,52
20241230,2024-12-30,2024,4,12,December,30,1,Monday,false,1
20241231,2024-12-31,2024,4,12,December,31,2,Tuesday,false,1
20250101,2025-01-01,2025,1,1,January,1,3,Wednesday,false,1
20250102,2025-01-02,2025,1,1,January,2,4,Thursday,false,1
20250103,2025-01-03,2025,1,1,January,3,5,Friday,false,1
20250104,2025-01-04,2025,1,1,January,4,6,Saturday,true,1
20250105,2025-01-05,2025,1,1,January,5,7,Sunday,true,1
20250106,2025-01-06,2025,1,1,January,6,1,Monday,false,2
20250107,2025-01-07,2025,1,1,January,7,2,Tuesday,false,2
20250108,2025-01-08,2025,1,1,January,8,3,Wednesday,false,2
20250109,2025-01-09,2025,1,1,January,9,4,Thursday,false,2
20250110,2025-01-10,2025,1,1,January,10,5,Friday,false,2
20250111,2025-01-11,2025,1,1,January,11,6,Saturday,true,2
20250112,2025-01-12,2025,1,1,January,12,7,Sunday,true,2
20250113,2025-01-13,2025,1,1,January,13,1,Monday,false,3
20250114,2025-01-14,2025,1,1,January,14,2,Tuesday,false,3
20250115,2025-01-15,2025,1,1,January,15,3,Wednesday,false,3
20250116,2025-01-16,2025,1,1,January,16,4,Thursday,false,3
20250117,2025-01-17,2025,1,1,January,17,5,Friday,false,3
20250118,2025-01-18,2025,1,1,January,18,6,Saturday,true,3
20250119,2025-01-19,2025,1,1,January,19,7,Sunday,true,3
20250120,2025-01-20,2025,1,1,January,20,1,Monday,false,4
20250121,2025-01-21,2025,1,1,January,21,2,Tuesday,false,4
20250122,2025-01-22,2025,1,1,January,22,3,Wednesday,false,4
20250123,2025-01-23,2025,1,1,January,23,4,Thursday,false,4
20250124,2025-01-24,2025,1,1,January,24,5,Friday,false,4
20250125,2025-01-25,2025,1,1,January,25,6,Saturday,true,4
20250126,2025-01-26,2025,1,1,January,26,7,Sunday,true,4
20250127,2025-01-27,2025,1,1,January,27,1,Monday,false,5
20250128,2025-01-28,2025,1,1,January,28,2,Tuesday,false,5
20250129,2025-01-29,2025,1,1,January,29,3,Wednesday,false,5
20250130,2025-01-30,2025,1,1,January,30,4,Thursday,false,5
20250131,2025-01-31,2025,1,1,January,31,5,Friday,false,5
20250201,2025-02-01,2025,1,2,February,1,6,Saturday,true,5
20250202,2025-02-02,2025,1,2,February,2,7,Sunday,true,5
20250203,2025-02-03,2025,1,2,February,3,1,Monday,false,6
20250204,2025-02-04,2025,1,2,February,4,2,Tuesday,false,6
20250205,2025-02-05,2025,1,2,February,5,3,Wednesday,false,6
20250206,2025-02-06,2025,1,2,February,6,4,Thursday,false,6
20250207,2025-02-07,2025,1,2,February,7,5,Friday,false,6
20250208,2025-02-08,2025,1,2,February,8,6,Saturday,true,6
20250209,2025-02-09,2025,1,2,February,9,7,Sunday,true,6
20250210,2025-02-10,2025,1,2,February,10,1,Monday,false,7
20250211,2025-02-11,2025,1,2,February,11,2,Tuesday,false,7
20250212,2025-02-12,2025,1,2,February,12,3,Wednesday,false,7
20250213,2025-02-13,2025,1,2,February,13,4,Thursday,false,7
20250214,2025-02-14,2025,1,2,February,14,5,Friday,false,7
20250215,2025-02-15,2025,1,2,February,15,6,Saturday,true,7
20250216,2025-02-16,2025,1,2,February,16,7,Sunday,true,7
20250217,2025-02-17,2025,1,2,February,17,1,Monday,false,8
20250218,2025-02-18,2025,1,2,February,18,2,Tuesday,false,8
20250219,2025-02-19,2025,1,2,February,19,3,Wednesday,false,8
20250220,2025-02-20,2025,1,2,February,20,4,Thursday,false,8
20250221,2025-02-21,2025,1,2,February,21,5,Friday,false,8
20250222,2025-02-22,2025,1,2,February,22,6,Saturday,true,8
20250223,2025-02-23,2025,1,2,February,23,7,Sunday,true,8
20250224,2025-02-24,2025,1,2,February,24,1,Monday,false,9
20250225,2025-02-25,2025,1,2,February,25,2,Tuesday,false,9
20250226,2025-02-26,2025,1,2,February,26,3,Wednesday,false,9
20250227,2025-02-27,2025,1,2,February,27,4,Thursday,false,9
20250228,2025-02-28,2025,1,2,February,28,5,Friday,false,9
20250301,2025-03-01,2025,1,3,March,1,6,Saturday,true,9
20250302,2025-03-02,2025,1,3,March,2,7,Sunday,true,9
20250303,2025-03-03,2025,1,3,March,3,1,Monday,false,10
20250304,2025-03-04,2025,1,3,March,4,2,Tuesday,false,10
20250305,2025-03-05,2025,1,3,March,5,3,Wednesday,false,10
20250306,2025-03-06,2025,1,3,March,6,4,Thursday,false,10
20250307,2025-03-07,2025,1,3,March,7,5,Friday,false,10
20250308,2025-03-08,2025,1,3,March,8,6,Saturday,true,10
20250309,2025-03-09,2025,1,3,March,9,7,Sunday,true,10
20250310,2025-03-10,2025,1,3,March,10,1,Monday,false,11
20250311,2025-03-11,2025,1,3,March,11,2,Tuesday,false,11
20250312,2025-03-12,2025,1,3,March,12,3,Wednesday,false,11
20250313,2025-03-13,2025,1,3,March,13,4,Thursday,false,11
20250314,2025-03-14,2025,1,3,March,14,5,Friday,false,11
20250315,2025-03-15,2025,1,3,March,15,6,Saturday,true,11
20250316,2025-03-16,2025,1,3,March,16,7,Sunday,true,11
20250317,2025-03-17,2025,1,3,March,17,1,Monday,false,12
20250318,2025-03-18,2025,1,3,March,18,2,Tuesday,false,12
20250319,2025-03-19,2025,1,3,March,19,3,Wednesday,false,12
20250320,2025-03-20,2025,1,3,March,20,4,Thursday,false,12
20250321,2025-03-21,2025,1,3,March,21,5,Friday,false,12
20250322,2025-03-22,2025,1,3,March,22,6,Saturday,true,12
20250323,2025-03-23,2025,1,3,March,23,7,Sunday,true,12
20250324,2025-03-24,2025,1,3,March,24,1,Monday,false,13
20250325,2025-03-25,2025,1,3,March,25,2,Tuesday,false,13
20250326,2025-03-26,2025,1,3,March,26,3,Wednesday,false,13
20250327,2025-03-27,2025,1,3,March,27,4,Thursday,false,13
20250328,2025-03-28,2025,1,3,March,28,5,Friday,false,13
20250329,2025-03-29,2025,1,3,March,29,6,Saturday,true,13
20250330,2025-03-30,2025,1,3,March,30,7,Sunday,true,13
20250331,2025-03-31,2025,1,3,March,31,1,Monday,false,14
20250401,2025-04-01,2025,2,4,April,1,2,Tuesday,false,14
20250402,2025-04-02,2025,2,4,April,2,3,Wednesday,false,14
20250403,2025-04-03,2025,2,4,April,3,4,Thursday,false,14
20250404,2025-04-04,2025,2,4,April,4,5,Friday,false,14
20250405,2025-04-05,2025,2,4,April,5,6,Saturday,true,14
20250406,2025-04-06,2025,2,4,April,6,7,Sunday,true,14
20250407,2025-04-07,2025,2,4,April,7,1,Monday,false,15
20250408,2025-04-08,2025,2,4,April,8,2,Tuesday,false,15
20250409,2025-04-09,2025,2,4,April,9,3,Wednesday,false,15
20250410,2025-04-10,2025,2,4,April,10,4,Thursday,false,15
20250411,2025-04-11,2025,2,4,April,11,5,Friday,false,15
20250412,2025-04-12,2025,2,4,April,12,6,Saturday,true,15
20250413,2025-04-13,2025,2,4,April,13,7,Sunday,true,15
20250414,2025-04-14,2025,2,4,April,14,1,Monday,false,16
20250415,2025-04-15,2025,2,4,April,15,2,Tuesday,false,16
20250416,2025-04-16,2025,2,4,April,16,3,Wednesday,false,16
20250417,2025-04-17,2025,2,4,April,17,4,Thursday,false,16
20250418,2025-04-18,2025,2,4,April,18,5,Friday,false,16
20250419,2025-04-19,2025,2,4,April,19,6,Saturday,true,16
20250420,2025-04-20,2025,2,4,April,20,7,Sunday,true,16
20250421,2025-04-21,2025,2,4,April,21,1,Monday,false,17
20250422,2025-04-22,2025,2,4,April,22,2,Tuesday,false,17
20250423,2025-04-23,2025,2,4,April,23,3,Wednesday,false,17
20250424,2025-04-24,2025,2,4,April,24,4,Thursday,false,17
20250425,2025-04-25,2025,2,4,April,25,5,Friday,false,17
20250426,2025-04-26,2025,2,4,April,26,6,Saturday,true,17
20250427,2025-04-27,2025,2,4,April,27,7,Sunday,true,17
20250428,2025-04-28,2025,2,4,April,28,1,Monday,false,18
20250429,2025-04-29,2025,2,4,April,29,2,Tuesday,false,18
20250430,2025-04-30,2025,2,4,April,30,3,Wednesday,false,18
20250501,2025-05-01,2025,2,5,May,1,4,Thursday,false,18
20250502,2025-05-02,2025,2,5,May,2,5,Friday,false,18
20250503,2025-05-03,2025,2,5,May,3,6,Saturday,true,18
20250504,2025-05-04,2025,2,5,May,4,7,Sunday,true,18
20250505,2025-05-05,2025,2,5,May,5,1,Monday,false,19
20250506,2025-05-06,2025,2,5,May,6,2,Tuesday,false,19
20250507,2025-05-07,2025,2,5,May,7,3,Wednesday,false,19
20250508,2025-05-08,2025,2,5,May,8,4,Thursday,false,19
20250509,2025-05-09,2025,2,5,May,9,5,Friday,false,19
20250510,2025-05-10,2025,2,5,May,10,6,Saturday,true,19
20250511,2025-05-11,2025,2,5,May,11,7,Sunday,true,19
20250512,2025-05-12,2025,2,5,May,12,1,Monday,false,20
20250513,2025-05-13,2025,2,5,May,13,2,Tuesday,false,20
20250514,2025-05-14,2025,2,5,May,14,3,Wednesday,false,20
20250515,2025-05-15,2025,2,5,May,15,4,Thursday,false,20
20250516,2025-05-16,2025,2,5,May,16,5,Friday,false,20
20250517,2025-05-17,2025,2,5,May,17,6,Saturday,true,20
20250518,2025-05-18,2025,2,5,May,18,7,Sunday,true,20
20250519,2025-05-19,2025,2,5,May,19,1,Monday,false,21
20250520,2025-05-20,2025,2,5,May,20,2,Tuesday,false,21
20250521,2025-05-21,2025,2,5,May,21,3,Wednesday,false,21
20250522,2025-05-22,2025,2,5,May,22,4,Thursday,false,21
20250523,2025-05-23,2025,2,5,May,23,5,Friday,false,21
20250524,2025-05-24,2025,2,5,May,24,6,Saturday,true,21
20250525,2025-05-25,2025,2,5,May,25,7,Sunday,true,21
20250526,2025-05-26,2025,2,5,May,26,1,Monday,false,22
20250527,2025-05-27,2025,2,5,May,27,2,Tuesday,false,22
20250528,2025-05-28,2025,2,5,May,28,3,Wednesday,false,22
20250529,2025-05-29,2025,2,5,May,29,4,Thursday,false,22
20250530,2025-05-30,2025,2,5,May,30,5,Friday,false,22
20250531,2025-05-31,2025,2,5,May,31,6,Saturday,true,22
20250601,2025-06-01,2025,2,6,June,1,7,Sunday,true,22
20250602,2025-06-02,2025,2,6,June,2,1,Monday,false,23
20250603,2025-06-03,2025,2,6,June,3,2,Tuesday,false,23
20250604,2025-06-04,2025,2,6,June,4,3,Wednesday,false,23
20250605,2025-06-05,2025,2,6,June,5,4,Thursday,false,23
20250606,2025-06-06,2025,2,6,June,6,5,Friday,false,23
20250607,2025-06-07,2025,2,6,June,7,6,Saturday,true,23
20250608,2025-06-08,2025,2,6,June,8,7,Sunday,true,23
20250609,2025-06-09,2025,2,6,June,9,1,Monday,false,24
20250610,2025-06-10,2025,2,6,June,10,2,Tuesday,false,24
20250611,2025-06-11,2025,2,6,June,11,3,Wednesday,false,24
20250612,2025-06-12,2025,2,6,June,12,4,Thursday,false,24
20250613,2025-06-13,2025,2,6,June,13,5,Friday,false,24
20250614,2025-06-14,2025,2,6,June,14,6,Saturday,true,24
20250615,2025-06-15,2025,2,6,June,15,7,Sunday,true,24
20250616,2025-06-16,2025,2,6,June,16,1,Monday,false,25
20250617,2025-06-17,2025,2,6,June,17,2,Tuesday,false,25
20250618,2025-06-18,2025,2,6,June,18,3,Wednesday,false,25
20250619,2025-06-19,2025,2,6,June,19,4,Thursday,false,25
20250620,2025-06-20,2025,2,6,June,20,5,Friday,false,25
20250621,2025-06-21,2025,2,6,June,21,6,Saturday,true,25
20250622,2025-06-22,2025,2,6,June,22,7,Sunday,true,25
20250623,2025-06-23,2025,2,6,June,23,1,Monday,false,26
20250624,2025-06-24,2025,2,6,June,24,2,Tuesday,false,26
20250625,2025-06-25,2025,2,6,June,25,3,Wednesday,false,26
20250626,2025-06-26,2025,2,6,June,26,4,Thursday,false,26
20250627,2025-06-27,2025,2,6,June,27,5,Friday,false,26
20250628,2025-06-28,2025,2,6,June,28,6,Saturday,true,26
20250629,2025-06-29,2025,2,6,June,29,7,Sunday,true,26
20250630,2025-06-30,2025,2,6,June,30,1,Monday,false,27
20250701,2025-07-01,2025,3,7,July,1,2,Tuesday,false,27
20250702,2025-07-02,2025,3,7,July,2,3,Wednesday,false,27
20250703,2025-07-03,2025,3,7,July,3,4,Thursday,false,27
20250704,2025-07-04,2025,3,7,July,4,5,Friday,false,27
20250705,2025-07-05,2025,3,7,July,5,6,Saturday,true,27
20250706,2025-07-06,2025,3,7,July,6,7,Sunday,true,27
20250707,2025-07-07,2025,3,7,July,7,1,Monday,false,28
20250708,2025-07-08,2025,3,7,July,8,2,Tuesday,false,28
20250709,2025-07-09,2025,3,7,July,9,3,Wednesday,false,28
20250710,2025-07-10,2025,3,7,July,10,4,Thursday,false,28
20250711,2025-07-11,2025,3,7,July,11,5,Friday,false,28
20250712,2025-07-12,2025,3,7,July,12,6,Saturday,true,28
20250713,2025-07-13,2025,3,7,July,13,7,Sunday,true,28
20250714,2025-07-14,2025,3,7,July,14,1,Monday,false,29
20250715,2025-07-15,2025,3,7,July,15,2,Tuesday,false,29
20250716,2025-07-16,2025,3,7,July,16,3,Wednesday,false,29
20250717,2025-07-17,2025,3,7,July,17,4,Thursday,false,29
20250718,2025-07-18,2025,3,7,July,18,5,Friday,false,29
20250719,2025-07-19,2025,3,7,July,19,6,Saturday,true,29
20250720,2025-07-20,2025,3,7,July,20,7,Sunday,true,29
20250721,2025-07-21,2025,3,7,July,21,1,Monday,false,30
20250722,2025-07-22,2025,3,7,July,22,2,Tuesday,false,30
20250723,2025-07-23,2025,3,7,July,23,3,Wednesday,false,30
20250724,2025-07-24,2025,3,7,July,24,4,Thursday,false,30
20250725,2025-07-25,2025,3,7,July,25,5,Friday,false,30
20250726,2025-07-26,2025,3,7,July,26,6,Saturday,true,30
20250727,2025-07-27,2025,3,7,July,27,7,Sunday,true,30
20250728,2025-07-28,2025,3,7,July,28,1,Monday,false,31
20250729,2025-07-29,2025,3,7,July,29,2,Tuesday,false,31
20250730,2025-07-30,2025,3,7,July,30,3,Wednesday,false,31
20250731,2025-07-31,2025,3,7,July,31,4,Thursday,false,31
20250801,2025-08-01,2025,3,8,August,1,5,Friday,false,31
20250802,2025-08-02,2025,3,8,August,2,6,Saturday,true,31
20250803,2025-08-03,2025,3,8,August,3,7,Sunday,true,31
20250804,2025-08-04,2025,3,8,August,4,1,Monday,false,32
20250805,2025-08-05,2025,3,8,August,5,2,Tuesday,false,32
20250806,2025-08-06,2025,3,8,August,6,3,Wednesday,false,32
20250807,2025-08-07,2025,3,8,August,7,4,Thursday,false,32
20250808,2025-08-08,2025,3,8,August,8,5,Friday,false,32
20250809,2025-08-09,2025,3,8,August,9,6,Saturday,true,32
20250810,2025-08-10,2025,3,8,August,10,7,Sunday,true,32
20250811,2025-08-11,2025,3,8,August,11,1,Monday,false,33
20250812,2025-08-12,2025,3,8,August,12,2,Tuesday,false,33
20250813,2025-08-13,2025,3,8,August,13,3,Wednesday,false,33
20250814,2025-08-14,2025,3,8,August,14,4,Thursday,false,33
20250815,2025-08-15,2025,3,8,August,15,5,Friday,false,33
20250816,2025-08-16,2025,3,8,August,16,6,Saturday,true,33
20250817,2025-08-17,2025,3,8,August,17,7,Sunday,true,33
20250818,2025-08-18,2025,3,8,August,18,1,Monday,false,34
20250819,2025-08-19,2025,3,8,August,19,2,Tuesday,false,34
20250820,2025-08-20,2025,3,8,August,20,3,Wednesday,false,34
20250821,2025-08-21,2025,3,8,August,21,4,Thursday,false,34
20250822,2025-08-22,2025,3,8,August,22,5,Friday,false,34
20250823,2025-08-23,2025,3,8,August,23,6,Saturday,true,34
20250824,2025-08-24,2025,3,8,August,24,7,Sunday,true,34
20250825,2025-08-25,2025,3,8,August,25,1,Monday,false,35
20250826,2025-08-26,2025,3,8,August,26,2,Tuesday,false,35
20250827,2025-08-27,2025,3,8,August,27,3,Wednesday,false,35
20250828,2025-08-28,2025,3,8,August,28,4,Thursday,false,35
20250829,2025-08-29,2025,3,8,August,29,5,Friday,false,35
20250830,2025-08-30,2025,3,8,August,30,6,Saturday,true,35
20250831,2025-08-31,2025,3,8,August,31,7,Sunday,true,35
20250901,2025-09-01,2025,3,9,September,1,1,Monday,false,36
20250902,2025-09-02,2025,3,9,September,2,2,Tuesday,false,36
20250903,2025-09-03,2025,3,9,September,3,3,Wednesday,false,36
20250904,2025-09-04,2025,3,9,September,4,4,Thursday,false,36
20250905,2025-09-05,2025,3,9,September,5,5,Friday,false,36
20250906,2025-09-06,2025,3,9,September,6,6,Saturday,true,36
20250907,2025-09-07,2025,3,9,September,7,7,Sunday,true,36
20250908,2025-09-08,2025,3,9,September,8,1,Monday,false,37
20250909,2025-09-09,2025,3,9,September,9,2,Tuesday,false,37
20250910,2025-09-10,2025,3,9,September,10,3,Wednesday,false,37
20250911,2025-09-11,2025,3,9,September,11,4,Thursday,false,37
20250912,2025-09-12,2025,3,9,September,12,5,Friday,false,37
20250913,2025-09-13,2025,3,9,September,13,6,Saturday,true,37
20250914,2025-09-14,2025,3,9,September,14,7,Sunday,true,37
20250915,2025-09-15,2025,3,9,September,15,1,Monday,false,38
20250916,2025-09-16,2025,3,9,September,16,2,Tuesday,false,38
20250917,2025-09-17,2025,3,9,September,17,3,Wednesday,false,38
20250918,2025-09-18,2025,3,9,September,18,4,Thursday,false,38
20250919,2025-09-19,2025,3,9,September,19,5,Friday,false,38
20250920,2025-09-20,2025,3,9,September,20,6,Saturday,true,38
20250921,2025-09-21,2025,3,9,September,21,7,Sunday,true,38
20250922,2025-09-22,2025,3,9,September,22,1,Monday,false,39
20250923,2025-09-23,2025,3,9,September,23,2,Tuesday,false,39
20250924,2025-09-24,2025,3,9,September,24,3,Wednesday,false,39
20250925,2025-09-25,2025,3,9,September,25,4,Thursday,false,39
20250926,2025-09-26,2025,3,9,September,26,5,Friday,false,39
20250927,2025-09-27,2025,3,9,September,27,6,Saturday,true,39
20250928,2025-09-28,2025,3,9,September,28,7,Sunday,true,39
20250929,2025-09-29,2025,3,9,September,29,1,Monday,false,40
20250930,2025-09-30,2025,3,9,September,30,2,Tuesday,false,40
20251001,2025-10-01,2025,4,10,October,1,3,Wednesday,false,40
20251002,2025-10-02,2025,4,10,October,2,4,Thursday,false,40
20251003,2025-10-03,2025,4,10,October,3,5,Friday,false,40
20251004,2025-10-04,2025,4,10,October,4,6,Saturday,true,40
20251005,2025-10-05,2025,4,10,October,5,7,Sunday,true,40
20251006,2025-10-06,2025,4,10,October,6,1,Monday,false,41
20251007,2025-10-07,2025,4,10,October,7,2,Tuesday,false,41
20251008,2025-10-08,2025,4,10,October,8,3,Wednesday,false,41
20251009,2025-10-09,2025,4,10,October,9,4,Thursday,false,41
20251010,2025-10-10,2025,4,10,October,10,5,Friday,false,41
20251011,2025-10-11,2025,4,10,October,11,6,Saturday,true,41
20251012,2025-10-12,2025,4,10,October,12,7,Sunday,true,41
20251013,2025-10-13,2025,4,10,October,13,1,Monday,false,42
20251014,2025-10-14,2025,4,10,October,14,2,Tuesday,false,42
20251015,2025-10-15,2025,4,10,October,15,3,Wednesday,false,42
20251016,2025-10-16,2025,4,10,October,16,4,Thursday,false,42
20251017,2025-10-17,2025,4,10,October,17,5,Friday,false,42
20251018,2025-10-18,2025,4,10,October,18,6,Saturday,true,42
20251019,2025-10-19,2025,4,10,October,19,7,Sunday,true,42
20251020,2025-10-20,2025,4,10,October,20,1,Monday,false,43
20251021,2025-10-21,2025,4,10,October,21,2,Tuesday,false,43
20251022,2025-10-22,2025,4,10,October,22,3,Wednesday,false,43
20251023,2025-10-23,2025,4,10,October,23,4,Thursday,false,43
20251024,2025-10-24,2025,4,10,October,24,5,Friday,false,43
20251025,2025-10-25,2025,4,10,October,25,6,Saturday,true,43
20251026,2025-10-26,2025,4,10,October,26,7,Sunday,true,43
20251027,2025-10-27,2025,4,10,October,27,1,Monday,false,44
20251028,2025-10-28,2025,4,10,October,28,2,Tuesday,false,44
20251029,2025-10-29,2025,4,10,October,29,3,Wednesday,false,44
20251030,2025-10-30,2025,4,10,October,30,4,Thursday,false,44
20251031,2025-10-31,2025,4,10,October,31,5,Friday,false,44
20251101,2025-11-01,2025,4,11,November,1,6,Saturday,true,44
20251102,2025-11-02,2025,4,11,November,2,7,Sunday,true,44
20251103,2025-11-03,2025,4,11,November,3,1,Monday,false,45
20251104,2025-11-04,2025,4,11,November,4,2,Tuesday,false,45
20251105,2025-11-05,2025,4,11,November,5,3,Wednesday,false,45
20251106,2025-11-06,2025,4,11,November,6,4,Thursday,false,45
20251107,2025-11-07,2025,4,11,November,7,5,Friday,false,45
20251108,2025-11-08,2025,4,11,November,8,6,Saturday,true,45
20251109,2025-11-09,2025,4,11,November,9,7,Sunday,true,45
20251110,2025-11-10,2025,4,11,November,10,1,Monday,false,46
20251111,2025-11-11,2025,4,11,November,11,2,Tuesday,false,46
20251112,2025-11-12,2025,4,11,November,12,3,Wednesday,false,46
20251113,2025-11-13,2025,4,11,November,13,4,Thursday,false,46
20251114,2025-11-14,2025,4,11,November,14,5,Friday,false,46
20251115,2025-11-15,2025,4,11,November,15,6,Saturday,true,46
20251116,2025-11-16,2025,4,11,November,16,7,Sunday,true,46
20251117,2025-11-17,2025,4,11,November,17,1,Monday,false,47
20251118,2025-11-18,2025,4,11,November,18,2,Tuesday,false,47
20251119,2025-11-19,2025,4,11,November,19,3,Wednesday,false,47
20251120,2025-11-20,2025,4,11,November,20,4,Thursday,false,47
20251121,2025-11-21,2025,4,11,November,21,5,Friday,false,47
20251122,2025-11-22,2025,4,11,November,22,6,Saturday,true,47
20251123,2025-11-23,2025,4,11,November,23,7,Sunday,true,47
20251124,2025-11-24,2025,4,11,November,24,1,Monday,false,48
20251125,2025-11-25,2025,4,11,November,25,2,Tuesday,false,48
20251126,2025-11-26,2025,4,11,November,26,3,Wednesday,false,48
20251127,2025-11-27,2025,4,11,November,27,4,Thursday,false,48
20251128,2025-11-28,2025,4,11,November,28,5,Friday,false,48
20251129,2025-11-29,2025,4,11,November,29,6,Saturday,true,48
20251130,2025-11-30,2025,4,11,November,30,7,Sunday,true,48
20251201,2025-12-01,2025,4,12,December,1,1,Monday,false,49
20251202,2025-12-02,2025,4,12,December,2,2,Tuesday,false,49
20251203,2025-12-03,2025,4,12,December,3,3,Wednesday,false,49
20251204,2025-12-04,2025,4,12,December,4,4,Thursday,false,49
20251205,2025-12-05,2025,4,12,December,5,5,Friday,false,49
20251206,2025-12-06,2025,4,12,December,6,6,Saturday,true,49
20251207,2025-12-07,2025,4,12,December,7,7,Sunday,true,49
20251208,2025-12-08,2025,4,12,December,8,1,Monday,false,50
20251209,2025-12-09,2025,4,12,December,9,2,Tuesday,false,50
20251210,2025-12-10,2025,4,12,December,10,3,Wednesday,false,50
20251211,2025-12-11,2025,4,12,December,11,4,Thursday,false,50
20251212,2025-12-12,2025,4,12,December,12,5,Friday,false,50
20251213,2025-12-13,2025,4,12,December,13,6,Saturday,true,50
20251214,2025-12-14,2025,4,12,December,14,7,Sunday,true,50
20251215,2025-12-15,2025,4,12,December,15,1,Monday,false,51
20251216,2025-12-16,2025,4,12,December,16,2,Tuesday,false,51
20251217,2025-12-17,2025,4,12,December,17,3,Wednesday,false,51
20251218,2025-12-18,2025,4,12,December,18,4,Thursday,false,51
20251219,2025-12-19,2025,4,12,December,19,5,Friday,false,51
20251220,2025-12-20,2025,4,12,December,20,6,Saturday,true,51
20251221,2025-12-21,2025,4,12,December,21,7,Sunday,true,51
20251222,2025-12-22,2025,4,12,December,22,1,Monday,false,52
20251223,2025-12-23,2025,4,12,December,23,2,Tuesday,false,52
20251224,2025-12-24,2025,4,12,December,24,3,Wednesday,false,52
20251225,2025-12-25,2025,4,12,December,25,4,Thursday,false,52
20251226,2025-12-26,2025,4,12,December,26,5,Friday,false,52
20251227,2025-12-27,2025,4,12,December,27,6,Saturday,true,52
20251228,2025-12-28,2025,4,12,December,28,7,Sunday,true,52
20251229,2025-12-29,2025,4,12,December,29,1,Monday,false,1
20251230,2025-12-30,2025,4,12,December,30,2,Tuesday,false,1
20251231,2025-12-31,2025,4,12,December,31,3,Wednesday,false,1
20260101,2026-01-01,2026,1,1,January,1,4,Thursday,false,1
20260102,2026-01-02,2026,1,1,January,2,5,Friday,false,1
20260103,2026-01-03,2026,1,1,January,3,6,Saturday,true,1
20260104,2026-01-04,2026,1,1,January,4,7,Sunday,true,1
20260105,2026-01-05,2026,1,1,January,5,1,Monday,false,2
20260106,2026-01-06,2026,1,1,January,6,2,Tuesday,false,2
20260107,2026-01-07,2026,1,1,January,7,3,Wednesday,false,2
20260108,2026-01-08,2026,1,1,January,8,4,Thursday,false,2
20260109,2026-01-09,2026,1,1,January,9,5,Friday,false,2
20260110,2026-01-10,2026,1,1,January,10,6,Saturday,true,2
20260111,2026-01-11,2026,1,1,January,11,7,Sunday,true,2
20260112,2026-01-12,2026,1,1,January,12,1,Monday,false,3
20260113,2026-01-13,2026,1,1,January,13,2,Tuesday,false,3
20260114,2026-01-14,2026,1,1,January,14,3,Wednesday,false,3
20260115,2026-01-15,2026,1,1,January,15,4,Thursday,false,3
20260116,2026-01-16,2026,1,1,January,16,5,Friday,false,3
20260117,2026-01-17,2026,1,1,January,17,6,Saturday,true,3
20260118,2026-01-18,2026,1,1,January,18,7,Sunday,true,3
20260119,2026-01-19,2026,1,1,January,19,1,Monday,false,4
20260120,2026-01-20,2026,1,1,January,20,2,Tuesday,false,4
20260121,2026-01-21,2026,1,1,January,21,3,Wednesday,false,4
20260122,2026-01-22,2026,1,1,January,22,4,Thursday,false,4
20260123,2026-01-23,2026,1,1,January,23,5,Friday,false,4
20260124,2026-01-24,2026,1,1,January,24,6,Saturday,true,4
20260125,2026-01-25,2026,1,1,January,25,7,Sunday,true,4
20260126,2026-01-26,2026,1,1,January,26,1,Monday,false,5
20260127,2026-01-27,2026,1,1,January,27,2,Tuesday,false,5
20260128,2026-01-28,2026,1,1,January,28,3,Wednesday,false,5
20260129,2026-01-29,2026,1,1,January,29,4,Thursday,false,5
20260130,2026-01-30,2026,1,1,January,30,5,Friday,false,5
20260131,2026-01-31,2026,1,1,January,31,6,Saturday,true,5
20260201,2026-02-01,2026,1,2,February,1,7,Sunday,true,5
20260202,2026-02-02,2026,1,2,February,2,1,Monday,false,6
20260203,2026-02-03,2026,1,2,February,3,2,Tuesday,false,6
20260204,2026-02-04,2026,1,2,February,4,3,Wednesday,false,6
20260205,2026-02-05,2026,1,2,February,5,4,Thursday,false,6
20260206,2026-02-06,2026,1,2,February,6,5,Friday,false,6
20260207,2026-02-07,2026,1,2,February,7,6,Saturday,true,6
20260208,2026-02-08,2026,1,2,February,8,7,Sunday,true,6
20260209,2026-02-09,2026,1,2,February,9,1,Monday,false,7
20260210,2026-02-10,2026,1,2,February,10,2,Tuesday,false,7
20260211,2026-02-11,2026,1,2,February,11,3,Wednesday,false,7
20260212,2026-02-12,2026,1,2,February,12,4,Thursday,false,7
20260213,2026-02-13,2026,1,2,February,13,5,Friday,false,7
20260214,2026-02-14,2026,1,2,February,14,6,Saturday,true,7
20260215,2026-02-15,2026,1,2,February,15,7,Sunday,true,7
20260216,2026-02-16,2026,1,2,February,16,1,Monday,false,8
20260217,2026-02-17,2026,1,2,February,17,2,Tuesday,false,8
20260218,2026-02-18,2026,1,2,February,18,3,Wednesday,false,8
20260219,2026-02-19,2026,1,2,February,19,4,Thursday,false,8
20260220,2026-02-20,2026,1,2,February,20,5,Friday,false,8
20260221,2026-02-21,2026,1,2,February,21,6,Saturday,true,8
20260222,2026-02-22,2026,1,2,February,22,7,Sunday,true,8
20260223,2026-02-23,2026,1,2,February,23,1,Monday,false,9
20260224,2026-02-24,2026,1,2,February,24,2,Tuesday,false,9
20260225,2026-02-25,2026,1,2,February,25,3,Wednesday,false,9
20260226,2026-02-26,2026,1,2,February,26,4,Thursday,false,9
20260227,2026-02-27,2026,1,2,February,27,5,Friday,false,9
20260228,2026-02-28,2026,1,2,February,28,6,Saturday,true,9
20260301,2026-03-01,2026,1,3,March,1,7,Sunday,true,9
20260302,2026-03-02,2026,1,3,March,2,1,Monday,false,10
20260303,2026-03-03,2026,1,3,March,3,2,Tuesday,false,10
20260304,2026-03-04,2026,1,3,March,4,3,Wednesday,false,10
20260305,2026-03-05,2026,1,3,March,5,4,Thursday,false,10
20260306,2026-03-06,2026,1,3,March,6,5,Friday,false,10
20260307,2026-03-07,2026,1,3,March,7,6,Saturday,true,10
20260308,2026-03-08,2026,1,3,March,8,7,Sunday,true,10
20260309,2026-03-09,2026,1,3,March,9,1,Monday,false,11
20260310,2026-03-10,2026,1,3,March,10,2,Tuesday,false,11
20260311,2026-03-11,2026,1,3,March,11,3,Wednesday,false,11
20260312,2026-03-12,2026,1,3,March,12,4,Thursday,false,11
20260313,2026-03-13,2026,1,3,March,13,5,Friday,false,11
20260314,2026-03-14,2026,1,3,March,14,6,Saturday,true,11
20260315,2026-03-15,2026,1,3,March,15,7,Sunday,true,11
20260316,2026-03-16,2026,1,3,March,16,1,Monday,false,12
20260317,2026-03-17,2026,1,3,March,17,2,Tuesday,false,12
20260318,2026-03-18,2026,1,3,March,18,3,Wednesday,false,12
20260319,2026-03-19,2026,1,3,March,19,4,Thursday,false,12
20260320,2026-03-20,2026,1,3,March,20,5,Friday,false,12
20260321,2026-03-21,2026,1,3,March,21,6,Saturday,true,12
20260322,2026-03-22,2026,1,3,March,22,7,Sunday,true,12
20260323,2026-03-23,2026,1,3,March,23,1,Monday,false,13
20260324,2026-03-24,2026,1,3,March,24,2,Tuesday,false,13
20260325,2026-03-25,2026,1,3,March,25,3,Wednesday,false,13
20260326,2026-03-26,2026,1,3,March,26,4,Thursday,false,13
20260327,2026-03-27,2026,1,3,March,27,5,Friday,false,13
20260328,2026-03-28,2026,1,3,March,28,6,Saturday,true,13
20260329,2026-03-29,2026,1,3,March,29,7,Sunday,true,13
20260330,2026-03-30,2026,1,3,March,30,1,Monday,false,14
20260331,2026-03-31,2026,1,3,March,31,2,Tuesday,false,14
20260401,2026-04-01,2026,2,4,April,1,3,Wednesday,false,14
20260402,2026-04-02,2026,2,4,April,2,4,Thursday,false,14
20260403,2026-04-03,2026,2,4,April,3,5,Friday,false,14
20260404,2026-04-04,2026,2,4,April,4,6,Saturday,true,14
20260405,2026-04-05,2026,2,4,April,5,7,Sunday,true,14
20260406,2026-04-06,2026,2,4,April,6,1,Monday,false,15
20260407,2026-04-07,2026,2,4,April,7,2,Tuesday,false,15
20260408,2026-04-08,2026,2,4,April,8,3,Wednesday,false,15
20260409,2026-04-09,2026,2,4,April,9,4,Thursday,false,15
20260410,2026-04-10,2026,2,4,April,10,5,Friday,false,15
20260411,2026-04-11,2026,2,4,April,11,6,Saturday,true,15
20260412,2026-04-12,2026,2,4,April,12,7,Sunday,true,15
20260413,2026-04-13,2026,2,4,April,13,1,Monday,false,16
20260414,2026-04-14,2026,2,4,April,14,2,Tuesday,false,16
20260415,2026-04-15,2026,2,4,April,15,3,Wednesday,false,16
20260416,2026-04-16,2026,2,4,April,16,4,Thursday,false,16
20260417,2026-04-17,2026,2,4,April,17,5,Friday,false,16
20260418,2026-04-18,2026,2,4,April,18,6,Saturday,true,16
20260419,2026-04-19,2026,2,4,April,19,7,Sunday,true,16
20260420,2026-04-20,2026,2,4,April,20,1,Monday,false,17
20260421,2026-04-21,2026,2,4,April,21,2,Tuesday,false,17
20260422,2026-04-22,2026,2,4,April,22,3,Wednesday,false,17
20260423,2026-04-23,2026,2,4,April,23,4,Thursday,false,17
20260424,2026-04-24,2026,2,4,April,24,5,Friday,false,17
20260425,2026-04-25,2026,2,4,April,25,6,Saturday,true,17
20260426,2026-04-26,2026,2,4,April,26,7,Sunday,true,17
20260427,2026-04-27,2026,2,4,April,27,1,Monday,false,18
20260428,2026-04-28,2026,2,4,April,28,2,Tuesday,false,18
20260429,2026-04-29,2026,2,4,April,29,3,Wednesday,false,18
20260430,2026-04-30,2026,2,4,April,30,4,Thursday,false,18
20260501,2026-05-01,2026,2,5,May,1,5,Friday,false,18
20260502,2026-05-02,2026,2,5,May,2,6,Saturday,true,18
20260503,2026-05-03,2026,2,5,May,3,7,Sunday,true,18
20260504,2026-05-04,2026,2,5,May,4,1,Monday,false,19
20260505,2026-05-05,2026,2,5,May,5,2,Tuesday,false,19
20260506,2026-05-06,2026,2,5,May,6,3,Wednesday,false,19
20260507,2026-05-07,2026,2,5,May,7,4,Thursday,false,19
20260508,2026-05-08,2026,2,5,May,8,5,Friday,false,19
20260509,2026-05-09,2026,2,5,May,9,6,Saturday,true,19
20260510,2026-05-10,2026,2,5,May,10,7,Sunday,true,19
20260511,2026-05-11,2026,2,5,May,11,1,Monday,false,20
20260512,2026-05-12,2026,2,5,May,12,2,Tuesday,false,20
20260513,2026-05-13,2026,2,5,May,13,3,Wednesday,false,20
20260514,2026-05-14,2026,2,5,May,14,4,Thursday,false,20
20260515,2026-05-15,2026,2,5,May,15,5,Friday,false,20
20260516,2026-05-16,2026,2,5,May,16,6,Saturday,true,20
20260517,2026-05-17,2026,2,5,May,17,7,Sunday,true,20
20260518,2026-05-18,2026,2,5,May,18,1,Monday,false,21
20260519,2026-05-19,2026,2,5,May,19,2,Tuesday,false,21
20260520,2026-05-20,2026,2,5,May,20,3,Wednesday,false,21
20260521,2026-05-21,2026,2,5,May,21,4,Thursday,false,21
20260522,2026-05-22,2026,2,5,May,22,5,Friday,false,21
20260523,2026-05-23,2026,2,5,May,23,6,Saturday,true,21
20260524,2026-05-24,2026,2,5,May,24,7,Sunday,true,21
20260525,2026-05-25,2026,2,5,May,25,1,Monday,false,22
20260526,2026-05-26,2026,2,5,May,26,2,Tuesday,false,22
20260527,2026-05-27,2026,2,5,May,27,3,Wednesday,false,22
20260528,2026-05-28,2026,2,5,May,28,4,Thursday,false,22
20260529,2026-05-29,2026,2,5,May,29,5,Friday,false,22
20260530,2026-05-30,2026,2,5,May,30,6,Saturday,true,22
20260531,2026-05-31,2026,2,5,May,31,7,Sunday,true,22
20260601,2026-06-01,2026,2,6,June,1,1,Monday,false,23
20260602,2026-06-02,2026,2,6,June,2,2,Tuesday,false,23
20260603,2026-06-03,2026,2,6,June,3,3,Wednesday,false,23
20260604,2026-06-04,2026,2,6,June,4,4,Thursday,false,23
20260605,2026-06-05,2026,2,6,June,5,5,Friday,false,23
20260606,2026-06-06,2026,2,6,June,6,6,Saturday,true,23
20260607,2026-06-07,2026,2,6,June,7,7,Sunday,true,23
20260608,2026-06-08,2026,2,6,June,8,1,Monday,false,24
20260609,2026-06-09,2026,2,6,June,9,2,Tuesday,false,24
20260610,2026-06-10,2026,2,6,June,10,3,Wednesday,false,24
20260611,2026-06-11,2026,2,6,June,11,4,Thursday,false,24
20260612,2026-06-12,2026,2,6,June,12,5,Friday,false,24
20260613,2026-06-13,2026,2,6,June,13,6,Saturday,true,24
20260614,2026-06-14,2026,2,6,June,14,7,Sunday,true,24
20260615,2026-06-15,2026,2,6,June,15,1,Monday,false,25
20260616,2026-06-16,2026,2,6,June,16,2,Tuesday,false,25
20260617,2026-06-17,2026,2,6,June,17,3,Wednesday,false,25
20260618,2026-06-18,2026,2,6,June,18,4,Thursday,false,25
20260619,2026-06-19,2026,2,6,June,19,5,Friday,false,25
20260620,2026-06-20,2026,2,6,June,20,6,Saturday,true,25
20260621,2026-06-21,2026,2,6,June,21,7,Sunday,true,25
20260622,2026-06-22,2026,2,6,June,22,1,Monday,false,26
20260623,2026-06-23,2026,2,6,June,23,2,Tuesday,false,26
20260624,2026-06-24,2026,2,6,June,24,3,Wednesday,false,26
20260625,2026-06-25,2026,2,6,June,25,4,Thursday,false,26
20260626,2026-06-26,2026,2,6,June,26,5,Friday,false,26
20260627,2026-06-27,2026,2,6,June,27,6,Saturday,true,26
20260628,2026-06-28,2026,2,6,June,28,7,Sunday,true,26
20260629,2026-06-29,2026,2,6,June,29,1,Monday,false,27
20260630,2026-06-30,2026,2,6,June,30,2,Tuesday,false,27
20260701,2026-07-01,2026,3,7,July,1,3,Wednesday,false,27
20260702,2026-07-02,2026,3,7,July,2,4,Thursday,false,27
20260703,2026-07-03,2026,3,7,July,3,5,Friday,false,27
20260704,2026-07-04,2026,3,7,July,4,6,Saturday,true,27
20260705,2026-07-05,2026,3,7,July,5,7,Sunday,true,27
20260706,2026-07-06,2026,3,7,July,6,1,Monday,false,28
20260707,2026-07-07,2026,3,7,July,7,2,Tuesday,false,28
20260708,2026-07-08,2026,3,7,July,8,3,Wednesday,false,28
20260709,2026-07-09,2026,3,7,July,9,4,Thursday,false,28
20260710,2026-07-10,2026,3,7,July,10,5,Friday,false,28
20260711,2026-07-11,2026,3,7,July,11,6,Saturday,true,28
20260712,2026-07-12,2026,3,7,July,12,7,Sunday,true,28
20260713,2026-07-13,2026,3,7,July,13,1,Monday,false,29
20260714,2026-07-14,2026,3,7,July,14,2,Tuesday,false,29
20260715,2026-07-15,2026,3,7,July,15,3,Wednesday,false,29
20260716,2026-07-16,2026,3,7,July,16,4,Thursday,false,29
20260717,2026-07-17,2026,3,7,July,17,5,Friday,false,29
20260718,2026-07-18,2026,3,7,July,18,6,Saturday,true,29
20260719,2026-07-19,2026,3,7,July,19,7,Sunday,true,29
20260720,2026-07-20,2026,3,7,July,20,1,Monday,false,30
20260721,2026-07-21,2026,3,7,July,21,2,Tuesday,false,30
20260722,2026-07-22,2026,3,7,July,22,3,Wednesday,false,30
20260723,2026-07-23,2026,3,7,July,23,4,Thursday,false,30
20260724,2026-07-24,2026,3,7,July,24,5,Friday,false,30
20260725,2026-07-25,2026,3,7,July,25,6,Saturday,true,30
20260726,2026-07-26,2026,3,7,July,26,7,Sunday,true,30
20260727,2026-07-27,2026,3,7,July,27,1,Monday,false,31
20260728,2026-07-28,2026,3,7,July,28,2,Tuesday,false,31
20260729,2026-07-29,2026,3,7,July,29,3,Wednesday,false,31
20260730,2026-07-30,2026,3,7,July,30,4,Thursday,false,31
20260731,2026-07-31,2026,3,7,July,31,5,Friday,false,31
20260801,2026-08-01,2026,3,8,August,1,6,Saturday,true,31
20260802,2026-08-02,2026,3,8,August,2,7,Sunday,true,31
20260803,2026-08-03,2026,3,8,August,3,1,Monday,false,32
20260804,2026-08-04,2026,3,8,August,4,2,Tuesday,false,32
20260805,2026-08-05,2026,3,8,August,5,3,Wednesday,false,32
20260806,2026-08-06,2026,3,8,August,6,4,Thursday,false,32
20260807,2026-08-07,2026,3,8,August,7,5,Friday,false,32
20260808,2026-08-08,2026,3,8,August,8,6,Saturday,true,32
20260809,2026-08-09,2026,3,8,August,9,7,Sunday,true,32
20260810,2026-08-10,2026,3,8,August,10,1,Monday,false,33
20260811,2026-08-11,2026,3,8,August,11,2,Tuesday,false,33
20260812,2026-08-12,2026,3,8,August,12,3,Wednesday,false,33
20260813,2026-08-13,2026,3,8,August,13,4,Thursday,false,33
20260814,2026-08-14,2026,3,8,August,14,5,Friday,false,33
20260815,2026-08-15,2026,3,8,August,15,6,Saturday,true,33
20260816,2026-08-16,2026,3,8,August,16,7,Sunday,true,33
20260817,2026-08-17,2026,3,8,August,17,1,Monday,false,34
20260818,2026-08-18,2026,3,8,August,18,2,Tuesday,false,34
20260819,2026-08-19,2026,3,8,August,19,3,Wednesday,false,34
20260820,2026-08-20,2026,3,8,August,20,4,Thursday,false,34
20260821,2026-08-21,2026,3,8,August,21,5,Friday,false,34
20260822,2026-08-22,2026,3,8,August,22,6,Saturday,true,34
20260823,2026-08-23,2026,3,8,August,23,7,Sunday,true,34
20260824,2026-08-24,2026,3,8,August,24,1,Monday,false,35
20260825,2026-08-25,2026,3,8,August,25,2,Tuesday,false,35
20260826,2026-08-26,2026,3,8,August,26,3,Wednesday,false,35
20260827,2026-08-27,2026,3,8,August,27,4,Thursday,false,35
20260828,2026-08-28,2026,3,8,August,28,5,Friday,false,35
20260829,2026-08-29,2026,3,8,August,29,6,Saturday,true,35
20260830,2026-08-30,2026,3,8,August,30,7,Sunday,true,35
20260831,2026-08-31,2026,3,8,August,31,1,Monday,false,36
20260901,2026-09-01,2026,3,9,September,1,2,Tuesday,false,36
20260902,2026-09-02,2026,3,9,September,2,3,Wednesday,false,36
20260903,2026-09-03,2026,3,9,September,3,4,Thursday,false,36
20260904,2026-09-04,2026,3,9,September,4,5,Friday,false,36
20260905,2026-09-05,2026,3,9,September,5,6,Saturday,true,36
20260906,2026-09-06,2026,3,9,September,6,7,Sunday,true,36
20260907,2026-09-07,2026,3,9,September,7,1,Monday,false,37
20260908,2026-09-08,2026,3,9,September,8,2,Tuesday,false,37
20260909,2026-09-09,2026,3,9,September,9,3,Wednesday,false,37
20260910,2026-09-10,2026,3,9,September,10,4,Thursday,false,37
20260911,2026-09-11,2026,3,9,September,11,5,Friday,false,37
20260912,2026-09-12,2026,3,9,September,12,6,Saturday,true,37
20260913,2026-09-13,2026,3,9,September,13,7,Sunday,true,37
20260914,2026-09-14,2026,3,9,September,14,1,Monday,false,38
20260915,2026-09-15,2026,3,9,September,15,2,Tuesday,false,38
20260916,2026-09-16,2026,3,9,September,16,3,Wednesday,false,38
20260917,2026-09-17,2026,3,9,September,17,4,Thursday,false,38
20260918,2026-09-18,2026,3,9,September,18,5,Friday,false,38
20260919,2026-09-19,2026,3,9,September,19,6,Saturday,true,38
20260920,2026-09-20,2026,3,9,September,20,7,Sunday,true,38
20260921,2026-09-21,2026,3,9,September,21,1,Monday,false,39
20260922,2026-09-22,2026,3,9,September,22,2,Tuesday,false,39
20260923,2026-09-23,2026,3,9,September,23,3,Wednesday,false,39
20260924,2026-09-24,2026,3,9,September,24,4,Thursday,false,39
20260925,2026-09-25,2026,3,9,September,25,5,Friday,false,39
20260926,2026-09-26,2026,3,9,September,26,6,Saturday,true,39
20260927,2026-09-27,2026,3,9,September,27,7,Sunday,true,39
20260928,2026-09-28,2026,3,9,September,28,1,Monday,false,40
20260929,2026-09-29,2026,3,9,September,29,2,Tuesday,false,40
20260930,2026-09-30,2026,3,9,September,30,3,Wednesday,false,40
20261001,2026-10-01,2026,4,10,October,1,4,Thursday,false,40
20261002,2026-10-02,2026,4,10,October,2,5,Friday,false,40
20261003,2026-10-03,2026,4,10,October,3,6,Saturday,true,40
20261004,2026-10-04,2026,4,10,October,4,7,Sunday,true,40
20261005,2026-10-05,2026,4,10,October,5,1,Monday,false,41
20261006,2026-10-06,2026,4,10,October,6,2,Tuesday,false,41
20261007,2026-10-07,2026,4,10,October,7,3,Wednesday,false,41
20261008,2026-10-08,2026,4,10,October,8,4,Thursday,false,41
20261009,2026-10-09,2026,4,10,October,9,5,Friday,false,41
20261010,2026-10-10,2026,4,10,October,10,6,Saturday,true,41
20261011,2026-10-11,2026,4,10,October,11,7,Sunday,true,41
20261012,2026-10-12,2026,4,10,October,12,1,Monday,false,42
20261013,2026-10-13,2026,4,10,October,13,2,Tuesday,false,42
20261014,2026-10-14,2026,4,10,October,14,3,Wednesday,false,42
20261015,2026-10-15,2026,4,10,October,15,4,Thursday,false,42
20261016,2026-10-16,2026,4,10,October,16,5,Friday,false,42
20261017,2026-10-17,2026,4,10,October,17,6,Saturday,true,42
20261018,2026-10-18,2026,4,10,October,18,7,Sunday,true,42
20261019,2026-10-19,2026,4,10,October,19,1,Monday,false,43
20261020,2026-10-20,2026,4,10,October,20,2,Tuesday,false,43
20261021,2026-10-21,2026,4,10,October,21,3,Wednesday,false,43
20261022,2026-10-22,2026,4,10,October,22,4,Thursday,false,43
20261023,2026-10-23,2026,4,10,October,23,5,Friday,false,43
20261024,2026-10-24,2026,4,10,October,24,6,Saturday,true,43
20261025,2026-10-25,2026,4,10,October,25,7,Sunday,true,43
20261026,2026-10-26,2026,4,10,October,26,1,Monday,false,44
20261027,2026-10-27,2026,4,10,October,27,2,Tuesday,false,44
20261028,2026-10-28,2026,4,10,October,28,3,Wednesday,false,44
20261029,2026-10-29,2026,4,10,October,29,4,Thursday,false,44
20261030,2026-10-30,2026,4,10,October,30,5,Friday,false,44
20261031,2026-10-31,2026,4,10,October,31,6,Saturday,true,44
20261101,2026-11-01,2026,4,11,November,1,7,Sunday,true,44
20261102,2026-11-02,2026,4,11,November,2,1,Monday,false,45
20261103,2026-11-03,2026,4,11,November,3,2,Tuesday,false,45
20261104,2026-11-04,2026,4,11,November,4,3,Wednesday,false,45
20261105,2026-11-05,2026,4,11,November,5,4,Thursday,false,45
20261106,2026-11-06,2026,4,11,November,6,5,Friday,false,45
20261107,2026-11-07,2026,4,11,November,7,6,Saturday,true,45
20261108,2026-11-08,2026,4,11,November,8,7,Sunday,true,45
20261109,2026-11-09,2026,4,11,November,9,1,Monday,false,46
20261110,2026-11-10,2026,4,11,November,10,2,Tuesday,false,46
20261111,2026-11-11,2026,4,11,November,11,3,Wednesday,false,46
20261112,2026-11-12,2026,4,11,November,12,4,Thursday,false,46
20261113,2026-11-13,2026,4,11,November,13,5,Friday,false,46
20261114,2026-11-14,2026,4,11,November,14,6,Saturday,true,46
20261115,2026-11-15,2026,4,11,November,15,7,Sunday,true,46
20261116,2026-11-16,2026,4,11,November,16,1,Monday,false,47
20261117,2026-11-17,2026,4,11,November,17,2,Tuesday,false,47
20261118,2026-11-18,2026,4,11,November,18,3,Wednesday,false,47
20261119,2026-11-19,2026,4,11,November,19,4,Thursday,false,47
20261120,2026-11-20,2026,4,11,November,20,5,Friday,false,47
20261121,2026-11-21,2026,4,11,November,21,6,Saturday,true,47
20261122,2026-11-22,2026,4,11,November,22,7,Sunday,true,47
20261123,2026-11-23,2026,4,11,November,23,1,Monday,false,48
20261124,2026-11-24,2026,4,11,November,24,2,Tuesday,false,48
20261125,2026-11-25,2026,4,11,November,25,3,Wednesday,false,48
20261126,2026-11-26,2026,4,11,November,26,4,Thursday,false,48
20261127,2026-11-27,2026,4,11,November,27,5,Friday,false,48
20261128,2026-11-28,2026,4,11,November,28,6,Saturday,true,48
20261129,2026-11-29,2026,4,11,November,29,7,Sunday,true,48
20261130,2026-11-30,2026,4,11,November,30,1,Monday,false,49
20261201,2026-12-01,2026,4,12,December,1,2,Tuesday,false,49
20261202,2026-12-02,2026,4,12,December,2,3,Wednesday,false,49
20261203,2026-12-03,2026,4,12,December,3,4,Thursday,false,49
20261204,2026-12-04,2026,4,12,December,4,5,Friday,false,49
20261205,2026-12-05,2026,4,12,December,5,6,Saturday,true,49
20261206,2026-12-06,2026,4,12,December,6,7,Sunday,true,49
20261207,2026-12-07,2026,4,12,December,7,1,Monday,false,50
20261208,2026-12-08,2026,4,12,December,8,2,Tuesday,false,50
20261209,2026-12-09,2026,4,12,December,9,3,Wednesday,false,50
20261210,2026-12-10,2026,4,12,December,10,4,Thursday,false,50
20261211,2026-12-11,2026,4,12,December,11,5,Friday,false,50
20261212,2026-12-12,2026,4,12,December,12,6,Saturday,true,50
20261213,2026-12-13,2026,4,12,December,13,7,Sunday,true,50
20261214,2026-12-14,2026,4,12,December,14,1,Monday,false,51
20261215,2026-12-15,2026,4,12,December,15,2,Tuesday,false,51
20261216,2026-12-16,2026,4,12,December,16,3,Wednesday,false,51
20261217,2026-12-17,2026,4,12,December,17,4,Thursday,false,51
20261218,2026-12-18,2026,4,12,December,18,5,Friday,false,51
20261219,2026-12-19,2026,4,12,December,19,6,Saturday,true,51
20261220,2026-12-20,2026,4,12,December,20,7,Sunday,true,51
20261221,2026-12-21,2026,4,12,December,21,1,Monday,false,52
20261222,2026-12-22,2026,4,12,December,22,2,Tuesday,false,52
20261223,2026-12-23,2026,4,12,December,23,3,Wednesday,false,52
20261224,2026-12-24,2026,4,12,December,24,4,Thursday,false,52
20261225,2026-12-25,2026,4,12,December,25,5,Friday,false,52
20261226,2026-12-26,2026,4,12,December,26,6,Saturday,true,52
20261227,2026-12-27,2026,4,12,December,27,7,Sunday,true,52
20261228,2026-12-28,2026,4,12,December,28,1,Monday,false,53
20261229,2026-12-29,2026,4,12,December,29,2,Tuesday,false,53
20261230,2026-12-30,2026,4,12,December,30,3,Wednesday,false,53
20261231,2026-12-31,2026,4,12,December,31,4,Thursday,false,53
20270101,2027-01-01,2027,1,1,January,1,5,Friday,false,53
20270102,2027-01-02,2027,1,1,January,2,6,Saturday,true,53
20270103,2027-01-03,2027,1,1,January,3,7,Sunday,true,53
20270104,2027-01-04,2027,1,1,January,4,1,Monday,false,1
20270105,2027-01-05,2027,1,1,January,5,2,Tuesday,false,1
20270106,2027-01-06,2027,1,1,January,6,3,Wednesday,false,1
20270107,2027-01-07,2027,1,1,January,7,4,Thursday,false,1
20270108,2027-01-08,2027,1,1,January,8,5,Friday,false,1
20270109,2027-01-09,2027,1,1,January,9,6,Saturday,true,1
20270110,2027-01-10,2027,1,1,January,10,7,Sunday,true,1
20270111,2027-01-11,2027,1,1,January,11,1,Monday,false,2
20270112,2027-01-12,2027,1,1,January,12,2,Tuesday,false,2
20270113,2027-01-13,2027,1,1,January,13,3,Wednesday,false,2
20270114,2027-01-14,2027,1,1,January,14,4,Thursday,false,2
20270115,2027-01-15,2027,1,1,January,15,5,Friday,false,2
20270116,2027-01-16,2027,1,1,January,16,6,Saturday,true,2
20270117,2027-01-17,2027,1,1,January,17,7,Sunday,true,2
20270118,2027-01-18,2027,1,1,January,18,1,Monday,false,3
20270119,2027-01-19,2027,1,1,January,19,2,Tuesday,false,3
20270120,2027-01-20,2027,1,1,January,20,3,Wednesday,false,3
20270121,2027-01-21,2027,1,1,January,21,4,Thursday,false,3
20270122,2027-01-22,2027,1,1,January,22,5,Friday,false,3
20270123,2027-01-23,2027,1,1,January,23,6,Saturday,true,3
20270124,2027-01-24,2027,1,1,January,24,7,Sunday,true,3
20270125,2027-01-25,2027,1,1,January,25,1,Monday,false,4
20270126,2027-01-26,2027,1,1,January,26,2,Tuesday,false,4
20270127,2027-01-27,2027,1,1,January,27,3,Wednesday,false,4
20270128,2027-01-28,2027,1,1,January,28,4,Thursday,false,4
20270129,2027-01-29,2027,1,1,January,29,5,Friday,false,4
20270130,2027-01-30,2027,1,1,January,30,6,Saturday,true,4
20270131,2027-01-31,2027,1,1,January,31,7,Sunday,true,4
20270201,2027-02-01,2027,1,2,February,1,1,Monday,false,5
20270202,2027-02-02,2027,1,2,February,2,2,Tuesday,false,5
20270203,2027-02-03,2027,1,2,February,3,3,Wednesday,false,5
20270204,2027-02-04,2027,1,2,February,4,4,Thursday,false,5
20270205,2027-02-05,2027,1,2,February,5,5,Friday,false,5
20270206,2027-02-06,2027,1,2,February,6,6,Saturday,true,5
20270207,2027-02-07,2027,1,2,February,7,7,Sunday,true,5
20270208,2027-02-08,2027,1,2,February,8,1,Monday,false,6
20270209,2027-02-09,2027,1,2,February,9,2,Tuesday,false,6
20270210,2027-02-10,2027,1,2,February,10,3,Wednesday,false,6
20270211,2027-02-11,2027,1,2,February,11,4,Thursday,false,6
20270212,2027-02-12,2027,1,2,February,12,5,Friday,false,6
20270213,2027-02-13,2027,1,2,February,13,6,Saturday,true,6
20270214,2027-02-14,2027,1,2,February,14,7,Sunday,true,6
20270215,2027-02-15,2027,1,2,February,15,1,Monday,false,7
20270216,2027-02-16,2027,1,2,February,16,2,Tuesday,false,7
20270217,2027-02-17,2027,1,2,February,17,3,Wednesday,false,7
20270218,2027-02-18,2027,1,2,February,18,4,Thursday,false,7
20270219,2027-02-19,2027,1,2,February,19,5,Friday,false,7
20270220,2027-02-20,2027,1,2,February,20,6,Saturday,true,7
20270221,2027-02-21,2027,1,2,February,21,7,Sunday,true,7
20270222,2027-02-22,2027,1,2,February,22,1,Monday,false,8
20270223,2027-02-23,2027,1,2,February,23,2,Tuesday,false,8
20270224,2027-02-24,2027,1,2,February,24,3,Wednesday,false,8
20270225,2027-02-25,2027,1,2,February,25,4,Thursday,false,8
20270226,2027-02-26,2027,1,2,February,26,5,Friday,false,8
20270227,2027-02-27,2027,1,2,February,27,6,Saturday,true,8
20270228,2027-02-28,2027,1,2,February,28,7,Sunday,true,8
20270301,2027-03-01,2027,1,3,March,1,1,Monday,false,9
20270302,2027-03-02,2027,1,3,March,2,2,Tuesday,false,9
20270303,2027-03-03,2027,1,3,March,3,3,Wednesday,false,9
20270304,2027-03-04,2027,1,3,March,4,4,Thursday,false,9
20270305,2027-03-05,2027,1,3,March,5,5,Friday,false,9
20270306,2027-03-06,2027,1,3,March,6,6,Saturday,true,9
20270307,2027-03-07,2027,1,3,March,7,7,Sunday,true,9
20270308,2027-03-08,2027,1,3,March,8,1,Monday,false,10
20270309,2027-03-09,2027,1,3,March,9,2,Tuesday,false,10
20270310,2027-03-10,2027,1,3,March,10,3,Wednesday,false,10
20270311,2027-03-11,2027,1,3,March,11,4,Thursday,false,10
20270312,2027-03-12,2027,1,3,March,12,5,Friday,false,10
20270313,2027-03-13,2027,1,3,March,13,6,Saturday,true,10
20270314,2027-03-14,2027,1,3,March,14,7,Sunday,true,10
20270315,2027-03-15,2027,1,3,March,15,1,Monday,false,11
20270316,2027-03-16,2027,1,3,March,16,2,Tuesday,false,11
20270317,2027-03-17,2027,1,3,March,17,3,Wednesday,false,11
20270318,2027-03-18,2027,1,3,March,18,4,Thursday,false,11
20270319,2027-03-19,2027,1,3,March,19,5,Friday,false,11
20270320,2027-03-20,2027,1,3,March,20,6,Saturday,true,11
20270321,2027-03-21,2027,1,3,March,21,7,Sunday,true,11
20270322,2027-03-22,2027,1,3,March,22,1,Monday,false,12
20270323,2027-03-23,2027,1,3,March,23,2,Tuesday,false,12
20270324,2027-03-24,2027,1,3,March,24,3,Wednesday,false,12
20270325,2027-03-25,2027,1,3,March,25,4,Thursday,false,12
20270326,2027-03-26,2027,1,3,March,26,5,Friday,false,12
20270327,2027-03-27,2027,1,3,March,27,6,Saturday,true,12
20270328,2027-03-28,2027,1,3,March,28,7,Sunday,true,12
20270329,2027-03-29,2027,1,3,March,29,1,Monday,false,13
20270330,2027-03-30,2027,1,3,March,30,2,Tuesday,false,13
20270331,2027-03-31,2027,1,3,March,31,3,Wednesday,false,13
20270401,2027-04-01,2027,2,4,April,1,4,Thursday,false,13
20270402,2027-04-02,2027,2,4,April,2,5,Friday,false,13
20270403,2027-04-03,2027,2,4,April,3,6,Saturday,true,13
20270404,2027-04-04,2027,2,4,April,4,7,Sunday,true,13
20270405,2027-04-05,2027,2,4,April,5,1,Monday,false,14
20270406,2027-04-06,2027,2,4,April,6,2,Tuesday,false,14
20270407,2027-04-07,2027,2,4,April,7,3,Wednesday,false,14
20270408,2027-04-08,2027,2,4,April,8,4,Thursday,false,14
20270409,2027-04-09,2027,2,4,April,9,5,Friday,false,14
20270410,2027-04-10,2027,2,4,April,10,6,Saturday,true,14
20270411,2027-04-11,2027,2,4,April,11,7,Sunday,true,14
20270412,2027-04-12,2027,2,4,April,12,1,Monday,false,15
20270413,2027-04-13,2027,2,4,April,13,2,Tuesday,false,15
20270414,2027-04-14,2027,2,4,April,14,3,Wednesday,false,15
20270415,2027-04-15,2027,2,4,April,15,4,Thursday,false,15
20270416,2027-04-16,2027,2,4,April,16,5,Friday,false,15
20270417,2027-04-17,2027,2,4,April,17,6,Saturday,true,15
20270418,2027-04-18,2027,2,4,April,18,7,Sunday,true,15
20270419,2027-04-19,2027,2,4,April,19,1,Monday,false,16
20270420,2027-04-20,2027,2,4,April,20,2,Tuesday,false,16
20270421,2027-04-21,2027,2,4,April,21,3,Wednesday,false,16
20270422,2027-04-22,2027,2,4,April,22,4,Thursday,false,16
20270423,2027-04-23,2027,2,4,April,23,5,Friday,false,16
20270424,2027-04-24,2027,2,4,April,24,6,Saturday,true,16
20270425,2027-04-25,2027,2,4,April,25,7,Sunday,true,16
20270426,2027-04-26,2027,2,4,April,26,1,Monday,false,17
20270427,2027-04-27,2027,2,4,April,27,2,Tuesday,false,17
20270428,2027-04-28,2027,2,4,April,28,3,Wednesday,false,17
20270429,2027-04-29,2027,2,4,April,29,4,Thursday,false,17
20270430,2027-04-30,2027,2,4,April,30,5,Friday,false,17
20270501,2027-05-01,2027,2,5,May,1,6,Saturday,true,17
20270502,2027-05-02,2027,2,5,May,2,7,Sunday,true,17
20270503,2027-05-03,2027,2,5,May,3,1,Monday,false,18
20270504,2027-05-04,2027,2,5,May,4,2,Tuesday,false,18
20270505,2027-05-05,2027,2,5,May,5,3,Wednesday,false,18
20270506,2027-05-06,2027,2,5,May,6,4,Thursday,false,18
20270507,2027-05-07,2027,2,5,May,7,5,Friday,false,18
20270508,2027-05-08,2027,2,5,May,8,6,Saturday,true,18
20270509,2027-05-09,2027,2,5,May,9,7,Sunday,true,18
20270510,2027-05-10,2027,2,5,May,10,1,Monday,false,19
20270511,2027-05-11,2027,2,5,May,11,2,Tuesday,false,19
20270512,2027-05-12,2027,2,5,May,12,3,Wednesday,false,19
20270513,2027-05-13,2027,2,5,May,13,4,Thursday,false,19
20270514,2027-05-14,2027,2,5,May,14,5,Friday,false,19
20270515,2027-05-15,2027,2,5,May,15,6,Saturday,true,19
20270516,2027-05-16,2027,2,5,May,16,7,Sunday,true,19
20270517,2027-05-17,2027,2,5,May,17,1,Monday,false,20
20270518,2027-05-18,2027,2,5,May,18,2,Tuesday,false,20
20270519,2027-05-19,2027,2,5,May,19,3,Wednesday,false,20
20270520,2027-05-20,2027,2,5,May,20,4,Thursday,false,20
20270521,2027-05-21,2027,2,5,May,21,5,Friday,false,20
20270522,2027-05-22,2027,2,5,May,22,6,Saturday,true,20
20270523,2027-05-23,2027,2,5,May,23,7,Sunday,true,20
20270524,2027-05-24,2027,2,5,May,24,1,Monday,false,21
20270525,2027-05-25,2027,2,5,May,25,2,Tuesday,false,21
20270526,2027-05-26,2027,2,5,May,26,3,Wednesday,false,21
20270527,2027-05-27,2027,2,5,May,27,4,Thursday,false,21
20270528,2027-05-28,2027,2,5,May,28,5,Friday,false,21
20270529,2027-05-29,2027,2,5,May,29,6,Saturday,true,21
20270530,2027-05-30,2027,2,5,May,30,7,Sunday,true,21
20270531,2027-05-31,2027,2,5,May,31,1,Monday,false,22
20270601,2027-06-01,2027,2,6,June,1,2,Tuesday,false,22
20270602,2027-06-02,2027,2,6,June,2,3,Wednesday,false,22
20270603,2027-06-03,2027,2,6,June,3,4,Thursday,false,22
20270604,2027-06-04,2027,2,6,June,4,5,Friday,false,22
20270605,2027-06-05,2027,2,6,June,5,6,Saturday,true,22
20270606,2027-06-06,2027,2,6,June,6,7,Sunday,true,22
20270607,2027-06-07,2027,2,6,June,7,1,Monday,false,23
20270608,2027-06-08,2027,2,6,June,8,2,Tuesday,false,23
20270609,2027-06-09,2027,2,6,June,9,3,Wednesday,false,23
20270610,2027-06-10,2027,2,6,June,10,4,Thursday,false,23
20270611,2027-06-11,2027,2,6,June,11,5,Friday,false,23
20270612,2027-06-12,2027,2,6,June,12,6,Saturday,true,23
20270613,2027-06-13,2027,2,6,June,13,7,Sunday,true,23
20270614,2027-06-14,2027,2,6,June,14,1,Monday,false,24
20270615,2027-06-15,2027,2,6,June,15,2,Tuesday,false,24
20270616,2027-06-16,2027,2,6,June,16,3,Wednesday,false,24
20270617,2027-06-17,2027,2,6,June,17,4,Thursday,false,24
20270618,2027-06-18,2027,2,6,June,18,5,Friday,false,24
20270619,2027-06-19,2027,2,6,June,19,6,Saturday,true,24
20270620,2027-06-20,2027,2,6,June,20,7,Sunday,true,24
20270621,2027-06-21,2027,2,6,June,21,1,Monday,false,25
20270622,2027-06-22,2027,2,6,June,22,2,Tuesday,false,25
20270623,2027-06-23,2027,2,6,June,23,3,Wednesday,false,25
20270624,2027-06-24,2027,2,6,June,24,4,Thursday,false,25
20270625,2027-06-25,2027,2,6,June,25,5,Friday,false,25
20270626,2027-06-26,2027,2,6,June,26,6,Saturday,true,25
20270627,2027-06-27,2027,2,6,June,27,7,Sunday,true,25
20270628,2027-06-28,2027,2,6,June,28,1,Monday,false,26
20270629,2027-06-29,2027,2,6,June,29,2,Tuesday,false,26
20270630,2027-06-30,2027,2,6,June,30,3,Wednesday,false,26
20270701,2027-07-01,2027,3,7,July,1,4,Thursday,false,26
20270702,2027-07-02,2027,3,7,July,2,5,Friday,false,26
20270703,2027-07-03,2027,3,7,July,3,6,Saturday,true,26
20270704,2027-07-04,2027,3,7,July,4,7,Sunday,true,26
20270705,2027-07-05,2027,3,7,July,5,1,Monday,false,27
20270706,2027-07-06,2027,3,7,July,6,2,Tuesday,false,27
20270707,2027-07-07,2027,3,7,July,7,3,Wednesday,false,27
20270708,2027-07-08,2027,3,7,July,8,4,Thursday,false,27
20270709,2027-07-09,2027,3,7,July,9,5,Friday,false,27
20270710,2027-07-10,2027,3,7,July,10,6,Saturday,true,27
20270711,2027-07-11,2027,3,7,July,11,7,Sunday,true,27
20270712,2027-07-12,2027,3,7,July,12,1,Monday,false,28
20270713,2027-07-13,2027,3,7,July,13,2,Tuesday,false,28
20270714,2027-07-14,2027,3,7,July,14,3,Wednesday,false,28
20270715,2027-07-15,2027,3,7,July,15,4,Thursday,false,28
20270716,2027-07-16,2027,3,7,July,16,5,Friday,false,28
20270717,2027-07-17,2027,3,7,July,17,6,Saturday,true,28
20270718,2027-07-18,2027,3,7,July,18,7,Sunday,true,28
20270719,2027-07-19,2027,3,7,July,19,1,Monday,false,29
20270720,2027-07-20,2027,3,7,July,20,2,Tuesday,false,29
20270721,2027-07-21,2027,3,7,July,21,3,Wednesday,false,29
20270722,2027-07-22,2027,3,7,July,22,4,Thursday,false,29
20270723,2027-07-23,2027,3,7,July,23,5,Friday,false,29
20270724,2027-07-24,2027,3,7,July,24,6,Saturday,true,29
20270725,2027-07-25,2027,3,7,July,25,7,Sunday,true,29
20270726,2027-07-26,2027,3,7,July,26,1,Monday,false,30
20270727,2027-07-27,2027,3,7,July,27,2,Tuesday,false,30
20270728,2027-07-28,2027,3,7,July,28,3,Wednesday,false,30
20270729,2027-07-29,2027,3,7,July,29,4,Thursday,false,30
20270730,2027-07-30,2027,3,7,July,30,5,Friday,false,30
20270731,2027-07-31,2027,3,7,July,31,6,Saturday,true,30
20270801,2027-08-01,2027,3,8,August,1,7,Sunday,true,30
20270802,2027-08-02,2027,3,8,August,2,1,Monday,false,31
20270803,2027-08-03,2027,3,8,August,3,2,Tuesday,false,31
20270804,2027-08-04,2027,3,8,August,4,3,Wednesday,false,31
20270805,2027-08-05,2027,3,8,August,5,4,Thursday,false,31
20270806,2027-08-06,2027,3,8,August,6,5,Friday,false,31
20270807,2027-08-07,2027,3,8,August,7,6,Saturday,true,31
20270808,2027-08-08,2027,3,8,August,8,7,Sunday,true,31
20270809,2027-08-09,2027,3,8,August,9,1,Monday,false,32
20270810,2027-08-10,2027,3,8,August,10,2,Tuesday,false,32
20270811,2027-08-11,2027,3,8,August,11,3,Wednesday,false,32
20270812,2027-08-12,2027,3,8,August,12,4,Thursday,false,32
20270813,2027-08-13,2027,3,8,August,13,5,Friday,false,32
20270814,2027-08-14,2027,3,8,August,14,6,Saturday,true,32
20270815,2027-08-15,2027,3,8,August,15,7,Sunday,true,32
20270816,2027-08-16,2027,3,8,August,16,1,Monday,false,33
20270817,2027-08-17,2027,3,8,August,17,2,Tuesday,false,33
20270818,2027-08-18,2027,3,8,August,18,3,Wednesday,false,33
20270819,2027-08-19,2027,3,8,August,19,4,Thursday,false,33
20270820,2027-08-20,2027,3,8,August,20,5,Friday,false,33
20270821,2027-08-21,2027,3,8,August,21,6,Saturday,true,33
20270822,2027-08-22,2027,3,8,August,22,7,Sunday,true,33
20270823,2027-08-23,2027,3,8,August,23,1,Monday,false,34
20270824,2027-08-24,2027,3,8,August,24,2,Tuesday,false,34
20270825,2027-08-25,2027,3,8,August,25,3,Wednesday,false,34
20270826,2027-08-26,2027,3,8,August,26,4,Thursday,false,34
20270827,2027-08-27,2027,3,8,August,27,5,Friday,false,34
20270828,2027-08-28,2027,3,8,August,28,6,Saturday,true,34
20270829,2027-08-29,2027,3,8,August,29,7,Sunday,true,34
20270830,2027-08-30,2027,3,8,August,30,1,Monday,false,35
20270831,2027-08-31,2027,3,8,August,31,2,Tuesday,false,35
20270901,2027-09-01,2027,3,9,September,1,3,Wednesday,false,35
20270902,2027-09-02,2027,3,9,September,2,4,Thursday,false,35
20270903,2027-09-03,2027,3,9,September,3,5,Friday,false,35
20270904,2027-09-04,2027,3,9,September,4,6,Saturday,true,35
20270905,2027-09-05,2027,3,9,September,5,7,Sunday,true,35
20270906,2027-09-06,2027,3,9,September,6,1,Monday,false,36
20270907,2027-09-07,2027,3,9,September,7,2,Tuesday,false,36
20270908,2027-09-08,2027,3,9,September,8,3,Wednesday,false,36
20270909,2027-09-09,2027,3,9,September,9,4,Thursday,false,36
20270910,2027-09-10,2027,3,9,September,10,5,Friday,false,36
20270911,2027-09-11,2027,3,9,September,11,6,Saturday,true,36
20270912,2027-09-12,2027,3,9,September,12,7,Sunday,true,36
20270913,2027-09-13,2027,3,9,September,13,1,Monday,false,37
20270914,2027-09-14,2027,3,9,September,14,2,Tuesday,false,37
20270915,2027-09-15,2027,3,9,September,15,3,Wednesday,false,37
20270916,2027-09-16,2027,3,9,September,16,4,Thursday,false,37
20270917,2027-09-17,2027,3,9,September,17,5,Friday,false,37
20270918,2027-09-18,2027,3,9,September,18,6,Saturday,true,37
20270919,2027-09-19,2027,3,9,September,19,7,Sunday,true,37
20270920,2027-09-20,2027,3,9,September,20,1,Monday,false,38
20270921,2027-09-21,2027,3,9,September,21,2,Tuesday,false,38
20270922,2027-09-22,2027,3,9,September,22,3,Wednesday,false,38
20270923,2027-09-23,2027,3,9,September,23,4,Thursday,false,38
20270924,2027-09-24,2027,3,9,September,24,5,Friday,false,38
20270925,2027-09-25,2027,3,9,September,25,6,Saturday,true,38
20270926,2027-09-26,2027,3,9,September,26,7,Sunday,true,38
20270927,2027-09-27,2027,3,9,September,27,1,Monday,false,39
20270928,2027-09-28,2027,3,9,September,28,2,Tuesday,false,39
20270929,2027-09-29,2027,3,9,September,29,3,Wednesday,false,39
20270930,2027-09-30,2027,3,9,September,30,4,Thursday,false,39
20271001,2027-10-01,2027,4,10,October,1,5,Friday,false,39
20271002,2027-10-02,2027,4,10,October,2,6,Saturday,true,39
20271003,2027-10-03,2027,4,10,October,3,7,Sunday,true,39
20271004,2027-10-04,2027,4,10,October,4,1,Monday,false,40
20271005,2027-10-05,2027,4,10,October,5,2,Tuesday,false,40
20271006,2027-10-06,2027,4,10,October,6,3,Wednesday,false,40
20271007,2027-10-07,2027,4,10,October,7,4,Thursday,false,40
20271008,2027-10-08,2027,4,10,October,8,5,Friday,false,40
20271009,2027-10-09,2027,4,10,October,9,6,Saturday,true,40
20271010,2027-10-10,2027,4,10,October,10,7,Sunday,true,40
20271011,2027-10-11,2027,4,10,October,11,1,Monday,false,41
20271012,2027-10-12,2027,4,10,October,12,2,Tuesday,false,41
20271013,2027-10-13,2027,4,10,October,13,3,Wednesday,false,41
20271014,2027-10-14,2027,4,10,October,14,4,Thursday,false,41
20271015,2027-10-15,2027,4,10,October,15,5,Friday,false,41
20271016,2027-10-16,2027,4,10,October,16,6,Saturday,true,41
20271017,2027-10-17,2027,4,10,October,17,7,Sunday,true,41
20271018,2027-10-18,2027,4,10,October,18,1,Monday,false,42
20271019,2027-10-19,2027,4,10,October,19,2,Tuesday,false,42
20271020,2027-10-20,2027,4,10,October,20,3,Wednesday,false,42
20271021,2027-10-21,2027,4,10,October,21,4,Thursday,false,42
20271022,2027-10-22,2027,4,10,October,22,5,Friday,false,42
20271023,2027-10-23,2027,4,10,October,23,6,Saturday,true,42
20271024,2027-10-24,2027,4,10,October,24,7,Sunday,true,42
20271025,2027-10-25,2027,4,10,October,25,1,Monday,false,43
20271026,2027-10-26,2027,4,10,October,26,2,Tuesday,false,43
20271027,2027-10-27,2027,4,10,October,27,3,Wednesday,false,43
20271028,2027-10-28,2027,4,10,October,28,4,Thursday,false,43
20271029,2027-10-29,2027,4,10,October,29,5,Friday,false,43
20271030,2027-10-30,2027,4,10,October,30,6,Saturday,true,43
20271031,2027-10-31,2027,4,10,October,31,7,Sunday,true,43
20271101,2027-11-01,2027,4,11,November,1,1,Monday,false,44
20271102,2027-11-02,2027,4,11,November,2,2,Tuesday,false,44
20271103,2027-11-03,2027,4,11,November,3,3,Wednesday,false,44
20271104,2027-11-04,2027,4,11,November,4,4,Thursday,false,44
20271105,2027-11-05,2027,4,11,November,5,5,Friday,false,44
20271106,2027-11-06,2027,4,11,November,6,6,Saturday,true,44
20271107,2027-11-07,2027,4,11,November,7,7,Sunday,true,44
20271108,2027-11-08,2027,4,11,November,8,1,Monday,false,45
20271109,2027-11-09,2027,4,11,November,9,2,Tuesday,false,45
20271110,2027-11-10,2027,4,11,November,10,3,Wednesday,false,45
20271111,2027-11-11,2027,4,11,November,11,4,Thursday,false,45
20271112,2027-11-12,2027,4,11,November,12,5,Friday,false,45
20271113,2027-11-13,2027,4,11,November,13,6,Saturday,true,45
20271114,2027-11-14,2027,4,11,November,14,7,Sunday,true,45
20271115,2027-11-15,2027,4,11,November,15,1,Monday,false,46
20271116,2027-11-16,2027,4,11,November,16,2,Tuesday,false,46
20271117,2027-11-17,2027,4,11,November,17,3,Wednesday,false,46
20271118,2027-11-18,2027,4,11,November,18,4,Thursday,false,46
20271119,2027-11-19,2027,4,11,November,19,5,Friday,false,46
20271120,2027-11-20,2027,4,11,November,20,6,Saturday,true,46
20271121,2027-11-21,2027,4,11,November,21,7,Sunday,true,46
20271122,2027-11-22,2027,4,11,November,22,1,Monday,false,47
20271123,2027-11-23,2027,4,11,November,23,2,Tuesday,false,47
20271124,2027-11-24,2027,4,11,November,24,3,Wednesday,false,47
20271125,2027-11-25,2027,4,11,November,25,4,Thursday,false,47
20271126,2027-11-26,2027,4,11,November,26,5,Friday,false,47
20271127,2027-11-27,2027,4,11,November,27,6,Saturday,true,47
20271128,2027-11-28,2027,4,11,November,28,7,Sunday,true,47
20271129,2027-11-29,2027,4,11,November,29,1,Monday,false,48
20271130,2027-11-30,2027,4,11,November,30,2,Tuesday,false,48
20271201,2027-12-01,2027,4,12,December,1,3,Wednesday,false,48
20271202,2027-12-02,2027,4,12,December,2,4,Thursday,false,48
20271203,2027-12-03,2027,4,12,December,3,5,Friday,false,48
20271204,2027-12-04,2027,4,12,December,4,6,Saturday,true,48
20271205,2027-12-05,2027,4,12,December,5,7,Sunday,true,48
20271206,2027-12-06,2027,4,12,December,6,1,Monday,false,49
20271207,2027-12-07,2027,4,12,December,7,2,Tuesday,false,49
20271208,2027-12-08,2027,4,12,December,8,3,Wednesday,false,49
20271209,2027-12-09,2027,4,12,December,9,4,Thursday,false,49
20271210,2027-12-10,2027,4,12,December,10,5,Friday,false,49
20271211,2027-12-11,2027,4,12,December,11,6,Saturday,true,49
20271212,2027-12-12,2027,4,12,December,12,7,Sunday,true,49
20271213,2027-12-13,2027,4,12,December,13,1,Monday,false,50
20271214,2027-12-14,2027,4,12,December,14,2,Tuesday,false,50
20271215,2027-12-15,2027,4,12,December,15,3,Wednesday,false,50
20271216,2027-12-16,2027,4,12,December,16,4,Thursday,false,50
20271217,2027-12-17,2027,4,12,December,17,5,Friday,false,50
20271218,2027-12-18,2027,4,12,December,18,6,Saturday,true,50
20271219,2027-12-19,2027,4,12,December,19,7,Sunday,true,50
20271220,2027-12-20,2027,4,12,December,20,1,Monday,false,51
20271221,2027-12-21,2027,4,12,December,21,2,Tuesday,false,51
20271222,2027-12-22,2027,4,12,December,22,3,Wednesday,false,51
20271223,2027-12-23,2027,4,12,December,23,4,Thursday,false,51
20271224,2027-12-24,2027,4,12,December,24,5,Friday,false,51
20271225,2027-12-25,2027,4,12,December,25,6,Saturday,true,51
20271226,2027-12-26,2027,4,12,December,26,7,Sunday,true,51
20271227,2027-12-27,2027,4,12,December,27,1,Monday,false,52
20271228,2027-12-28,2027,4,12,December,28,2,Tuesday,false,52
20271229,2027-12-29,2027,4,12,December,29,3,Wednesday,false,52
20271230,2027-12-30,2027,4,12,December,30,4,Thursday,false,52
20271231,2027-12-31,2027,4,12,December,31,5,Friday,false,52
20280101,2028-01-01,2028,1,1,January,1,6,Saturday,true,52
20280102,2028-01-02,2028,1,1,January,2,7,Sunday,true,52
20280103,2028-01-03,2028,1,1,January,3,1,Monday,false,1
20280104,2028-01-04,2028,1,1,January,4,2,Tuesday,false,1
20280105,2028-01-05,2028,1,1,January,5,3,Wednesday,false,1
20280106,2028-01-06,2028,1,1,January,6,4,Thursday,false,1
20280107,2028-01-07,2028,1,1,January,7,5,Friday,false,1
20280108,2028-01-08,2028,1,1,January,8,6,Saturday,true,1
20280109,2028-01-09,2028,1,1,January,9,7,Sunday,true,1
20280110,2028-01-10,2028,1,1,January,10,1,Monday,false,2
20280111,2028-01-11,2028,1,1,January,11,2,Tuesday,false,2
20280112,2028-01-12,2028,1,1,January,12,3,Wednesday,false,2
20280113,2028-01-13,2028,1,1,January,13,4,Thursday,false,2
20280114,2028-01-14,2028,1,1,January,14,5,Friday,false,2
20280115,2028-01-15,2028,1,1,January,15,6,Saturday,true,2
20280116,2028-01-16,2028,1,1,January,16,7,Sunday,true,2
20280117,2028-01-17,2028,1,1,January,17,1,Monday,false,3
20280118,2028-01-18,2028,1,1,January,18,2,Tuesday,false,3
20280119,2028-01-19,2028,1,1,January,19,3,Wednesday,false,3
20280120,2028-01-20,2028,1,1,January,20,4,Thursday,false,3
20280121,2028-01-21,2028,1,1,January,21,5,Friday,false,3
20280122,2028-01-22,2028,1,1,January,22,6,Saturday,true,3
20280123,2028-01-23,2028,1,1,January,23,7,Sunday,true,3
20280124,2028-01-24,2028,1,1,January,24,1,Monday,false,4
20280125,2028-01-25,2028,1,1,January,25,2,Tuesday,false,4
20280126,2028-01-26,2028,1,1,January,26,3,Wednesday,false,4
20280127,2028-01-27,2028,1,1,January,27,4,Thursday,false,4
20280128,2028-01-28,2028,1,1,January,28,5,Friday,false,4
20280129,2028-01-29,2028,1,1,January,29,6,Saturday,true,4
20280130,2028-01-30,2028,1,1,January,30,7,Sunday,true,4
20280131,2028-01-31,2028,1,1,January,31,1,Monday,false,5
20280201,2028-02-01,2028,1,2,February,1,2,Tuesday,false,5
20280202,2028-02-02,2028,1,2,February,2,3,Wednesday,false,5
20280203,2028-02-03,2028,1,2,February,3,4,Thursday,false,5
20280204,2028-02-04,2028,1,2,February,4,5,Friday,false,5
20280205,2028-02-05,2028,1,2,February,5,6,Saturday,true,5
20280206,2028-02-06,2028,1,2,February,6,7,Sunday,true,5
20280207,2028-02-07,2028,1,2,February,7,1,Monday,false,6
20280208,2028-02-08,2028,1,2,February,8,2,Tuesday,false,6
20280209,2028-02-09,2028,1,2,February,9,3,Wednesday,false,6
20280210,2028-02-10,2028,1,2,February,10,4,Thursday,false,6
20280211,2028-02-11,2028,1,2,February,11,5,Friday,false,6
20280212,2028-02-12,2028,1,2,February,12,6,Saturday,true,6
20280213,2028-02-13,2028,1,2,February,13,7,Sunday,true,6
20280214,2028-02-14,2028,1,2,February,14,1,Monday,false,7
20280215,2028-02-15,2028,1,2,February,15,2,Tuesday,false,7
20280216,2028-02-16,2028,1,2,February,16,3,Wednesday,false,7
20280217,2028-02-17,2028,1,2,February,17,4,Thursday,false,7
20280218,2028-02-18,2028,1,2,February,18,5,Friday,false,7
20280219,2028-02-19,2028,1,2,February,19,6,Saturday,true,7
20280220,2028-02-20,2028,1,2,February,20,7,Sunday,true,7
20280221,2028-02-21,2028,1,2,February,21,1,Monday,false,8
20280222,2028-02-22,2028,1,2,February,22,2,Tuesday,false,8
20280223,2028-02-23,2028,1,2,February,23,3,Wednesday,false,8
20280224,2028-02-24,2028,1,2,February,24,4,Thursday,false,8
20280225,2028-02-25,2028,1,2,February,25,5,Friday,false,8
20280226,2028-02-26,2028,1,2,February,26,6,Saturday,true,8
20280227,2028-02-27,2028,1,2,February,27,7,Sunday,true,8
20280228,2028-02-28,2028,1,2,February,28,1,Monday,false,9
20280229,2028-02-29,2028,1,2,February,29,2,Tuesday,false,9
20280301,2028-03-01,2028,1,3,March,1,3,Wednesday,false,9
20280302,2028-03-02,2028,1,3,March,2,4,Thursday,false,9
20280303,2028-03-03,2028,1,3,March,3,5,Friday,false,9
20280304,2028-03-04,2028,1,3,March,4,6,Saturday,true,9
20280305,2028-03-05,2028,1,3,March,5,7,Sunday,true,9
20280306,2028-03-06,2028,1,3,March,6,1,Monday,false,10
20280307,2028-03-07,2028,1,3,March,7,2,Tuesday,false,10
20280308,2028-03-08,2028,1,3,March,8,3,Wednesday,false,10
20280309,2028-03-09,2028,1,3,March,9,4,Thursday,false,10
20280310,2028-03-10,2028,1,3,March,10,5,Friday,false,10
20280311,2028-03-11,2028,1,3,March,11,6,Saturday,true,10
20280312,2028-03-12,2028,1,3,March,12,7,Sunday,true,10
20280313,2028-03-13,2028,1,3,March,13,1,Monday,false,11
20280314,2028-03-14,2028,1,3,March,14,2,Tuesday,false,11
20280315,2028-03-15,2028,1,3,March,15,3,Wednesday,false,11
20280316,2028-03-16,2028,1,3,March,16,4,Thursday,false,11
20280317,2028-03-17,2028,1,3,March,17,5,Friday,false,11
20280318,2028-03-18,2028,1,3,March,18,6,Saturday,true,11
20280319,2028-03-19,2028,1,3,March,19,7,Sunday,true,11
20280320,2028-03-20,2028,1,3,March,20,1,Monday,false,12
20280321,2028-03-21,2028,1,3,March,21,2,Tuesday,false,12
20280322,2028-03-22,2028,1,3,March,22,3,Wednesday,false,12
20280323,2028-03-23,2028,1,3,March,23,4,Thursday,false,12
20280324,2028-03-24,2028,1,3,March,24,5,Friday,false,12
20280325,2028-03-25,2028,1,3,March,25,6,Saturday,true,12
20280326,2028-03-26,2028,1,3,March,26,7,Sunday,true,12
20280327,2028-03-27,2028,1,3,March,27,1,Monday,false,13
20280328,2028-03-28,2028,1,3,March,28,2,Tuesday,false,13
20280329,2028-03-29,2028,1,3,March,29,3,Wednesday,false,13
20280330,2028-03-30,2028,1,3,March,30,4,Thursday,false,13
20280331,2028-03-31,2028,1,3,March,31,5,Friday,false,13
20280401,2028-04-01,2028,2,4,April,1,6,Saturday,true,13
20280402,2028-04-02,2028,2,4,April,2,7,Sunday,true,13
20280403,2028-04-03,2028,2,4,April,3,1,Monday,false,14
20280404,2028-04-04,2028,2,4,April,4,2,Tuesday,false,14
20280405,2028-04-05,2028,2,4,April,5,3,Wednesday,false,14
20280406,2028-04-06,2028,2,4,April,6,4,Thursday,false,14
20280407,2028-04-07,2028,2,4,April,7,5,Friday,false,14
20280408,2028-04-08,2028,2,4,April,8,6,Saturday,true,14
20280409,2028-04-09,2028,2,4,April,9,7,Sunday,true,14
20280410,2028-04-10,2028,2,4,April,10,1,Monday,false,15
20280411,2028-04-11,2028,2,4,April,11,2,Tuesday,false,15
20280412,2028-04-12,2028,2,4,April,12,3,Wednesday,false,15
20280413,2028-04-13,2028,2,4,April,13,4,Thursday,false,15
20280414,2028-04-14,2028,2,4,April,14,5,Friday,false,15
20280415,2028-04-15,2028,2,4,April,15,6,Saturday,true,15
20280416,2028-04-16,2028,2,4,April,16,7,Sunday,true,15
20280417,2028-04-17,2028,2,4,April,17,1,Monday,false,16
20280418,2028-04-18,2028,2,4,April,18,2,Tuesday,false,16
20280419,2028-04-19,2028,2,4,April,19,3,Wednesday,false,16
20280420,2028-04-20,2028,2,4,April,20,4,Thursday,false,16
20280421,2028-04-21,2028,2,4,April,21,5,Friday,false,16
20280422,2028-04-22,2028,2,4,April,22,6,Saturday,true,16
20280423,2028-04-23,2028,2,4,April,23,7,Sunday,true,16
20280424,2028-04-24,2028,2,4,April,24,1,Monday,false,17
20280425,2028-04-25,2028,2,4,April,25,2,Tuesday,false,17
20280426,2028-04-26,2028,2,4,April,26,3,Wednesday,false,17
20280427,2028-04-27,2028,2,4,April,27,4,Thursday,false,17
20280428,2028-04-28,2028,2,4,April,28,5,Friday,false,17
20280429,2028-04-29,2028,2,4,April,29,6,Saturday,true,17
20280430,2028-04-30,2028,2,4,April,30,7,Sunday,true,17
20280501,2028-05-01,2028,2,5,May,1,1,Monday,false,18
20280502,2028-05-02,2028,2,5,May,2,2,Tuesday,false,18
20280503,2028-05-03,2028,2,5,May,3,3,Wednesday,false,18
20280504,2028-05-04,2028,2,5,May,4,4,Thursday,false,18
20280505,2028-05-05,2028,2,5,May,5,5,Friday,false,18
20280506,2028-05-06,2028,2,5,May,6,6,Saturday,true,18
20280507,2028-05-07,2028,2,5,May,7,7,Sunday,true,18
20280508,2028-05-08,2028,2,5,May,8,1,Monday,false,19
20280509,2028-05-09,2028,2,5,May,9,2,Tuesday,false,19
20280510,2028-05-10,2028,2,5,May,10,3,Wednesday,false,19
20280511,2028-05-11,2028,2,5,May,11,4,Thursday,false,19
20280512,2028-05-12,2028,2,5,May,12,5,Friday,false,19
20280513,2028-05-13,2028,2,5,May,13,6,Saturday,true,19
20280514,2028-05-14,2028,2,5,May,14,7,Sunday,true,19
20280515,2028-05-15,2028,2,5,May,15,1,Monday,false,20
20280516,2028-05-16,2028,2,5,May,16,2,Tuesday,false,20
20280517,2028-05-17,2028,2,5,May,17,3,Wednesday,false,20
20280518,2028-05-18,2028,2,5,May,18,4,Thursday,false,20
20280519,2028-05-19,2028,2,5,May,19,5,Friday,false,20
20280520,2028-05-20,2028,2,5,May,20,6,Saturday,true,20
20280521,2028-05-21,2028,2,5,May,21,7,Sunday,true,20
20280522,2028-05-22,2028,2,5,May,22,1,Monday,false,21
20280523,2028-05-23,2028,2,5,May,23,2,Tuesday,false,21
20280524,2028-05-24,2028,2,5,May,24,3,Wednesday,false,21
20280525,2028-05-25,2028,2,5,May,25,4,Thursday,false,21
20280526,2028-05-26,2028,2,5,May,26,5,Friday,false,21
20280527,2028-05-27,2028,2,5,May,27,6,Saturday,true,21
20280528,2028-05-28,2028,2,5,May,28,7,Sunday,true,21
20280529,2028-05-29,2028,2,5,May,29,1,Monday,false,22
20280530,2028-05-30,2028,2,5,May,30,2,Tuesday,false,22
20280531,2028-05-31,2028,2,5,May,31,3,Wednesday,false,22
20280601,2028-06-01,2028,2,6,June,1,4,Thursday,false,22
20280602,2028-06-02,2028,2,6,June,2,5,Friday,false,22
20280603,2028-06-03,2028,2,6,June,3,6,Saturday,true,22
20280604,2028-06-04,2028,2,6,June,4,7,Sunday,true,22
20280605,2028-06-05,2028,2,6,June,5,1,Monday,false,23
20280606,2028-06-06,2028,2,6,June,6,2,Tuesday,false,23
20280607,2028-06-07,2028,2,6,June,7,3,Wednesday,false,23
20280608,2028-06-08,2028,2,6,June,8,4,Thursday,false,23
20280609,2028-06-09,2028,2,6,June,9,5,Friday,false,23
20280610,2028-06-10,2028,2,6,June,10,6,Saturday,true,23
20280611,2028-06-11,2028,2,6,June,11,7,Sunday,true,23
20280612,2028-06-12,2028,2,6,June,12,1,Monday,false,24
20280613,2028-06-13,2028,2,6,June,13,2,Tuesday,false,24
20280614,2028-06-14,2028,2,6,June,14,3,Wednesday,false,24
20280615,2028-06-15,2028,2,6,June,15,4,Thursday,false,24
20280616,2028-06-16,2028,2,6,June,16,5,Friday,false,24
20280617,2028-06-17,2028,2,6,June,17,6,Saturday,true,24
20280618,2028-06-18,2028,2,6,June,18,7,Sunday,true,24
20280619,2028-06-19,2028,2,6,June,19,1,Monday,false,25
20280620,2028-06-20,2028,2,6,June,20,2,Tuesday,false,25
20280621,2028-06-21,2028,2,6,June,21,3,Wednesday,false,25
20280622,2028-06-22,2028,2,6,June,22,4,Thursday,false,25
20280623,2028-06-23,2028,2,6,June,23,5,Friday,false,25
20280624,2028-06-24,2028,2,6,June,24,6,Saturday,true,25
20280625,2028-06-25,2028,2,6,June,25,7,Sunday,true,25
20280626,2028-06-26,2028,2,6,June,26,1,Monday,false,26
20280627,2028-06-27,2028,2,6,June,27,2,Tuesday,false,26
20280628,2028-06-28,2028,2,6,June,28,3,Wednesday,false,26
20280629,2028-06-29,2028,2,6,June,29,4,Thursday,false,26
20280630,2028-06-30,2028,2,6,June,30,5,Friday,false,26
20280701,2028-07-01,2028,3,7,July,1,6,Saturday,true,26
20280702,2028-07-02,2028,3,7,July,2,7,Sunday,true,26
20280703,2028-07-03,2028,3,7,July,3,1,Monday,false,27
20280704,2028-07-04,2028,3,7,July,4,2,Tuesday,false,27
20280705,2028-07-05,2028,3,7,July,5,3,Wednesday,false,27
20280706,2028-07-06,2028,3,7,July,6,4,Thursday,false,27
20280707,2028-07-07,2028,3,7,July,7,5,Friday,false,27
20280708,2028-07-08,2028,3,7,July,8,6,Saturday,true,27
20280709,2028-07-09,2028,3,7,July,9,7,Sunday,true,27
20280710,2028-07-10,2028,3,7,July,10,1,Monday,false,28
20280711,2028-07-11,2028,3,7,July,11,2,Tuesday,false,28
20280712,2028-07-12,2028,3,7,July,12,3,Wednesday,false,28
20280713,2028-07-13,2028,3,7,July,13,4,Thursday,false,28
20280714,2028-07-14,2028,3,7,July,14,5,Friday,false,28
20280715,2028-07-15,2028,3,7,July,15,6,Saturday,true,28
20280716,2028-07-16,2028,3,7,July,16,7,Sunday,true,28
20280717,2028-07-17,2028,3,7,July,17,1,Monday,false,29
20280718,2028-07-18,2028,3,7,July,18,2,Tuesday,false,29
20280719,2028-07-19,2028,3,7,July,19,3,Wednesday,false,29
20280720,2028-07-20,2028,3,7,July,20,4,Thursday,false,29
20280721,2028-07-21,2028,3,7,July,21,5,Friday,false,29
20280722,2028-07-22,2028,3,7,July,22,6,Saturday,true,29
20280723,2028-07-23,2028,3,7,July,23,7,Sunday,true,29
20280724,2028-07-24,2028,3,7,July,24,1,Monday,false,30
20280725,2028-07-25,2028,3,7,July,25,2,Tuesday,false,30
20280726,2028-07-26,2028,3,7,July,26,3,Wednesday,false,30
20280727,2028-07-27,2028,3,7,July,27,4,Thursday,false,30
20280728,2028-07-28,2028,3,7,July,28,5,Friday,false,30
20280729,2028-07-29,2028,3,7,July,29,6,Saturday,true,30
20280730,2028-07-30,2028,3,7,July,30,7,Sunday,true,30
20280731,2028-07-31,2028,3,7,July,31,1,Monday,false,31
20280801,2028-08-01,2028,3,8,August,1,2,Tuesday,false,31
20280802,2028-08-02,2028,3,8,August,2,3,Wednesday,false,31
20280803,2028-08-03,2028,3,8,August,3,4,Thursday,false,31
20280804,2028-08-04,2028,3,8,August,4,5,Friday,false,31
20280805,2028-08-05,2028,3,8,August,5,6,Saturday,true,31
20280806,2028-08-06,2028,3,8,August,6,7,Sunday,true,31
20280807,2028-08-07,2028,3,8,August,7,1,Monday,false,32
20280808,2028-08-08,2028,3,8,August,8,2,Tuesday,false,32
20280809,2028-08-09,2028,3,8,August,9,3,Wednesday,false,32
20280810,2028-08-10,2028,3,8,August,10,4,Thursday,false,32
20280811,2028-08-11,2028,3,8,August,11,5,Friday,false,32
20280812,2028-08-12,2028,3,8,August,12,6,Saturday,true,32
20280813,2028-08-13,2028,3,8,August,13,7,Sunday,true,32
20280814,2028-08-14,2028,3,8,August,14,1,Monday,false,33
20280815,2028-08-15,2028,3,8,August,15,2,Tuesday,false,33
20280816,2028-08-16,2028,3,8,August,16,3,Wednesday,false,33
20280817,2028-08-17,2028,3,8,August,17,4,Thursday,false,33
20280818,2028-08-18,2028,3,8,August,18,5,Friday,false,33
20280819,2028-08-19,2028,3,8,August,19,6,Saturday,true,33
20280820,2028-08-20,2028,3,8,August,20,7,Sunday,true,33
20280821,2028-08-21,2028,3,8,August,21,1,Monday,false,34
20280822,2028-08-22,2028,3,8,August,22,2,Tuesday,false,34
20280823,2028-08-23,2028,3,8,August,23,3,Wednesday,false,34
20280824,2028-08-24,2028,3,8,August,24,4,Thursday,false,34
20280825,2028-08-25,2028,3,8,August,25,5,Friday,false,34
20280826,2028-08-26,2028,3,8,August,26,6,Saturday,true,34
20280827,2028-08-27,2028,3,8,August,27,7,Sunday,true,34
20280828,2028-08-28,2028,3,8,August,28,1,Monday,false,35
20280829,2028-08-29,2028,3,8,August,29,2,Tuesday,false,35
20280830,2028-08-30,2028,3,8,August,30,3,Wednesday,false,35
20280831,2028-08-31,2028,3,8,August,31,4,Thursday,false,35
20280901,2028-09-01,2028,3,9,September,1,5,Friday,false,35
20280902,2028-09-02,2028,3,9,September,2,6,Saturday,true,35
20280903,2028-09-03,2028,3,9,September,3,7,Sunday,true,35
20280904,2028-09-04,2028,3,9,September,4,1,Monday,false,36
20280905,2028-09-05,2028,3,9,September,5,2,Tuesday,false,36
20280906,2028-09-06,2028,3,9,September,6,3,Wednesday,false,36
20280907,2028-09-07,2028,3,9,September,7,4,Thursday,false,36
20280908,2028-09-08,2028,3,9,September,8,5,Friday,false,36
20280909,2028-09-09,2028,3,9,September,9,6,Saturday,true,36
20280910,2028-09-10,2028,3,9,September,10,7,Sunday,true,36
20280911,2028-09-11,2028,3,9,September,11,1,Monday,false,37
20280912,2028-09-12,2028,3,9,September,12,2,Tuesday,false,37
20280913,2028-09-13,2028,3,9,September,13,3,Wednesday,false,37
20280914,2028-09-14,2028,3,9,September,14,4,Thursday,false,37
20280915,2028-09-15,2028,3,9,September,15,5,Friday,false,37
20280916,2028-09-16,2028,3,9,September,16,6,Saturday,true,37
20280917,2028-09-17,2028,3,9,September,17,7,Sunday,true,37
20280918,2028-09-18,2028,3,9,September,18,1,Monday,false,38
20280919,2028-09-19,2028,3,9,September,19,2,Tuesday,false,38
20280920,2028-09-20,2028,3,9,September,20,3,Wednesday,false,38
20280921,2028-09-21,2028,3,9,September,21,4,Thursday,false,38
20280922,2028-09-22,2028,3,9,September,22,5,Friday,false,38
20280923,2028-09-23,2028,3,9,September,23,6,Saturday,true,38
20280924,2028-09-24,2028,3,9,September,24,7,Sunday,true,38
20280925,2028-09-25,2028,3,9,September,25,1,Monday,false,39
20280926,2028-09-26,2028,3,9,September,26,2,Tuesday,false,39
20280927,2028-09-27,2028,3,9,September,27,3,Wednesday,false,39
20280928,2028-09-28,2028,3,9,September,28,4,Thursday,false,39
20280929,2028-09-29,2028,3,9,September,29,5,Friday,false,39
20280930,2028-09-30,2028,3,9,September,30,6,Saturday,true,39
20281001,2028-10-01,2028,4,10,October,1,7,Sunday,true,39
20281002,2028-10-02,2028,4,10,October,2,1,Monday,false,40
20281003,2028-10-03,2028,4,10,October,3,2,Tuesday,false,40
20281004,2028-10-04,2028,4,10,October,4,3,Wednesday,false,40
20281005,2028-10-05,2028,4,10,October,5,4,Thursday,false,40
20281006,2028-10-06,2028,4,10,October,6,5,Friday,false,40
20281007,2028-10-07,2028,4,10,October,7,6,Saturday,true,40
20281008,2028-10-08,2028,4,10,October,8,7,Sunday,true,40
20281009,2028-10-09,2028,4,10,October,9,1,Monday,false,41
20281010,2028-10-10,2028,4,10,October,10,2,Tuesday,false,41
20281011,2028-10-11,2028,4,10,October,11,3,Wednesday,false,41
20281012,2028-10-12,2028,4,10,October,12,4,Thursday,false,41
20281013,2028-10-13,2028,4,10,October,13,5,Friday,false,41
20281014,2028-10-14,2028,4,10,October,14,6,Saturday,true,41
20281015,2028-10-15,2028,4,10,October,15,7,Sunday,true,41
20281016,2028-10-16,2028,4,10,October,16,1,Monday,false,42
20281017,2028-10-17,2028,4,10,October,17,2,Tuesday,false,42
20281018,2028-10-18,2028,4,10,October,18,3,Wednesday,false,42
20281019,2028-10-19,2028,4,10,October,19,4,Thursday,false,42
20281020,2028-10-20,2028,4,10,October,20,5,Friday,false,42
20281021,2028-10-21,2028,4,10,October,21,6,Saturday,true,42
20281022,2028-10-22,2028,4,10,October,22,7,Sunday,true,42
20281023,2028-10-23,2028,4,10,October,23,1,Monday,false,43
20281024,2028-10-24,2028,4,10,October,24,2,Tuesday,false,43
20281025,2028-10-25,2028,4,10,October,25,3,Wednesday,false,43
20281026,2028-10-26,2028,4,10,October,26,4,Thursday,false,43
20281027,2028-10-27,2028,4,10,October,27,5,Friday,false,43
20281028,2028-10-28,2028,4,10,October,28,6,Saturday,true,43
20281029,2028-10-29,2028,4,10,October,29,7,Sunday,true,43
20281030,2028-10-30,2028,4,10,October,30,1,Monday,false,44
20281031,2028-10-31,2028,4,10,October,31,2,Tuesday,false,44
20281101,2028-11-01,2028,4,11,November,1,3,Wednesday,false,44
20281102,2028-11-02,2028,4,11,November,2,4,Thursday,false,44
20281103,2028-11-03,2028,4,11,November,3,5,Friday,false,44
20281104,2028-11-04,2028,4,11,November,4,6,Saturday,true,44
20281105,2028-11-05,2028,4,11,November,5,7,Sunday,true,44
20281106,2028-11-06,2028,4,11,November,6,1,Monday,false,45
20281107,2028-11-07,2028,4,11,November,7,2,Tuesday,false,45
20281108,2028-11-08,2028,4,11,November,8,3,Wednesday,false,45
20281109,2028-11-09,2028,4,11,November,9,4,Thursday,false,45
20281110,2028-11-10,2028,4,11,November,10,5,Friday,false,45
20281111,2028-11-11,2028,4,11,November,11,6,Saturday,true,45
20281112,2028-11-12,2028,4,11,November,12,7,Sunday,true,45
20281113,2028-11-13,2028,4,11,November,13,1,Monday,false,46
20281114,2028-11-14,2028,4,11,November,14,2,Tuesday,false,46
20281115,2028-11-15,2028,4,11,November,15,3,Wednesday,false,46
20281116,2028-11-16,2028,4,11,November,16,4,Thursday,false,46
20281117,2028-11-17,2028,4,11,November,17,5,Friday,false,46
20281118,2028-11-18,2028,4,11,November,18,6,Saturday,true,46
20281119,2028-11-19,2028,4,11,November,19,7,Sunday,true,46
20281120,2028-11-20,2028,4,11,November,20,1,Monday,false,47
20281121,2028-11-21,2028,4,11,November,21,2,Tuesday,false,47
20281122,2028-11-22,2028,4,11,November,22,3,Wednesday,false,47
20281123,2028-11-23,2028,4,11,November,23,4,Thursday,false,47
20281124,2028-11-24,2028,4,11,November,24,5,Friday,false,47
20281125,2028-11-25,2028,4,11,November,25,6,Saturday,true,47
20281126,2028-11-26,2028,4,11,November,26,7,Sunday,true,47
20281127,2028-11-27,2028,4,11,November,27,1,Monday,false,48
20281128,2028-11-28,2028,4,11,November,28,2,Tuesday,false,48
20281129,2028-11-29,2028,4,11,November,29,3,Wednesday,false,48
20281130,2028-11-30,2028,4,11,November,30,4,Thursday,false,48
20281201,2028-12-01,2028,4,12,December,1,5,Friday,false,48
20281202,2028-12-02,2028,4,12,December,2,6,Saturday,true,48
20281203,2028-12-03,2028,4,12,December,3,7,Sunday,true,48
20281204,2028-12-04,2028,4,12,December,4,1,Monday,false,49
20281205,2028-12-05,2028,4,12,December,5,2,Tuesday,false,49
20281206,2028-12-06,2028,4,12,December,6,3,Wednesday,false,49
20281207,2028-12-07,2028,4,12,December,7,4,Thursday,false,49
20281208,2028-12-08,2028,4,12,December,8,5,Friday,false,49
20281209,2028-12-09,2028,4,12,December,9,6,Saturday,true,49
20281210,2028-12-10,2028,4,12,December,10,7,Sunday,true,49
20281211,2028-12-11,2028,4,12,December,11,1,Monday,false,50
20281212,2028-12-12,2028,4,12,December,12,2,Tuesday,false,50
20281213,2028-12-13,2028,4,12,December,13,3,Wednesday,false,50
20281214,2028-12-14,2028,4,12,December,14,4,Thursday,false,50
20281215,2028-12-15,2028,4,12,December,15,5,Friday,false,50
20281216,2028-12-16,2028,4,12,December,16,6,Saturday,true,50
20281217,2028-12-17,2028,4,12,December,17,7,Sunday,true,50
20281218,2028-12-18,2028,4,12,December,18,1,Monday,false,51
20281219,2028-12-19,2028,4,12,December,19,2,Tuesday,false,51
20281220,2028-12-20,2028,4,12,December,20,3,Wednesday,false,51
20281221,2028-12-21,2028,4,12,December,21,4,Thursday,false,51
20281222,2028-12-22,2028,4,12,December,22,5,Friday,false,51
20281223,2028-12-23,2028,4,12,December,23,6,Saturday,true,51
20281224,2028-12-24,2028,4,12,December,24,7,Sunday,true,51
20281225,2028-12-25,2028,4,12,December,25,1,Monday,false,52
20281226,2028-12-26,2028,4,12,December,26,2,Tuesday,false,52
20281227,2028-12-27,2028,4,12,December,27,3,Wednesday,false,52
20281228,2028-12-28,2028,4,12,December,28,4,Thursday,false,52
20281229,2028-12-29,2028,4,12,December,29,5,Friday,false,52
20281230,2028-12-30,2028,4,12,December,30,6,Saturday,true,52
20281231,2028-12-31,2028,4,12,December,31,7,Sunday,true,52
20290101,2029-01-01,2029,1,1,January,1,1,Monday,false,1
20290102,2029-01-02,2029,1,1,January,2,2,Tuesday,false,1
20290103,2029-01-03,2029,1,1,January,3,3,Wednesday,false,1
20290104,2029-01-04,2029,1,1,January,4,4,Thursday,false,1
20290105,2029-01-05,2029,1,1,January,5,5,Friday,false,1
20290106,2029-01-06,2029,1,1,January,6,6,Saturday,true,1
20290107,2029-01-07,2029,1,1,January,7,7,Sunday,true,1
20290108,2029-01-08,2029,1,1,January,8,1,Monday,false,2
20290109,2029-01-09,2029,1,1,January,9,2,Tuesday,false,2
20290110,2029-01-10,2029,1,1,January,10,3,Wednesday,false,2
20290111,2029-01-11,2029,1,1,January,11,4,Thursday,false,2
20290112,2029-01-12,2029,1,1,January,12,5,Friday,false,2
20290113,2029-01-13,2029,1,1,January,13,6,Saturday,true,2
20290114,2029-01-14,2029,1,1,January,14,7,Sunday,true,2
20290115,2029-01-15,2029,1,1,January,15,1,Monday,false,3
20290116,2029-01-16,2029,1,1,January,16,2,Tuesday,false,3
20290117,2029-01-17,2029,1,1,January,17,3,Wednesday,false,3
20290118,2029-01-18,2029,1,1,January,18,4,Thursday,false,3
20290119,2029-01-19,2029,1,1,January,19,5,Friday,false,3
20290120,2029-01-20,2029,1,1,January,20,6,Saturday,true,3
20290121,2029-01-21,2029,1,1,January,21,7,Sunday,true,3
20290122,2029-01-22,2029,1,1,January,22,1,Monday,false,4
20290123,2029-01-23,2029,1,1,January,23,2,Tuesday,false,4
20290124,2029-01-24,2029,1,1,January,24,3,Wednesday,false,4
20290125,2029-01-25,2029,1,1,January,25,4,Thursday,false,4
20290126,2029-01-26,2029,1,1,January,26,5,Friday,false,4
20290127,2029-01-27,2029,1,1,January,27,6,Saturday,true,4
20290128,2029-01-28,2029,1,1,January,28,7,Sunday,true,4
20290129,2029-01-29,2029,1,1,January,29,1,Monday,false,5
20290130,2029-01-30,2029,1,1,January,30,2,Tuesday,false,5
20290131,2029-01-31,2029,1,1,January,31,3,Wednesday,false,5
20290201,2029-02-01,2029,1,2,February,1,4,Thursday,false,5
20290202,2029-02-02,2029,1,2,February,2,5,Friday,false,5
20290203,2029-02-03,2029,1,2,February,3,6,Saturday,true,5
20290204,2029-02-04,2029,1,2,February,4,7,Sunday,true,5
20290205,2029-02-05,2029,1,2,February,5,1,Monday,false,6
20290206,2029-02-06,2029,1,2,February,6,2,Tuesday,false,6
20290207,2029-02-07,2029,1,2,February,7,3,Wednesday,false,6
20290208,2029-02-08,2029,1,2,February,8,4,Thursday,false,6
20290209,2029-02-09,2029,1,2,February,9,5,Friday,false,6
20290210,2029-02-10,2029,1,2,February,10,6,Saturday,true,6
20290211,2029-02-11,2029,1,2,February,11,7,Sunday,true,6
20290212,2029-02-12,2029,1,2,February,12,1,Monday,false,7
20290213,2029-02-13,2029,1,2,February,13,2,Tuesday,false,7
20290214,2029-02-14,2029,1,2,February,14,3,Wednesday,false,7
20290215,2029-02-15,2029,1,2,February,15,4,Thursday,false,7
20290216,2029-02-16,2029,1,2,February,16,5,Friday,false,7
20290217,2029-02-17,2029,1,2,February,17,6,Saturday,true,7
20290218,2029-02-18,2029,1,2,February,18,7,Sunday,true,7
20290219,2029-02-19,2029,1,2,February,19,1,Monday,false,8
20290220,2029-02-20,2029,1,2,February,20,2,Tuesday,false,8
20290221,2029-02-21,2029,1,2,February,21,3,Wednesday,false,8
20290222,2029-02-22,2029,1,2,February,22,4,Thursday,false,8
20290223,2029-02-23,2029,1,2,February,23,5,Friday,false,8
20290224,2029-02-24,2029,1,2,February,24,6,Saturday,true,8
20290225,2029-02-25,2029,1,2,February,25,7,Sunday,true,8
20290226,2029-02-26,2029,1,2,February,26,1,Monday,false,9
20290227,2029-02-27,2029,1,2,February,27,2,Tuesday,false,9
20290228,2029-02-28,2029,1,2,February,28,3,Wednesday,false,9
20290301,2029-03-01,2029,1,3,March,1,4,Thursday,false,9
20290302,2029-03-02,2029,1,3,March,2,5,Friday,false,9
20290303,2029-03-03,2029,1,3,March,3,6,Saturday,true,9
20290304,2029-03-04,2029,1,3,March,4,7,Sunday,true,9
20290305,2029-03-05,2029,1,3,March,5,1,Monday,false,10
20290306,2029-03-06,2029,1,3,March,6,2,Tuesday,false,10
20290307,2029-03-07,2029,1,3,March,7,3,Wednesday,false,10
20290308,2029-03-08,2029,1,3,March,8,4,Thursday,false,10
20290309,2029-03-09,2029,1,3,March,9,5,Friday,false,10
20290310,2029-03-10,2029,1,3,March,10,6,Saturday,true,10
20290311,2029-03-11,2029,1,3,March,11,7,Sunday,true,10
20290312,2029-03-12,2029,1,3,March,12,1,Monday,false,11
20290313,2029-03-13,2029,1,3,March,13,2,Tuesday,false,11
20290314,2029-03-14,2029,1,3,March,14,3,Wednesday,false,11
20290315,2029-03-15,2029,1,3,March,15,4,Thursday,false,11
20290316,2029-03-16,2029,1,3,March,16,5,Friday,false,11
20290317,2029-03-17,2029,1,3,March,17,6,Saturday,true,11
20290318,2029-03-18,2029,1,3,March,18,7,Sunday,true,11
20290319,2029-03-19,2029,1,3,March,19,1,Monday,false,12
20290320,2029-03-20,2029,1,3,March,20,2,Tuesday,false,12
20290321,2029-03-21,2029,1,3,March,21,3,Wednesday,false,12
20290322,2029-03-22,2029,1,3,March,22,4,Thursday,false,12
20290323,2029-03-23,2029,1,3,March,23,5,Friday,false,12
20290324,2029-03-24,2029,1,3,March,24,6,Saturday,true,12
20290325,2029-03-25,2029,1,3,March,25,7,Sunday,true,12
20290326,2029-03-26,2029,1,3,March,26,1,Monday,false,13
20290327,2029-03-27,2029,1,3,March,27,2,Tuesday,false,13
20290328,2029-03-28,2029,1,3,March,28,3,Wednesday,false,13
20290329,2029-03-29,2029,1,3,March,29,4,Thursday,false,13
20290330,2029-03-30,2029,1,3,March,30,5,Friday,false,13
20290331,2029-03-31,2029,1,3,March,31,6,Saturday,true,13
20290401,2029-04-01,2029,2,4,April,1,7,Sunday,true,13
20290402,2029-04-02,2029,2,4,April,2,1,Monday,false,14
20290403,2029-04-03,2029,2,4,April,3,2,Tuesday,false,14
20290404,2029-04-04,2029,2,4,April,4,3,Wednesday,false,14
20290405,2029-04-05,2029,2,4,April,5,4,Thursday,false,14
20290406,2029-04-06,2029,2,4,April,6,5,Friday,false,14
20290407,2029-04-07,2029,2,4,April,7,6,Saturday,true,14
20290408,2029-04-08,2029,2,4,April,8,7,Sunday,true,14
20290409,2029-04-09,2029,2,4,April,9,1,Monday,false,15
20290410,2029-04-10,2029,2,4,April,10,2,Tuesday,false,15
20290411,2029-04-11,2029,2,4,April,11,3,Wednesday,false,15
20290412,2029-04-12,2029,2,4,April,12,4,Thursday,false,15
20290413,2029-04-13,2029,2,4,April,13,5,Friday,false,15
20290414,2029-04-14,2029,2,4,April,14,6,Saturday,true,15
20290415,2029-04-15,2029,2,4,April,15,7,Sunday,true,15
20290416,2029-04-16,2029,2,4,April,16,1,Monday,false,16
20290417,2029-04-17,2029,2,4,April,17,2,Tuesday,false,16
20290418,2029-04-18,2029,2,4,April,18,3,Wednesday,false,16
20290419,2029-04-19,2029,2,4,April,19,4,Thursday,false,16
20290420,2029-04-20,2029,2,4,April,20,5,Friday,false,16
20290421,2029-04-21,2029,2,4,April,21,6,Saturday,true,16
20290422,2029-04-22,2029,2,4,April,22,7,Sunday,true,16
20290423,2029-04-23,2029,2,4,April,23,1,Monday,false,17
20290424,2029-04-24,2029,2,4,April,24,2,Tuesday,false,17
20290425,2029-04-25,2029,2,4,April,25,3,Wednesday,false,17
20290426,2029-04-26,2029,2,4,April,26,4,Thursday,false,17
20290427,2029-04-27,2029,2,4,April,27,5,Friday,false,17
20290428,2029-04-28,2029,2,4,April,28,6,Saturday,true,17
20290429,2029-04-29,2029,2,4,April,29,7,Sunday,true,17
20290430,2029-04-30,2029,2,4,April,30,1,Monday,false,18
20290501,2029-05-01,2029,2,5,May,1,2,Tuesday,false,18
20290502,2029-05-02,2029,2,5,May,2,3,Wednesday,false,18
20290503,2029-05-03,2029,2,5,May,3,4,Thursday,false,18
20290504,2029-05-04,2029,2,5,May,4,5,Friday,false,18
20290505,2029-05-05,2029,2,5,May,5,6,Saturday,true,18
20290506,2029-05-06,2029,2,5,May,6,7,Sunday,true,18
20290507,2029-05-07,2029,2,5,May,7,1,Monday,false,19
20290508,2029-05-08,2029,2,5,May,8,2,Tuesday,false,19
20290509,2029-05-09,2029,2,5,May,9,3,Wednesday,false,19
20290510,2029-05-10,2029,2,5,May,10,4,Thursday,false,19
20290511,2029-05-11,2029,2,5,May,11,5,Friday,false,19
20290512,2029-05-12,2029,2,5,May,12,6,Saturday,true,19
20290513,2029-05-13,2029,2,5,May,13,7,Sunday,true,19
20290514,2029-05-14,2029,2,5,May,14,1,Monday,false,20
20290515,2029-05-15,2029,2,5,May,15,2,Tuesday,false,20
20290516,2029-05-16,2029,2,5,May,16,3,Wednesday,false,20
20290517,2029-05-17,2029,2,5,May,17,4,Thursday,false,20
20290518,2029-05-18,2029,2,5,May,18,5,Friday,false,20
20290519,2029-05-19,2029,2,5,May,19,6,Saturday,true,20
20290520,2029-05-20,2029,2,5,May,20,7,Sunday,true,20
20290521,2029-05-21,2029,2,5,May,21,1,Monday,false,21
20290522,2029-05-22,2029,2,5,May,22,2,Tuesday,false,21
20290523,2029-05-23,2029,2,5,May,23,3,Wednesday,false,21
20290524,2029-05-24,2029,2,5,May,24,4,Thursday,false,21
20290525,2029-05-25,2029,2,5,May,25,5,Friday,false,21
20290526,2029-05-26,2029,2,5,May,26,6,Saturday,true,21
20290527,2029-05-27,2029,2,5,May,27,7,Sunday,true,21
20290528,2029-05-28,2029,2,5,May,28,1,Monday,false,22
20290529,2029-05-29,2029,2,5,May,29,2,Tuesday,false,22
20290530,2029-05-30,2029,2,5,May,30,3,Wednesday,false,22
20290531,2029-05-31,2029,2,5,May,31,4,Thursday,false,22
20290601,2029-06-01,2029,2,6,June,1,5,Friday,false,22
20290602,2029-06-02,2029,2,6,June,2,6,Saturday,true,22
20290603,2029-06-03,2029,2,6,June,3,7,Sunday,true,22
20290604,2029-06-04,2029,2,6,June,4,1,Monday,false,23
20290605,2029-06-05,2029,2,6,June,5,2,Tuesday,false,23
20290606,2029-06-06,2029,2,6,June,6,3,Wednesday,false,23
20290607,2029-06-07,2029,2,6,June,7,4,Thursday,false,23
20290608,2029-06-08,2029,2,6,June,8,5,Friday,false,23
20290609,2029-06-09,2029,2,6,June,9,6,Saturday,true,23
20290610,2029-06-10,2029,2,6,June,10,7,Sunday,true,23
20290611,2029-06-11,2029,2,6,June,11,1,Monday,false,24
20290612,2029-06-12,2029,2,6,June,12,2,Tuesday,false,24
20290613,2029-06-13,2029,2,6,June,13,3,Wednesday,false,24
20290614,2029-06-14,2029,2,6,June,14,4,Thursday,false,24
20290615,2029-06-15,2029,2,6,June,15,5,Friday,false,24
20290616,2029-06-16,2029,2,6,June,16,6,Saturday,true,24
20290617,2029-06-17,2029,2,6,June,17,7,Sunday,true,24
20290618,2029-06-18,2029,2,6,June,18,1,Monday,false,25
20290619,2029-06-19,2029,2,6,June,19,2,Tuesday,false,25
20290620,2029-06-20,2029,2,6,June,20,3,Wednesday,false,25
20290621,2029-06-21,2029,2,6,June,21,4,Thursday,false,25
20290622,2029-06-22,2029,2,6,June,22,5,Friday,false,25
20290623,2029-06-23,2029,2,6,June,23,6,Saturday,true,25
20290624,2029-06-24,2029,2,6,June,24,7,Sunday,true,25
20290625,2029-06-25,2029,2,6,June,25,1,Monday,false,26
20290626,2029-06-26,2029,2,6,June,26,2,Tuesday,false,26
20290627,2029-06-27,2029,2,6,June,27,3,Wednesday,false,26
20290628,2029-06-28,2029,2,6,June,28,4,Thursday,false,26
20290629,2029-06-29,2029,2,6,June,29,5,Friday,false,26
20290630,2029-06-30,2029,2,6,June,30,6,Saturday,true,26
20290701,2029-07-01,2029,3,7,July,1,7,Sunday,true,26
20290702,2029-07-02,2029,3,7,July,2,1,Monday,false,27
20290703,2029-07-03,2029,3,7,July,3,2,Tuesday,false,27
20290704,2029-07-04,2029,3,7,July,4,3,Wednesday,false,27
20290705,2029-07-05,2029,3,7,July,5,4,Thursday,false,27
20290706,2029-07-06,2029,3,7,July,6,5,Friday,false,27
20290707,2029-07-07,2029,3,7,July,7,6,Saturday,true,27
20290708,2029-07-08,2029,3,7,July,8,7,Sunday,true,27
20290709,2029-07-09,2029,3,7,July,9,1,Monday,false,28
20290710,2029-07-10,2029,3,7,July,10,2,Tuesday,false,28
20290711,2029-07-11,2029,3,7,July,11,3,Wednesday,false,28
20290712,2029-07-12,2029,3,7,July,12,4,Thursday,false,28
20290713,2029-07-13,2029,3,7,July,13,5,Friday,false,28
20290714,2029-07-14,2029,3,7,July,14,6,Saturday,true,28
20290715,2029-07-15,2029,3,7,July,15,7,Sunday,true,28
20290716,2029-07-16,2029,3,7,July,16,1,Monday,false,29
20290717,2029-07-17,2029,3,7,July,17,2,Tuesday,false,29
20290718,2029-07-18,2029,3,7,July,18,3,Wednesday,false,29
20290719,2029-07-19,2029,3,7,July,19,4,Thursday,false,29
20290720,2029-07-20,2029,3,7,July,20,5,Friday,false,29
20290721,2029-07-21,2029,3,7,July,21,6,Saturday,true,29
20290722,2029-07-22,2029,3,7,July,22,7,Sunday,true,29
20290723,2029-07-23,2029,3,7,July,23,1,Monday,false,30
20290724,2029-07-24,2029,3,7,July,24,2,Tuesday,false,30
20290725,2029-07-25,2029,3,7,July,25,3,Wednesday,false,30
20290726,2029-07-26,2029,3,7,July,26,4,Thursday,false,30
20290727,2029-07-27,2029,3,7,July,27,5,Friday,false,30
20290728,2029-07-28,2029,3,7,July,28,6,Saturday,true,30
20290729,2029-07-29,2029,3,7,July,29,7,Sunday,true,30
20290730,2029-07-30,2029,3,7,July,30,1,Monday,false,31
20290731,2029-07-31,2029,3,7,July,31,2,Tuesday,false,31
20290801,2029-08-01,2029,3,8,August,1,3,Wednesday,false,31
20290802,2029-08-02,2029,3,8,August,2,4,Thursday,false,31
20290803,2029-08-03,2029,3,8,August,3,5,Friday,false,31
20290804,2029-08-04,2029,3,8,August,4,6,Saturday,true,31
20290805,2029-08-05,2029,3,8,August,5,7,Sunday,true,31
20290806,2029-08-06,2029,3,8,August,6,1,Monday,false,32
20290807,2029-08-07,2029,3,8,August,7,2,Tuesday,false,32
20290808,2029-08-08,2029,3,8,August,8,3,Wednesday,false,32
20290809,2029-08-09,2029,3,8,August,9,4,Thursday,false,32
20290810,2029-08-10,2029,3,8,August,10,5,Friday,false,32
20290811,2029-08-11,2029,3,8,August,11,6,Saturday,true,32
20290812,2029-08-12,2029,3,8,August,12,7,Sunday,true,32
20290813,2029-08-13,2029,3,8,August,13,1,Monday,false,33
20290814,2029-08-14,2029,3,8,August,14,2,Tuesday,false,33
20290815,2029-08-15,2029,3,8,August,15,3,Wednesday,false,33
20290816,2029-08-16,2029,3,8,August,16,4,Thursday,false,33
20290817,2029-08-17,2029,3,8,August,17,5,Friday,false,33
20290818,2029-08-18,2029,3,8,August,18,6,Saturday,true,33
20290819,2029-08-19,2029,3,8,August,19,7,Sunday,true,33
20290820,2029-08-20,2029,3,8,August,20,1,Monday,false,34
20290821,2029-08-21,2029,3,8,August,21,2,Tuesday,false,34
20290822,2029-08-22,2029,3,8,August,22,3,Wednesday,false,34
20290823,2029-08-23,2029,3,8,August,23,4,Thursday,false,34
20290824,2029-08-24,2029,3,8,August,24,5,Friday,false,34
20290825,2029-08-25,2029,3,8,August,25,6,Saturday,true,34
20290826,2029-08-26,2029,3,8,August,26,7,Sunday,true,34
20290827,2029-08-27,2029,3,8,August,27,1,Monday,false,35
20290828,2029-08-28,2029,3,8,August,28,2,Tuesday,false,35
20290829,2029-08-29,2029,3,8,August,29,3,Wednesday,false,35
20290830,2029-08-30,2029,3,8,August,30,4,Thursday,false,35
20290831,2029-08-31,2029,3,8,August,31,5,Friday,false,35
20290901,2029-09-01,2029,3,9,September,1,6,Saturday,true,35
20290902,2029-09-02,2029,3,9,September,2,7,Sunday,true,35
20290903,2029-09-03,2029,3,9,September,3,1,Monday,false,36
20290904,2029-09-04,2029,3,9,September,4,2,Tuesday,false,36
20290905,2029-09-05,2029,3,9,September,5,3,Wednesday,false,36
20290906,2029-09-06,2029,3,9,September,6,4,Thursday,false,36
20290907,2029-09-07,2029,3,9,September,7,5,Friday,false,36
20290908,2029-09-08,2029,3,9,September,8,6,Saturday,true,36
20290909,2029-09-09,2029,3,9,September,9,7,Sunday,true,36
20290910,2029-09-10,2029,3,9,September,10,1,Monday,false,37
20290911,2029-09-11,2029,3,9,September,11,2,Tuesday,false,37
20290912,2029-09-12,2029,3,9,September,12,3,Wednesday,false,37
20290913,2029-09-13,2029,3,9,September,13,4,Thursday,false,37
20290914,2029-09-14,2029,3,9,September,14,5,Friday,false,37
20290915,2029-09-15,2029,3,9,September,15,6,Saturday,true,37
20290916,2029-09-16,2029,3,9,September,16,7,Sunday,true,37
20290917,2029-09-17,2029,3,9,September,17,1,Monday,false,38
20290918,2029-09-18,2029,3,9,September,18,2,Tuesday,false,38
20290919,2029-09-19,2029,3,9,September,19,3,Wednesday,false,38
20290920,2029-09-20,2029,3,9,September,20,4,Thursday,false,38
20290921,2029-09-21,2029,3,9,September,21,5,Friday,false,38
20290922,2029-09-22,2029,3,9,September,22,6,Saturday,true,38
20290923,2029-09-23,2029,3,9,September,23,7,Sunday,true,38
20290924,2029-09-24,2029,3,9,September,24,1,Monday,false,39
20290925,2029-09-25,2029,3,9,September,25,2,Tuesday,false,39
20290926,2029-09-26,2029,3,9,September,26,3,Wednesday,false,39
20290927,2029-09-27,2029,3,9,September,27,4,Thursday,false,39
20290928,2029-09-28,2029,3,9,September,28,5,Friday,false,39
20290929,2029-09-29,2029,3,9,September,29,6,Saturday,true,39
20290930,2029-09-30,2029,3,9,September,30,7,Sunday,true,39
20291001,2029-10-01,2029,4,10,October,1,1,Monday,false,40
20291002,2029-10-02,2029,4,10,October,2,2,Tuesday,false,40
20291003,2029-10-03,2029,4,10,October,3,3,Wednesday,false,40
20291004,2029-10-04,2029,4,10,October,4,4,Thursday,false,40
20291005,2029-10-05,2029,4,10,October,5,5,Friday,false,40
20291006,2029-10-06,2029,4,10,October,6,6,Saturday,true,40
20291007,2029-10-07,2029,4,10,October,7,7,Sunday,true,40
20291008,2029-10-08,2029,4,10,October,8,1,Monday,false,41
20291009,2029-10-09,2029,4,10,October,9,2,Tuesday,false,41
20291010,2029-10-10,2029,4,10,October,10,3,Wednesday,false,41
20291011,2029-10-11,2029,4,10,October,11,4,Thursday,false,41
20291012,2029-10-12,2029,4,10,October,12,5,Friday,false,41
20291013,2029-10-13,2029,4,10,October,13,6,Saturday,true,41
20291014,2029-10-14,2029,4,10,October,14,7,Sunday,true,41
20291015,2029-10-15,2029,4,10,October,15,1,Monday,false,42
20291016,2029-10-16,2029,4,10,October,16,2,Tuesday,false,42
20291017,2029-10-17,2029,4,10,October,17,3,Wednesday,false,42
20291018,2029-10-18,2029,4,10,October,18,4,Thursday,false,42
20291019,2029-10-19,2029,4,10,October,19,5,Friday,false,42
20291020,2029-10-20,2029,4,10,October,20,6,Saturday,true,42
20291021,2029-10-21,2029,4,10,October,21,7,Sunday,true,42
20291022,2029-10-22,2029,4,10,October,22,1,Monday,false,43
20291023,2029-10-23,2029,4,10,October,23,2,Tuesday,false,43
20291024,2029-10-24,2029,4,10,October,24,3,Wednesday,false,43
20291025,2029-10-25,2029,4,10,October,25,4,Thursday,false,43
20291026,2029-10-26,2029,4,10,October,26,5,Friday,false,43
20291027,2029-10-27,2029,4,10,October,27,6,Saturday,true,43
20291028,2029-10-28,2029,4,10,October,28,7,Sunday,true,43
20291029,2029-10-29,2029,4,10,October,29,1,Monday,false,44
20291030,2029-10-30,2029,4,10,October,30,2,Tuesday,false,44
20291031,2029-10-31,2029,4,10,October,31,3,Wednesday,false,44
20291101,2029-11-01,2029,4,11,November,1,4,Thursday,false,44
20291102,2029-11-02,2029,4,11,November,2,5,Friday,false,44
20291103,2029-11-03,2029,4,11,November,3,6,Saturday,true,44
20291104,2029-11-04,2029,4,11,November,4,7,Sunday,true,44
20291105,2029-11-05,2029,4,11,November,5,1,Monday,false,45
20291106,2029-11-06,2029,4,11,November,6,2,Tuesday,false,45
20291107,2029-11-07,2029,4,11,November,7,3,Wednesday,false,45
20291108,2029-11-08,2029,4,11,November,8,4,Thursday,false,45
20291109,2029-11-09,2029,4,11,November,9,5,Friday,false,45
20291110,2029-11-10,2029,4,11,November,10,6,Saturday,true,45
20291111,2029-11-11,2029,4,11,November,11,7,Sunday,true,45
20291112,2029-11-12,2029,4,11,November,12,1,Monday,false,46
20291113,2029-11-13,2029,4,11,November,13,2,Tuesday,false,46
20291114,2029-11-14,2029,4,11,November,14,3,Wednesday,false,46
20291115,2029-11-15,2029,4,11,November,15,4,Thursday,false,46
20291116,2029-11-16,2029,4,11,November,16,5,Friday,false,46
20291117,2029-11-17,2029,4,11,November,17,6,Saturday,true,46
20291118,2029-11-18,2029,4,11,November,18,7,Sunday,true,46
20291119,2029-11-19,2029,4,11,November,19,1,Monday,false,47
20291120,2029-11-20,2029,4,11,November,20,2,Tuesday,false,47
20291121,2029-11-21,2029,4,11,November,21,3,Wednesday,false,47
20291122,2029-11-22,2029,4,11,November,22,4,Thursday,false,47
20291123,2029-11-23,2029,4,11,November,23,5,Friday,false,47
20291124,2029-11-24,2029,4,11,November,24,6,Saturday,true,47
20291125,2029-11-25,2029,4,11,November,25,7,Sunday,true,47
20291126,2029-11-26,2029,4,11,November,26,1,Monday,false,48
20291127,2029-11-27,2029,4,11,November,27,2,Tuesday,false,48
20291128,2029-11-28,2029,4,11,November,28,3,Wednesday,false,48
20291129,2029-11-29,2029,4,11,November,29,4,Thursday,false,48
20291130,2029-11-30,2029,4,11,November,30,5,Friday,false,48
20291201,2029-12-01,2029,4,12,December,1,6,Saturday,true,48
20291202,2029-12-02,2029,4,12,December,2,7,Sunday,true,48
20291203,2029-12-03,2029,4,12,December,3,1,Monday,false,49
20291204,2029-12-04,2029,4,12,December,4,2,Tuesday,false,49
20291205,2029-12-05,2029,4,12,December,5,3,Wednesday,false,49
20291206,2029-12-06,2029,4,12,December,6,4,Thursday,false,49
20291207,2029-12-07,2029,4,12,December,7,5,Friday,false,49
20291208,2029-12-08,2029,4,12,December,8,6,Saturday,true,49
20291209,2029-12-09,2029,4,12,December,9,7,Sunday,true,49
20291210,2029-12-10,2029,4,12,December,10,1,Monday,false,50
20291211,2029-12-11,2029,4,12,December,11,2,Tuesday,false,50
20291212,2029-12-12,2029,4,12,December,12,3,Wednesday,false,50
20291213,2029-12-13,2029,4,12,December,13,4,Thursday,false,50
20291214,2029-12-14,2029,4,12,December,14,5,Friday,false,50
20291215,2029-12-15,2029,4,12,December,15,6,Saturday,true,50
20291216,2029-12-16,2029,4,12,December,16,7,Sunday,true,50
20291217,2029-12-17,2029,4,12,December,17,1,Monday,false,51
20291218,2029-12-18,2029,4,12,December,18,2,Tuesday,false,51
20291219,2029-12-19,2029,4,12,December,19,3,Wednesday,false,51
20291220,2029-12-20,2029,4,12,December,20,4,Thursday,false,51
20291221,2029-12-21,2029,4,12,December,21,5,Friday,false,51
20291222,2029-12-22,2029,4,12,December,22,6,Saturday,true,51
20291223,2029-12-23,2029,4,12,December,23,7,Sunday,true,51
20291224,2029-12-24,2029,4,12,December,24,1,Monday,false,52
20291225,2029-12-25,2029,4,12,December,25,2,Tuesday,false,52
20291226,2029-12-26,2029,4,12,December,26,3,Wednesday,false,52
20291227,2029-12-27,2029,4,12,December,27,4,Thursday,false,52
20291228,2029-12-28,2029,4,12,December,28,5,Friday,false,52
20291229,2029-12-29,2029,4,12,December,29,6,Saturday,true,52
20291230,2029-12-30,2029,4,12,December,30,7,Sunday,true,52
20291231,2029-12-31,2029,4,12,December,31,1,Monday,false,1
20300101,2030-01-01,2030,1,1,January,1,2,Tuesday,false,1
20300102,2030-01-02,2030,1,1,January,2,3,Wednesday,false,1
20300103,2030-01-03,2030,1,1,January,3,4,Thursday,false,1
20300104,2030-01-04,2030,1,1,January,4,5,Friday,false,1
20300105,2030-01-05,2030,1,1,January,5,6,Saturday,true,1
20300106,2030-01-06,2030,1,1,January,6,7,Sunday,true,1
20300107,2030-01-07,2030,1,1,January,7,1,Monday,false,2
20300108,2030-01-08,2030,1,1,January,8,2,Tuesday,false,2
20300109,2030-01-09,2030,1,1,January,9,3,Wednesday,false,2
20300110,2030-01-10,2030,1,1,January,10,4,Thursday,false,2
20300111,2030-01-11,2030,1,1,January,11,5,Friday,false,2
20300112,2030-01-12,2030,1,1,January,12,6,Saturday,true,2
20300113,2030-01-13,2030,1,1,January,13,7,Sunday,true,2
20300114,2030-01-14,2030,1,1,January,14,1,Monday,false,3
20300115,2030-01-15,2030,1,1,January,15,2,Tuesday,false,3
20300116,2030-01-16,2030,1,1,January,16,3,Wednesday,false,3
20300117,2030-01-17,2030,1,1,January,17,4,Thursday,false,3
20300118,2030-01-18,2030,1,1,January,18,5,Friday,false,3
20300119,2030-01-19,2030,1,1,January,19,6,Saturday,true,3
20300120,2030-01-20,2030,1,1,January,20,7,Sunday,true,3
20300121,2030-01-21,2030,1,1,January,21,1,Monday,false,4
20300122,2030-01-22,2030,1,1,January,22,2,Tuesday,false,4
20300123,2030-01-23,2030,1,1,January,23,3,Wednesday,false,4
20300124,2030-01-24,2030,1,1,January,24,4,Thursday,false,4
20300125,2030-01-25,2030,1,1,January,25,5,Friday,false,4
20300126,2030-01-26,2030,1,1,January,26,6,Saturday,true,4
20300127,2030-01-27,2030,1,1,January,27,7,Sunday,true,4
20300128,2030-01-28,2030,1,1,January,28,1,Monday,false,5
20300129,2030-01-29,2030,1,1,January,29,2,Tuesday,false,5
20300130,2030-01-30,2030,1,1,January,30,3,Wednesday,false,5
20300131,2030-01-31,2030,1,1,January,31,4,Thursday,false,5
20300201,2030-02-01,2030,1,2,February,1,5,Friday,false,5
20300202,2030-02-02,2030,1,2,February,2,6,Saturday,true,5
20300203,2030-02-03,2030,1,2,February,3,7,Sunday,true,5
20300204,2030-02-04,2030,1,2,February,4,1,Monday,false,6
20300205,2030-02-05,2030,1,2,February,5,2,Tuesday,false,6
20300206,2030-02-06,2030,1,2,February,6,3,Wednesday,false,6
20300207,2030-02-07,2030,1,2,February,7,4,Thursday,false,6
20300208,2030-02-08,2030,1,2,February,8,5,Friday,false,6
20300209,2030-02-09,2030,1,2,February,9,6,Saturday,true,6
20300210,2030-02-10,2030,1,2,February,10,7,Sunday,true,6
20300211,2030-02-11,2030,1,2,February,11,1,Monday,false,7
20300212,2030-02-12,2030,1,2,February,12,2,Tuesday,false,7
20300213,2030-02-13,2030,1,2,February,13,3,Wednesday,false,7
20300214,2030-02-14,2030,1,2,February,14,4,Thursday,false,7
20300215,2030-02-15,2030,1,2,February,15,5,Friday,false,7
20300216,2030-02-16,2030,1,2,February,16,6,Saturday,true,7
20300217,2030-02-17,2030,1,2,February,17,7,Sunday,true,7
20300218,2030-02-18,2030,1,2,February,18,1,Monday,false,8
20300219,2030-02-19,2030,1,2,February,19,2,Tuesday,false,8
20300220,2030-02-20,2030,1,2,February,20,3,Wednesday,false,8
20300221,2030-02-21,2030,1,2,February,21,4,Thursday,false,8
20300222,2030-02-22,2030,1,2,February,22,5,Friday,false,8
20300223,2030-02-23,2030,1,2,February,23,6,Saturday,true,8
20300224,2030-02-24,2030,1,2,February,24,7,Sunday,true,8
20300225,2030-02-25,2030,1,2,February,25,1,Monday,false,9
20300226,2030-02-26,2030,1,2,February,26,2,Tuesday,false,9
20300227,2030-02-27,2030,1,2,February,27,3,Wednesday,false,9
20300228,2030-02-28,2030,1,2,February,28,4,Thursday,false,9
20300301,2030-03-01,2030,1,3,March,1,5,Friday,false,9
20300302,2030-03-02,2030,1,3,March,2,6,Saturday,true,9
20300303,2030-03-03,2030,1,3,March,3,7,Sunday,true,9
20300304,2030-03-04,2030,1,3,March,4,1,Monday,false,10
20300305,2030-03-05,2030,1,3,March,5,2,Tuesday,false,10
20300306,2030-03-06,2030,1,3,March,6,3,Wednesday,false,10
20300307,2030-03-07,2030,1,3,March,7,4,Thursday,false,10
20300308,2030-03-08,2030,1,3,March,8,5,Friday,false,10
20300309,2030-03-09,2030,1,3,March,9,6,Saturday,true,10
20300310,2030-03-10,2030,1,3,March,10,7,Sunday,true,10
20300311,2030-03-11,2030,1,3,March,11,1,Monday,false,11
20300312,2030-03-12,2030,1,3,March,12,2,Tuesday,false,11
20300313,2030-03-13,2030,1,3,March,13,3,Wednesday,false,11
20300314,2030-03-14,2030,1,3,March,14,4,Thursday,false,11
20300315,2030-03-15,2030,1,3,March,15,5,Friday,false,11
20300316,2030-03-16,2030,1,3,March,16,6,Saturday,true,11
20300317,2030-03-17,2030,1,3,March,17,7,Sunday,true,11
20300318,2030-03-18,2030,1,3,March,18,1,Monday,false,12
20300319,2030-03-19,2030,1,3,March,19,2,Tuesday,false,12
20300320,2030-03-20,2030,1,3,March,20,3,Wednesday,false,12
20300321,2030-03-21,2030,1,3,March,21,4,Thursday,false,12
20300322,2030-03-22,2030,1,3,March,22,5,Friday,false,12
20300323,2030-03-23,2030,1,3,March,23,6,Saturday,true,12
20300324,2030-03-24,2030,1,3,March,24,7,Sunday,true,12
20300325,2030-03-25,2030,1,3,March,25,1,Monday,false,13
20300326,2030-03-26,2030,1,3,March,26,2,Tuesday,false,13
20300327,2030-03-27,2030,1,3,March,27,3,Wednesday,false,13
20300328,2030-03-28,2030,1,3,March,28,4,Thursday,false,13
20300329,2030-03-29,2030,1,3,March,29,5,Friday,false,13
20300330,2030-03-30,2030,1,3,March,30,6,Saturday,true,13
20300331,2030-03-31,2030,1,3,March,31,7,Sunday,true,13
20300401,2030-04-01,2030,2,4,April,1,1,Monday,false,14
20300402,2030-04-02,2030,2,4,April,2,2,Tuesday,false,14
20300403,2030-04-03,2030,2,4,April,3,3,Wednesday,false,14
20300404,2030-04-04,2030,2,4,April,4,4,Thursday,false,14
20300405,2030-04-05,2030,2,4,April,5,5,Friday,false,14
20300406,2030-04-06,2030,2,4,April,6,6,Saturday,true,14
20300407,2030-04-07,2030,2,4,April,7,7,Sunday,true,14
20300408,2030-04-08,2030,2,4,April,8,1,Monday,false,15
20300409,2030-04-09,2030,2,4,April,9,2,Tuesday,false,15
20300410,2030-04-10,2030,2,4,April,10,3,Wednesday,false,15
20300411,2030-04-11,2030,2,4,April,11,4,Thursday,false,15
20300412,2030-04-12,2030,2,4,April,12,5,Friday,false,15
20300413,2030-04-13,2030,2,4,April,13,6,Saturday,true,15
20300414,2030-04-14,2030,2,4,April,14,7,Sunday,true,15
20300415,2030-04-15,2030,2,4,April,15,1,Monday,false,16
20300416,2030-04-16,2030,2,4,April,16,2,Tuesday,false,16
20300417,2030-04-17,2030,2,4,April,17,3,Wednesday,false,16
20300418,2030-04-18,2030,2,4,April,18,4,Thursday,false,16
20300419,2030-04-19,2030,2,4,April,19,5,Friday,false,16
20300420,2030-04-20,2030,2,4,April,20,6,Saturday,true,16
20300421,2030-04-21,2030,2,4,April,21,7,Sunday,true,16
20300422,2030-04-22,2030,2,4,April,22,1,Monday,false,17
20300423,2030-04-23,2030,2,4,April,23,2,Tuesday,false,17
20300424,2030-04-24,2030,2,4,April,24,3,Wednesday,false,17
20300425,2030-04-25,2030,2,4,April,25,4,Thursday,false,17
20300426,2030-04-26,2030,2,4,April,26,5,Friday,false,17
20300427,2030-04-27,2030,2,4,April,27,6,Saturday,true,17
20300428,2030-04-28,2030,2,4,April,28,7,Sunday,true,17
20300429,2030-04-29,2030,2,4,April,29,1,Monday,false,18
20300430,2030-04-30,2030,2,4,April,30,2,Tuesday,false,18
20300501,2030-05-01,2030,2,5,May,1,3,Wednesday,false,18
20300502,2030-05-02,2030,2,5,May,2,4,Thursday,false,18
20300503,2030-05-03,2030,2,5,May,3,5,Friday,false,18
20300504,2030-05-04,2030,2,5,May,4,6,Saturday,true,18
20300505,2030-05-05,2030,2,5,May,5,7,Sunday,true,18
20300506,2030-05-06,2030,2,5,May,6,1,Monday,false,19
20300507,2030-05-07,2030,2,5,May,7,2,Tuesday,false,19
20300508,2030-05-08,2030,2,5,May,8,3,Wednesday,false,19
20300509,2030-05-09,2030,2,5,May,9,4,Thursday,false,19
20300510,2030-05-10,2030,2,5,May,10,5,Friday,false,19
20300511,2030-05-11,2030,2,5,May,11,6,Saturday,true,19
20300512,2030-05-12,2030,2,5,May,12,7,Sunday,true,19
20300513,2030-05-13,2030,2,5,May,13,1,Monday,false,20
20300514,2030-05-14,2030,2,5,May,14,2,Tuesday,false,20
20300515,2030-05-15,2030,2,5,May,15,3,Wednesday,false,20
20300516,2030-05-16,2030,2,5,May,16,4,Thursday,false,20
20300517,2030-05-17,2030,2,5,May,17,5,Friday,false,20
20300518,2030-05-18,2030,2,5,May,18,6,Saturday,true,20
20300519,2030-05-19,2030,2,5,May,19,7,Sunday,true,20
20300520,2030-05-20,2030,2,5,May,20,1,Monday,false,21
20300521,2030-05-21,2030,2,5,May,21,2,Tuesday,false,21
20300522,2030-05-22,2030,2,5,May,22,3,Wednesday,false,21
20300523,2030-05-23,2030,2,5,May,23,4,Thursday,false,21
20300524,2030-05-24,2030,2,5,May,24,5,Friday,false,21
20300525,2030-05-25,2030,2,5,May,25,6,Saturday,true,21
20300526,2030-05-26,2030,2,5,May,26,7,Sunday,true,21
20300527,2030-05-27,2030,2,5,May,27,1,Monday,false,22
20300528,2030-05-28,2030,2,5,May,28,2,Tuesday,false,22
20300529,2030-05-29,2030,2,5,May,29,3,Wednesday,false,22
20300530,2030-05-30,2030,2,5,May,30,4,Thursday,false,22
20300531,2030-05-31,2030,2,5,May,31,5,Friday,false,22
20300601,2030-06-01,2030,2,6,June,1,6,Saturday,true,22
20300602,2030-06-02,2030,2,6,June,2,7,Sunday,true,22
20300603,2030-06-03,2030,2,6,June,3,1,Monday,false,23
20300604,2030-06-04,2030,2,6,June,4,2,Tuesday,false,23
20300605,2030-06-05,2030,2,6,June,5,3,Wednesday,false,23
20300606,2030-06-06,2030,2,6,June,6,4,Thursday,false,23
20300607,2030-06-07,2030,2,6,June,7,5,Friday,false,23
20300608,2030-06-08,2030,2,6,June,8,6,Saturday,true,23
20300609,2030-06-09,2030,2,6,June,9,7,Sunday,true,23
20300610,2030-06-10,2030,2,6,June,10,1,Monday,false,24
20300611,2030-06-11,2030,2,6,June,11,2,Tuesday,false,24
20300612,2030-06-12,2030,2,6,June,12,3,Wednesday,false,24
20300613,2030-06-13,2030,2,6,June,13,4,Thursday,false,24
20300614,2030-06-14,2030,2,6,June,14,5,Friday,false,24
20300615,2030-06-15,2030,2,6,June,15,6,Saturday,true,24
20300616,2030-06-16,2030,2,6,June,16,7,Sunday,true,24
20300617,2030-06-17,2030,2,6,June,17,1,Monday,false,25
20300618,2030-06-18,2030,2,6,June,18,2,Tuesday,false,25
20300619,2030-06-19,2030,2,6,June,19,3,Wednesday,false,25
20300620,2030-06-20,2030,2,6,June,20,4,Thursday,false,25
20300621,2030-06-21,2030,2,6,June,21,5,Friday,false,25
20300622,2030-06-22,2030,2,6,June,22,6,Saturday,true,25
20300623,2030-06-23,2030,2,6,June,23,7,Sunday,true,25
20300624,2030-06-24,2030,2,6,June,24,1,Monday,false,26
20300625,2030-06-25,2030,2,6,June,25,2,Tuesday,false,26
20300626,2030-06-26,2030,2,6,June,26,3,Wednesday,false,26
20300627,2030-06-27,2030,2,6,June,27,4,Thursday,false,26
20300628,2030-06-28,2030,2,6,June,28,5,Friday,false,26
20300629,2030-06-29,2030,2,6,June,29,6,Saturday,true,26
20300630,2030-06-30,2030,2,6,June,30,7,Sunday,true,26
20300701,2030-07-01,2030,3,7,July,1,1,Monday,false,27
20300702,2030-07-02,2030,3,7,July,2,2,Tuesday,false,27
20300703,2030-07-03,2030,3,7,July,3,3,Wednesday,false,27
20300704,2030-07-04,2030,3,7,July,4,4,Thursday,false,27
20300705,2030-07-05,2030,3,7,July,5,5,Friday,false,27
20300706,2030-07-06,2030,3,7,July,6,6,Saturday,true,27
20300707,2030-07-07,2030,3,7,July,7,7,Sunday,true,27
20300708,2030-07-08,2030,3,7,July,8,1,Monday,false,28
20300709,2030-07-09,2030,3,7,July,9,2,Tuesday,false,28
20300710,2030-07-10,2030,3,7,July,10,3,Wednesday,false,28
20300711,2030-07-11,2030,3,7,July,11,4,Thursday,false,28
20300712,2030-07-12,2030,3,7,July,12,5,Friday,false,28
20300713,2030-07-13,2030,3,7,July,13,6,Saturday,true,28
20300714,2030-07-14,2030,3,7,July,14,7,Sunday,true,28
20300715,2030-07-15,2030,3,7,July,15,1,Monday,false,29
20300716,2030-07-16,2030,3,7,July,16,2,Tuesday,false,29
20300717,2030-07-17,2030,3,7,July,17,3,Wednesday,false,29
20300718,2030-07-18,2030,3,7,July,18,4,Thursday,false,29
20300719,2030-07-19,2030,3,7,July,19,5,Friday,false,29
20300720,2030-07-20,2030,3,7,July,20,6,Saturday,true,29
20300721,2030-07-21,2030,3,7,July,21,7,Sunday,true,29
20300722,2030-07-22,2030,3,7,July,22,1,Monday,false,30
20300723,2030-07-23,2030,3,7,July,23,2,Tuesday,false,30
20300724,2030-07-24,2030,3,7,July,24,3,Wednesday,false,30
20300725,2030-07-25,2030,3,7,July,25,4,Thursday,false,30
20300726,2030-07-26,2030,3,7,July,26,5,Friday,false,30
20300727,2030-07-27,2030,3,7,July,27,6,Saturday,true,30
20300728,2030-07-28,2030,3,7,July,28,7,Sunday,true,30
20300729,2030-07-29,2030,3,7,July,29,1,Monday,false,31
20300730,2030-07-30,2030,3,7,July,30,2,Tuesday,false,31
20300731,2030-07-31,2030,3,7,July,31,3,Wednesday,false,31
20300801,2030-08-01,2030,3,8,August,1,4,Thursday,false,31
20300802,2030-08-02,2030,3,8,August,2,5,Friday,false,31
20300803,2030-08-03,2030,3,8,August,3,6,Saturday,true,31
20300804,2030-08-04,2030,3,8,August,4,7,Sunday,true,31
20300805,2030-08-05,2030,3,8,August,5,1,Monday,false,32
20300806,2030-08-06,2030,3,8,August,6,2,Tuesday,false,32
20300807,2030-08-07,2030,3,8,August,7,3,Wednesday,false,32
20300808,2030-08-08,2030,3,8,August,8,4,Thursday,false,32
20300809,2030-08-09,2030,3,8,August,9,5,Friday,false,32
20300810,2030-08-10,2030,3,8,August,10,6,Saturday,true,32
20300811,2030-08-11,2030,3,8,August,11,7,Sunday,true,32
20300812,2030-08-12,2030,3,8,August,12,1,Monday,false,33
20300813,2030-08-13,2030,3,8,August,13,2,Tuesday,false,33
20300814,2030-08-14,2030,3,8,August,14,3,Wednesday,false,33
20300815,2030-08-15,2030,3,8,August,15,4,Thursday,false,33
20300816,2030-08-16,2030,3,8,August,16,5,Friday,false,33
20300817,2030-08-17,2030,3,8,August,17,6,Saturday,true,33
20300818,2030-08-18,2030,3,8,August,18,7,Sunday,true,33
20300819,2030-08-19,2030,3,8,August,19,1,Monday,false,34
20300820,2030-08-20,2030,3,8,August,20,2,Tuesday,false,34
20300821,2030-08-21,2030,3,8,August,21,3,Wednesday,false,34
20300822,2030-08-22,2030,3,8,August,22,4,Thursday,false,34
20300823,2030-08-23,2030,3,8,August,23,5,Friday,false,34
20300824,2030-08-24,2030,3,8,August,24,6,Saturday,true,34
20300825,2030-08-25,2030,3,8,August,25,7,Sunday,true,34
20300826,2030-08-26,2030,3,8,August,26,1,Monday,false,35
20300827,2030-08-27,2030,3,8,August,27,2,Tuesday,false,35
20300828,2030-08-28,2030,3,8,August,28,3,Wednesday,false,35
20300829,2030-08-29,2030,3,8,August,29,4,Thursday,false,35
20300830,2030-08-30,2030,3,8,August,30,5,Friday,false,35
20300831,2030-08-31,2030,3,8,August,31,6,Saturday,true,35
20300901,2030-09-01,2030,3,9,September,1,7,Sunday,true,35
20300902,2030-09-02,2030,3,9,September,2,1,Monday,false,36
20300903,2030-09-03,2030,3,9,September,3,2,Tuesday,false,36
20300904,2030-09-04,2030,3,9,September,4,3,Wednesday,false,36
20300905,2030-09-05,2030,3,9,September,5,4,Thursday,false,36
20300906,2030-09-06,2030,3,9,September,6,5,Friday,false,36
20300907,2030-09-07,2030,3,9,September,7,6,Saturday,true,36
20300908,2030-09-08,2030,3,9,September,8,7,Sunday,true,36
20300909,2030-09-09,2030,3,9,September,9,1,Monday,false,37
20300910,2030-09-10,2030,3,9,September,10,2,Tuesday,false,37
20300911,2030-09-11,2030,3,9,September,11,3,Wednesday,false,37
20300912,2030-09-12,2030,3,9,September,12,4,Thursday,false,37
20300913,2030-09-13,2030,3,9,September,13,5,Friday,false,37
20300914,2030-09-14,2030,3,9,September,14,6,Saturday,true,37
20300915,2030-09-15,2030,3,9,September,15,7,Sunday,true,37
20300916,2030-09-16,2030,3,9,September,16,1,Monday,false,38
20300917,2030-09-17,2030,3,9,September,17,2,Tuesday,false,38
20300918,2030-09-18,2030,3,9,September,18,3,Wednesday,false,38
20300919,2030-09-19,2030,3,9,September,19,4,Thursday,false,38
20300920,2030-09-20,2030,3,9,September,20,5,Friday,false,38
20300921,2030-09-21,2030,3,9,September,21,6,Saturday,true,38
20300922,2030-09-22,2030,3,9,September,22,7,Sunday,true,38
20300923,2030-09-23,2030,3,9,September,23,1,Monday,false,39
20300924,2030-09-24,2030,3,9,September,24,2,Tuesday,false,39
20300925,2030-09-25,2030,3,9,September,25,3,Wednesday,false,39
20300926,2030-09-26,2030,3,9,September,26,4,Thursday,false,39
20300927,2030-09-27,2030,3,9,September,27,5,Friday,false,39
20300928,2030-09-28,2030,3,9,September,28,6,Saturday,true,39
20300929,2030-09-29,2030,3,9,September,29,7,Sunday,true,39
20300930,2030-09-30,2030,3,9,September,30,1,Monday,false,40
20301001,2030-10-01,2030,4,10,October,1,2,Tuesday,false,40
20301002,2030-10-02,2030,4,10,October,2,3,Wednesday,false,40
20301003,2030-10-03,2030,4,10,October,3,4,Thursday,false,40
20301004,2030-10-04,2030,4,10,October,4,5,Friday,false,40
20301005,2030-10-05,2030,4,10,October,5,6,Saturday,true,40
20301006,2030-10-06,2030,4,10,October,6,7,Sunday,true,40
20301007,2030-10-07,2030,4,10,October,7,1,Monday,false,41
20301008,2030-10-08,2030,4,10,October,8,2,Tuesday,false,41
20301009,2030-10-09,2030,4,10,October,9,3,Wednesday,false,41
20301010,2030-10-10,2030,4,10,October,10,4,Thursday,false,41
20301011,2030-10-11,2030,4,10,October,11,5,Friday,false,41
20301012,2030-10-12,2030,4,10,October,12,6,Saturday,true,41
20301013,2030-10-13,2030,4,10,October,13,7,Sunday,true,41
20301014,2030-10-14,2030,4,10,October,14,1,Monday,false,42
20301015,2030-10-15,2030,4,10,October,15,2,Tuesday,false,42
20301016,2030-10-16,2030,4,10,October,16,3,Wednesday,false,42
20301017,2030-10-17,2030,4,10,October,17,4,Thursday,false,42
20301018,2030-10-18,2030,4,10,October,18,5,Friday,false,42
20301019,2030-10-19,2030,4,10,October,19,6,Saturday,true,42
20301020,2030-10-20,2030,4,10,October,20,7,Sunday,true,42
20301021,2030-10-21,2030,4,10,October,21,1,Monday,false,43
20301022,2030-10-22,2030,4,10,October,22,2,Tuesday,false,43
20301023,2030-10-23,2030,4,10,October,23,3,Wednesday,false,43
20301024,2030-10-24,2030,4,10,October,24,4,Thursday,false,43
20301025,2030-10-25,2030,4,10,October,25,5,Friday,false,43
20301026,2030-10-26,2030,4,10,October,26,6,Saturday,true,43
20301027,2030-10-27,2030,4,10,October,27,7,Sunday,true,43
20301028,2030-10-28,2030,4,10,October,28,1,Monday,false,44
20301029,2030-10-29,2030,4,10,October,29,2,Tuesday,false,44
20301030,2030-10-30,2030,4,10,October,30,3,Wednesday,false,44
20301031,2030-10-31,2030,4,10,October,31,4,Thursday,false,44
20301101,2030-11-01,2030,4,11,November,1,5,Friday,false,44
20301102,2030-11-02,2030,4,11,November,2,6,Saturday,true,44
20301103,2030-11-03,2030,4,11,November,3,7,Sunday,true,44
20301104,2030-11-04,2030,4,11,November,4,1,Monday,false,45
20301105,2030-11-05,2030,4,11,November,5,2,Tuesday,false,45
20301106,2030-11-06,2030,4,11,November,6,3,Wednesday,false,45
20301107,2030-11-07,2030,4,11,November,7,4,Thursday,false,45
20301108,2030-11-08,2030,4,11,November,8,5,Friday,false,45
20301109,2030-11-09,2030,4,11,November,9,6,Saturday,true,45
20301110,2030-11-10,2030,4,11,November,10,7,Sunday,true,45
20301111,2030-11-11,2030,4,11,November,11,1,Monday,false,46
20301112,2030-11-12,2030,4,11,November,12,2,Tuesday,false,46
20301113,2030-11-13,2030,4,11,November,13,3,Wednesday,false,46
20301114,2030-11-14,2030,4,11,November,14,4,Thursday,false,46
20301115,2030-11-15,2030,4,11,November,15,5,Friday,false,46
20301116,2030-11-16,2030,4,11,November,16,6,Saturday,true,46
20301117,2030-11-17,2030,4,11,November,17,7,Sunday,true,46
20301118,2030-11-18,2030,4,11,November,18,1,Monday,false,47
20301119,2030-11-19,2030,4,11,November,19,2,Tuesday,false,47
20301120,2030-11-20,2030,4,11,November,20,3,Wednesday,false,47
20301121,2030-11-21,2030,4,11,November,21,4,Thursday,false,47
20301122,2030-11-22,2030,4,11,November,22,5,Friday,false,47
20301123,2030-11-23,2030,4,11,November,23,6,Saturday,true,47
20301124,2030-11-24,2030,4,11,November,24,7,Sunday,true,47
20301125,2030-11-25,2030,4,11,November,25,1,Monday,false,48
20301126,2030-11-26,2030,4,11,November,26,2,Tuesday,false,48
20301127,2030-11-27,2030,4,11,November,27,3,Wednesday,false,48
20301128,2030-11-28,2030,4,11,November,28,4,Thursday,false,48
20301129,2030-11-29,2030,4,11,November,29,5,Friday,false,48
20301130,2030-11-30,2030,4,11,November,30,6,Saturday,true,48
20301201,2030-12-01,2030,4,12,December,1,7,Sunday,true,48
20301202,2030-12-02,2030,4,12,December,2,1,Monday,false,49
20301203,2030-12-03,2030,4,12,December,3,2,Tuesday,false,49
20301204,2030-12-04,2030,4,12,December,4,3,Wednesday,false,49
20301205,2030-12-05,2030,4,12,December,5,4,Thursday,false,49
20301206,2030-12-06,2030,4,12,December,6,5,Friday,false,49
20301207,2030-12-07,2030,4,12,December,7,6,Saturday,true,49
20301208,2030-12-08,2030,4,12,December,8,7,Sunday,true,49
20301209,2030-12-09,2030,4,12,December,9,1,Monday,false,50
20301210,2030-12-10,2030,4,12,December,10,2,Tuesday,false,50
20301211,2030-12-11,2030,4,12,December,11,3,Wednesday,false,50
20301212,2030-12-12,2030,4,12,December,12,4,Thursday,false,50
20301213,2030-12-13,2030,4,12,December,13,5,Friday,false,50
20301214,2030-12-14,2030,4,12,December,14,6,Saturday,true,50
20301215,2030-12-15,2030,4,12,December,15,7,Sunday,true,50
20301216,2030-12-16,2030,4,12,December,16,1,Monday,false,51
20301217,2030-12-17,2030,4,12,December,17,2,Tuesday,false,51
20301218,2030-12-18,2030,4,12,December,18,3,Wednesday,false,51
20301219,2030-12-19,2030,4,12,December,19,4,Thursday,false,51
20301220,2030-12-20,2030,4,12,December,20,5,Friday,false,51
20301221,2030-12-21,2030,4,12,December,21,6,Saturday,true,51
20301222,2030-12-22,2030,4,12,December,22,7,Sunday,true,51
20301223,2030-12-23,2030,4,12,December,23,1,Monday,false,52
20301224,2030-12-24,2030,4,12,December,24,2,Tuesday,false,52
20301225,2030-12-25,2030,4,12,December,25,3,Wednesday,false,52
20301226,2030-12-26,2030,4,12,December,26,4,Thursday,false,52
20301227,2030-12-27,2030,4,12,December,27,5,Friday,false,52
20301228,2030-12-28,2030,4,12,December,28,6,Saturday,true,52
20301229,2030-12-29,2030,4,12,December,29,7,Sunday,true,52
20301230,2030-12-30,2030,4,12,December,30,1,Monday,false,1
20301231,2030-12-31,2030,4,12,December,31,2,Tuesday,false,1
